kafka_compose                   | ===> User
kafka_compose                   | uid=1000(appuser) gid=1000(appuser) groups=1000(appuser)
kafka_compose                   | ===> Setting default values of environment variables if not already set.
kafka_compose                   | ===> Configuring ...
kafka_compose                   | Running in KRaft mode...
kafka_compose                   | ===> Launching ... 
kafka_compose                   | ===> Using provided cluster id 4L6g3nShT-eMCtK--X86sw ...
kafka_compose                   | [2026-09-25 22:05:57,827] INFO Registered `kafka:type=kafka.Log4jController` MBean (kafka.utils.Log4jControllerRegistration$)
task-planner-1                  | 
task-planner-1                  |   .   ____          _            __ _ _
task-planner-1                  |  /\\ / ___'_ __ _ _(_)_ __  __ _ \ \ \ \
task-planner-1                  | ( ( )\___ | '_ | '_| | '_ \/ _` | \ \ \ \
frontend-1                      | /docker-entrypoint.sh: /docker-entrypoint.d/ is not empty, will attempt to perform configuration
summarization-service-1         | 
kafka_compose                   | [2026-09-25 22:05:58,409] INFO Registered signal handlers for TERM, INT, HUP (org.apache.kafka.common.utils.LoggingSignalHandler)
kafka_compose                   | [2026-09-25 22:05:58,415] INFO [ControllerServer id=1] Starting controller (kafka.server.ControllerServer)
kafka_compose                   | [2026-09-25 22:05:59,040] INFO Updated connection-accept-rate max connection creation rate to 2147483647 (kafka.network.ConnectionQuotas)
task-planner-1                  |  \\/  ___)| |_)| | | | | || (_| |  ) ) ) )
scheduler-1                     | 
frontend-1                      | /docker-entrypoint.sh: Looking for shell scripts in /docker-entrypoint.d/
summarization-service-1         |   .   ____          _            __ _ _
email-sender-1                  | 
summarization-service-1         |  /\\ / ___'_ __ _ _(_)_ __  __ _ \ \ \ \
summarization-service-1         | ( ( )\___ | '_ | '_| | '_ \/ _` | \ \ \ \
summarization-service-1         |  \\/  ___)| |_)| | | | | || (_| |  ) ) ) )
summarization-service-1         |   '  |____| .__|_| |_|_| |_\__, | / / / /
summarization-service-1         |  =========|_|==============|___/=/_/_/_/
summarization-service-1         | 
summarization-service-1         |  :: Spring Boot ::                (v4.1.1)
summarization-service-1         | 
task-planner-1                  |   '  |____| .__|_| |_|_| |_\__, | / / / /
task-planner-1                  |  =========|_|==============|___/=/_/_/_/
task-planner-1                  | 
task-planner-1                  |  :: Spring Boot ::                (v4.1.1)
task-planner-1                  | 
tasks_planner_postgres_compose  | 
summarization-service-1         | 2026-09-25T22:06:37.828Z  INFO 1 --- [           main] t.s.SummarizationServiceApplication      : Starting SummarizationServiceApplication v0.0.1-SNAPSHOT using Java 21.0.12 with PID 1 (/app/app.jar started by root in /app)
summarization-service-1         | 2026-09-25T22:06:37.885Z  INFO 1 --- [           main] t.s.SummarizationServiceApplication      : No active profile set, falling back to 1 default profile: "default"
frontend-1                      | /docker-entrypoint.sh: Launching /docker-entrypoint.d/10-listen-on-ipv6-by-default.sh
frontend-1                      | 10-listen-on-ipv6-by-default.sh: info: Getting the checksum of /etc/nginx/conf.d/default.conf
frontend-1                      | 10-listen-on-ipv6-by-default.sh: info: /etc/nginx/conf.d/default.conf differs from the packaged version
frontend-1                      | /docker-entrypoint.sh: Sourcing /docker-entrypoint.d/15-local-resolvers.envsh
frontend-1                      | /docker-entrypoint.sh: Launching /docker-entrypoint.d/20-envsubst-on-templates.sh
scheduler-1                     |   .   ____          _            __ _ _
summarization-service-1         | 2026-09-25T22:06:47.779Z  INFO 1 --- [           main] o.a.kafka.common.config.AbstractConfig   : AdminClientConfig values: 
summarization-service-1         | 	bootstrap.controllers = []
summarization-service-1         | 	bootstrap.servers = [kafka:9092]
summarization-service-1         | 	client.dns.lookup = use_all_dns_ips
summarization-service-1         | 	client.id = 
tasks_planner_postgres_compose  | PostgreSQL Database directory appears to contain a database; Skipping initialization
scheduler-1                     |  /\\ / ___'_ __ _ _(_)_ __  __ _ \ \ \ \
email-sender-1                  |   .   ____          _            __ _ _
task-planner-1                  | 2026-09-25T22:05:54.248Z  INFO 1 --- [           main] tasksplanner.TasksPlannerApplication     : Starting TasksPlannerApplication v0.0.1-SNAPSHOT using Java 21.0.12 with PID 1 (/app/app.jar started by root in /app)
task-planner-1                  | 2026-09-25T22:05:54.260Z  INFO 1 --- [           main] tasksplanner.TasksPlannerApplication     : No active profile set, falling back to 1 default profile: "default"
task-planner-1                  | 2026-09-25T22:05:58.792Z  INFO 1 --- [           main] .s.d.r.c.RepositoryConfigurationDelegate : Bootstrapping Spring Data JPA repositories in DEFAULT mode.
task-planner-1                  | 2026-09-25T22:05:59.089Z  INFO 1 --- [           main] .s.d.r.c.RepositoryConfigurationDelegate : Finished Spring Data repository scanning in 246 ms. Found 2 JPA repository interfaces.
task-planner-1                  | 2026-09-25T22:06:02.457Z  INFO 1 --- [           main] o.s.boot.tomcat.TomcatWebServer          : Tomcat initialized with port 8080 (http)
task-planner-1                  | 2026-09-25T22:06:02.491Z  INFO 1 --- [           main] o.apache.catalina.core.StandardService   : Starting service [Tomcat]
task-planner-1                  | 2026-09-25T22:06:02.492Z  INFO 1 --- [           main] o.apache.catalina.core.StandardEngine    : Starting Servlet engine: [Apache Tomcat/11.0.24]
task-planner-1                  | 2026-09-25T22:06:02.548Z  INFO 1 --- [           main] b.w.c.s.WebApplicationContextInitializer : Root WebApplicationContext: initialization completed in 8105 ms
email-sender-1                  |  /\\ / ___'_ __ _ _(_)_ __  __ _ \ \ \ \
email-sender-1                  | ( ( )\___ | '_ | '_| | '_ \/ _` | \ \ \ \
email-sender-1                  |  \\/  ___)| |_)| | | | | || (_| |  ) ) ) )
tasks_planner_postgres_compose  | 
task-planner-1                  | 2026-09-25T22:06:03.537Z  INFO 1 --- [           main] com.zaxxer.hikari.HikariDataSource       : HikariPool-1 - Starting...
task-planner-1                  | 2026-09-25T22:06:04.229Z  INFO 1 --- [           main] com.zaxxer.hikari.pool.HikariPool        : HikariPool-1 - Added connection org.postgresql.jdbc.PgConnection@69e2fe3b
kafka_compose                   | [2026-09-25 22:05:59,178] INFO [SocketServer listenerType=CONTROLLER, nodeId=1] Created data-plane acceptor and processors for endpoint : ListenerName(CONTROLLER) (kafka.network.SocketServer)
kafka_compose                   | [2026-09-25 22:05:59,197] INFO authorizerStart completed for endpoint CONTROLLER. Endpoint is now READY. (org.apache.kafka.server.network.EndpointReadyFutures)
kafka_compose                   | [2026-09-25 22:05:59,201] INFO [SharedServer id=1] Starting SharedServer (kafka.server.SharedServer)
kafka_compose                   | [2026-09-25 22:05:59,335] INFO [LogLoader partition=__cluster_metadata-0, dir=/tmp/kafka-logs] Loading producer state till offset 0 (org.apache.kafka.storage.internals.log.UnifiedLog)
kafka_compose                   | [2026-09-25 22:05:59,337] INFO [LogLoader partition=__cluster_metadata-0, dir=/tmp/kafka-logs] Reloading from producer snapshot and rebuilding producer state from offset 0 (org.apache.kafka.storage.internals.log.UnifiedLog)
kafka_compose                   | [2026-09-25 22:05:59,338] INFO [LogLoader partition=__cluster_metadata-0, dir=/tmp/kafka-logs] Producer state recovery took 0ms for snapshot load and 0ms for segment recovery from offset 0 (org.apache.kafka.storage.internals.log.UnifiedLog)
task-planner-1                  | 2026-09-25T22:06:04.236Z  INFO 1 --- [           main] com.zaxxer.hikari.HikariDataSource       : HikariPool-1 - Start completed.
frontend-1                      | /docker-entrypoint.sh: Launching /docker-entrypoint.d/30-tune-worker-processes.sh
email-sender-1                  |   '  |____| .__|_| |_|_| |_\__, | / / / /
email-sender-1                  |  =========|_|==============|___/=/_/_/_/
email-sender-1                  | 
email-sender-1                  |  :: Spring Boot ::                (v4.1.1)
tasks_planner_postgres_compose  | 2026-09-25 22:05:50.176 UTC [1] LOG:  starting PostgreSQL 15.18 on x86_64-pc-linux-musl, compiled by gcc (Alpine 15.2.0) 15.2.0, 64-bit
tasks_planner_postgres_compose  | 2026-09-25 22:05:50.177 UTC [1] LOG:  listening on IPv4 address "0.0.0.0", port 5432
tasks_planner_postgres_compose  | 2026-09-25 22:05:50.177 UTC [1] LOG:  listening on IPv6 address "::", port 5432
tasks_planner_postgres_compose  | 2026-09-25 22:05:50.195 UTC [1] LOG:  listening on Unix socket "/var/run/postgresql/.s.PGSQL.5432"
tasks_planner_postgres_compose  | 2026-09-25 22:05:50.224 UTC [29] LOG:  database system was shut down at 2026-09-25 22:05:14 UTC
tasks_planner_postgres_compose  | 2026-09-25 22:05:50.243 UTC [1] LOG:  database system is ready to accept connections
summarization-service-1         | 	config.providers = []
summarization-service-1         | 	connections.max.idle.ms = 300000
summarization-service-1         | 	default.api.timeout.ms = 60000
summarization-service-1         | 	enable.metrics.push = false
summarization-service-1         | 	metadata.max.age.ms = 300000
summarization-service-1         | 	metadata.recovery.rebootstrap.trigger.ms = 300000
kafka_compose                   | [2026-09-25 22:05:59,383] INFO [RaftLog partition=__cluster_metadata-0] Initialized snapshots with IDs [] from /tmp/kafka-logs/__cluster_metadata-0 (org.apache.kafka.raft.internals.KafkaRaftLog)
frontend-1                      | /docker-entrypoint.sh: Configuration complete; ready for start up
frontend-1                      | 2026/09/25 22:05:50 [notice] 1#1: using the "epoll" event method
scheduler-1                     | ( ( )\___ | '_ | '_| | '_ \/ _` | \ \ \ \
scheduler-1                     |  \\/  ___)| |_)| | | | | || (_| |  ) ) ) )
scheduler-1                     |   '  |____| .__|_| |_|_| |_\__, | / / / /
scheduler-1                     |  =========|_|==============|___/=/_/_/_/
scheduler-1                     | 
scheduler-1                     |  :: Spring Boot ::                (v4.1.1)
scheduler-1                     | 
scheduler-1                     | 2026-09-25T22:06:37.976Z  INFO 1 --- [           main] t.scheduler.SchedulerApplication         : Starting SchedulerApplication v0.0.1-SNAPSHOT using Java 21.0.12 with PID 1 (/app/app.jar started by root in /app)
email-sender-1                  | 
email-sender-1                  | 2026-09-25T22:06:37.143Z  INFO 1 --- [           main] t.emailsender.EmailSenderApplication     : Starting EmailSenderApplication v0.0.1-SNAPSHOT using Java 21.0.12 with PID 1 (/app/app.jar started by root in /app)
frontend-1                      | 2026/09/25 22:05:50 [notice] 1#1: nginx/1.31.6
frontend-1                      | 2026/09/25 22:05:50 [notice] 1#1: built by gcc 15.2.0 (Alpine 15.2.0) 
frontend-1                      | 2026/09/25 22:05:50 [notice] 1#1: OS: Linux 6.18.33.2-microsoft-standard-WSL2
frontend-1                      | 2026/09/25 22:05:50 [notice] 1#1: getrlimit(RLIMIT_NOFILE): 1048576:1048576
frontend-1                      | 2026/09/25 22:05:50 [notice] 1#1: start worker processes
frontend-1                      | 2026/09/25 22:05:50 [notice] 1#1: start worker process 29
frontend-1                      | 2026/09/25 22:05:50 [notice] 1#1: start worker process 30
task-planner-1                  | 2026-09-25T22:06:04.299Z  INFO 1 --- [           main] org.flywaydb.core.FlywayExecutor         : Database: jdbc:postgresql://db:5432/tasks_planner_db (PostgreSQL 15.18)
task-planner-1                  | 2026-09-25T22:06:04.638Z  INFO 1 --- [           main] o.f.core.internal.command.DbValidate     : Successfully validated 4 migrations (execution time 00:00.128s)
task-planner-1                  | 2026-09-25T22:06:04.717Z  INFO 1 --- [           main] o.f.core.internal.command.DbMigrate      : Current version of schema "public": 2026.09.18.01
task-planner-1                  | 2026-09-25T22:06:04.728Z  INFO 1 --- [           main] o.f.core.internal.command.DbMigrate      : Schema "public" is up to date. No migration necessary.
task-planner-1                  | 2026-09-25T22:06:05.171Z  INFO 1 --- [           main] org.hibernate.orm.jpa                    : HHH008540: Processing PersistenceUnitInfo [name: default]
task-planner-1                  | 2026-09-25T22:06:05.562Z  INFO 1 --- [           main] org.hibernate.orm.core                   : HHH000001: Hibernate ORM core version 7.4.5.Final
task-planner-1                  | 2026-09-25T22:06:08.422Z  INFO 1 --- [           main] o.s.o.j.p.SpringPersistenceUnitInfo      : No LoadTimeWeaver setup: ignoring JPA class transformer
task-planner-1                  | 2026-09-25T22:06:08.734Z  INFO 1 --- [           main] org.hibernate.orm.connections.pooling    : HHH10001005: Database info:
task-planner-1                  | 	Database JDBC URL [jdbc:postgresql://db:5432/tasks_planner_db]
task-planner-1                  | 	Database driver: PostgreSQL JDBC Driver
frontend-1                      | 2026/09/25 22:05:50 [notice] 1#1: start worker process 31
frontend-1                      | 2026/09/25 22:05:50 [notice] 1#1: start worker process 32
frontend-1                      | 2026/09/25 22:05:50 [notice] 1#1: start worker process 33
summarization-service-1         | 	metadata.recovery.strategy = rebootstrap
summarization-service-1         | 	metric.reporters = [org.apache.kafka.common.metrics.JmxReporter]
summarization-service-1         | 	metrics.num.samples = 2
summarization-service-1         | 	metrics.recording.level = INFO
scheduler-1                     | 2026-09-25T22:06:38.053Z  INFO 1 --- [           main] t.scheduler.SchedulerApplication         : No active profile set, falling back to 1 default profile: "default"
kafka_compose                   | [2026-09-25 22:05:59,410] INFO [raft-expiration-reaper]: Starting (org.apache.kafka.raft.TimingWheelExpirationService$ExpiredOperationReaper)
scheduler-1                     | 2026-09-25T22:06:48.710Z  INFO 1 --- [           main] o.a.kafka.common.config.AbstractConfig   : ConsumerConfig values: 
scheduler-1                     | 	allow.auto.create.topics = true
scheduler-1                     | 	auto.commit.interval.ms = 5000
scheduler-1                     | 	auto.offset.reset = latest
summarization-service-1         | 	metrics.sample.window.ms = 30000
summarization-service-1         | 	receive.buffer.bytes = 65536
summarization-service-1         | 	reconnect.backoff.max.ms = 1000
summarization-service-1         | 	reconnect.backoff.ms = 50
summarization-service-1         | 	request.timeout.ms = 30000
summarization-service-1         | 	retries = 2147483647
summarization-service-1         | 	retry.backoff.max.ms = 1000
summarization-service-1         | 	retry.backoff.ms = 100
summarization-service-1         | 	sasl.client.callback.handler.class = null
summarization-service-1         | 	sasl.jaas.config = null
summarization-service-1         | 	sasl.kerberos.kinit.cmd = /usr/bin/kinit
summarization-service-1         | 	sasl.kerberos.min.time.before.relogin = 60000
summarization-service-1         | 	sasl.kerberos.service.name = null
kafka_compose                   | [2026-09-25 22:05:59,426] INFO [RaftManager id=1] Reading KRaft snapshot and log as part of the initialization (org.apache.kafka.raft.KafkaRaftClient)
kafka_compose                   | [2026-09-25 22:05:59,430] INFO [RaftManager id=1] Starting voters are VoterSet(voters={1=VoterNode(voterKey=ReplicaKey(id=1, directoryId=<undefined>), listeners=Endpoints(endpoints={ListenerName(CONTROLLER)=kafka/<unresolved>:29093}), supportedKRaftVersion=SupportedVersionRange[min_version:0, max_version:0])}) (org.apache.kafka.raft.KafkaRaftClient)
frontend-1                      | 2026/09/25 22:05:50 [notice] 1#1: start worker process 34
frontend-1                      | 2026/09/25 22:05:50 [notice] 1#1: start worker process 35
frontend-1                      | 2026/09/25 22:05:50 [notice] 1#1: start worker process 36
scheduler-1                     | 	bootstrap.servers = [kafka:9092]
scheduler-1                     | 	check.crcs = true
scheduler-1                     | 	client.dns.lookup = use_all_dns_ips
email-sender-1                  | 2026-09-25T22:06:37.187Z  INFO 1 --- [           main] t.emailsender.EmailSenderApplication     : No active profile set, falling back to 1 default profile: "default"
task-planner-1                  | 	Database dialect: PostgreSQLDialect
task-planner-1                  | 	Database version: 15.18
email-sender-1                  | 2026-09-25T22:06:45.353Z  INFO 1 --- [           main] o.a.kafka.common.config.AbstractConfig   : AdminClientConfig values: 
email-sender-1                  | 	bootstrap.controllers = []
email-sender-1                  | 	bootstrap.servers = [kafka:9092]
task-planner-1                  | 	Default catalog/schema: tasks_planner_db/public
task-planner-1                  | 	Autocommit mode: undefined/unknown
task-planner-1                  | 	Isolation level: READ_COMMITTED [default READ_COMMITTED]
kafka_compose                   | [2026-09-25 22:05:59,452] INFO [RaftManager id=1] Starting request manager with static voters: [kafka:29093 (id: 1 rack: null isFenced: false)] (org.apache.kafka.raft.KafkaRaftClient)
kafka_compose                   | [2026-09-25 22:05:59,458] INFO [RaftManager id=1] Attempting durable transition to UnattachedState(epoch=0, leaderId=OptionalInt.empty, votedKey=Optional.empty, voters=[1], electionTimeoutMs=1302, highWatermark=Optional.empty) from null (org.apache.kafka.raft.QuorumState)
summarization-service-1         | 	sasl.kerberos.ticket.renew.jitter = 0.05
task-planner-1                  | 	JDBC fetch size: none
task-planner-1                  | 	Pool: DataSourceConnectionProvider
task-planner-1                  | 	Minimum pool size: undefined/unknown
task-planner-1                  | 	Maximum pool size: undefined/unknown
task-planner-1                  | 2026-09-25T22:06:11.783Z  INFO 1 --- [           main] org.hibernate.orm.core                   : HHH000489: No JTA platform available (set 'hibernate.transaction.jta.platform' to enable JTA platform integration)
task-planner-1                  | 2026-09-25T22:06:11.892Z  INFO 1 --- [           main] j.LocalContainerEntityManagerFactoryBean : Initialized JPA EntityManagerFactory for persistence unit 'default'
task-planner-1                  | 2026-09-25T22:06:12.114Z  INFO 1 --- [           main] o.s.d.j.r.query.QueryEnhancerFactories   : Hibernate is in classpath; If applicable, HQL parser will be used.
task-planner-1                  | 2026-09-25T22:06:15.886Z  WARN 1 --- [           main] JpaBaseConfiguration$JpaWebConfiguration : spring.jpa.open-in-view is enabled by default. Therefore, database queries may be performed during view rendering. Explicitly configure spring.jpa.open-in-view to disable this warning
summarization-service-1         | 	sasl.kerberos.ticket.renew.window.factor = 0.8
summarization-service-1         | 	sasl.login.callback.handler.class = null
summarization-service-1         | 	sasl.login.class = null
scheduler-1                     | 	client.id = consumer-scheduler-service-group-1
scheduler-1                     | 	client.rack = 
kafka_compose                   | [2026-09-25 22:05:59,495] INFO [RaftManager id=1] Completed transition to UnattachedState(epoch=0, leaderId=OptionalInt.empty, votedKey=Optional.empty, voters=[1], electionTimeoutMs=1302, highWatermark=Optional.empty) from null (org.apache.kafka.raft.QuorumState)
kafka_compose                   | [2026-09-25 22:05:59,516] INFO [RaftManager id=1] Completed transition to ProspectiveState(epoch=0, leaderId=OptionalInt.empty, votedKey=Optional.empty, epochElection=EpochElection[voterStates={1=VoterState(replicaKey=ReplicaKey(id=1, directoryId=<undefined>), state=GRANTED)}], electionTimeoutMs=1068, highWatermark=Optional.empty) from UnattachedState(epoch=0, leaderId=OptionalInt.empty, votedKey=Optional.empty, voters=[1], electionTimeoutMs=1302, highWatermark=Optional.empty) (org.apache.kafka.raft.QuorumState)
email-sender-1                  | 	client.dns.lookup = use_all_dns_ips
email-sender-1                  | 	client.id = 
email-sender-1                  | 	config.providers = []
email-sender-1                  | 	connections.max.idle.ms = 300000
summarization-service-1         | 	sasl.login.connect.timeout.ms = null
summarization-service-1         | 	sasl.login.read.timeout.ms = null
summarization-service-1         | 	sasl.login.refresh.buffer.seconds = 300
summarization-service-1         | 	sasl.login.refresh.min.period.seconds = 60
email-sender-1                  | 	default.api.timeout.ms = 60000
email-sender-1                  | 	enable.metrics.push = false
email-sender-1                  | 	metadata.max.age.ms = 300000
summarization-service-1         | 	sasl.login.refresh.window.factor = 0.8
summarization-service-1         | 	sasl.login.refresh.window.jitter = 0.05
summarization-service-1         | 	sasl.login.retry.backoff.max.ms = 10000
summarization-service-1         | 	sasl.login.retry.backoff.ms = 100
summarization-service-1         | 	sasl.mechanism = GSSAPI
kafka_compose                   | [2026-09-25 22:05:59,520] INFO [RaftManager id=1] Attempting durable transition to CandidateState(localId=1, localDirectoryId=Mpwa5kVZyA7Jx7d_lmnzJQ, epoch=1, epochElection=EpochElection[voterStates={1=VoterState(replicaKey=ReplicaKey(id=1, directoryId=<undefined>), state=GRANTED)}], highWatermark=Optional.empty, electionTimeoutMs=1870) from ProspectiveState(epoch=0, leaderId=OptionalInt.empty, votedKey=Optional.empty, epochElection=EpochElection[voterStates={1=VoterState(replicaKey=ReplicaKey(id=1, directoryId=<undefined>), state=GRANTED)}], electionTimeoutMs=1068, highWatermark=Optional.empty) (org.apache.kafka.raft.QuorumState)
kafka_compose                   | [2026-09-25 22:05:59,560] INFO [RaftManager id=1] Completed transition to CandidateState(localId=1, localDirectoryId=Mpwa5kVZyA7Jx7d_lmnzJQ, epoch=1, epochElection=EpochElection[voterStates={1=VoterState(replicaKey=ReplicaKey(id=1, directoryId=<undefined>), state=GRANTED)}], highWatermark=Optional.empty, electionTimeoutMs=1870) from ProspectiveState(epoch=0, leaderId=OptionalInt.empty, votedKey=Optional.empty, epochElection=EpochElection[voterStates={1=VoterState(replicaKey=ReplicaKey(id=1, directoryId=<undefined>), state=GRANTED)}], electionTimeoutMs=1068, highWatermark=Optional.empty) (org.apache.kafka.raft.QuorumState)
kafka_compose                   | [2026-09-25 22:05:59,577] INFO [RaftManager id=1] Attempting durable transition to Leader(localVoterNode=VoterNode(voterKey=ReplicaKey(id=1, directoryId=Mpwa5kVZyA7Jx7d_lmnzJQ), listeners=Endpoints(endpoints={ListenerName(CONTROLLER)=kafka/<unresolved>:29093}), supportedKRaftVersion=SupportedVersionRange[min_version:0, max_version:1]), epoch=1, epochStartOffset=0, highWatermark=Optional.empty, voterStates={1=ReplicaState(replicaKey=ReplicaKey(id=1, directoryId=<undefined>), endOffset=Optional.empty, lastFetchTimestamp=-1, lastCaughtUpTimestamp=-1, hasAcknowledgedLeader=true)}) from CandidateState(localId=1, localDirectoryId=Mpwa5kVZyA7Jx7d_lmnzJQ, epoch=1, epochElection=EpochElection[voterStates={1=VoterState(replicaKey=ReplicaKey(id=1, directoryId=<undefined>), state=GRANTED)}], highWatermark=Optional.empty, electionTimeoutMs=1870) (org.apache.kafka.raft.QuorumState)
kafka_compose                   | [2026-09-25 22:05:59,599] INFO [RaftManager id=1] Completed transition to Leader(localVoterNode=VoterNode(voterKey=ReplicaKey(id=1, directoryId=Mpwa5kVZyA7Jx7d_lmnzJQ), listeners=Endpoints(endpoints={ListenerName(CONTROLLER)=kafka/<unresolved>:29093}), supportedKRaftVersion=SupportedVersionRange[min_version:0, max_version:1]), epoch=1, epochStartOffset=0, highWatermark=Optional.empty, voterStates={1=ReplicaState(replicaKey=ReplicaKey(id=1, directoryId=<undefined>), endOffset=Optional.empty, lastFetchTimestamp=-1, lastCaughtUpTimestamp=-1, hasAcknowledgedLeader=true)}) from CandidateState(localId=1, localDirectoryId=Mpwa5kVZyA7Jx7d_lmnzJQ, epoch=1, epochElection=EpochElection[voterStates={1=VoterState(replicaKey=ReplicaKey(id=1, directoryId=<undefined>), state=GRANTED)}], highWatermark=Optional.empty, electionTimeoutMs=1870) (org.apache.kafka.raft.QuorumState)
kafka_compose                   | [2026-09-25 22:05:59,680] INFO [kafka-1-raft-io-thread]: Starting (org.apache.kafka.raft.KafkaRaftClientDriver)
kafka_compose                   | [2026-09-25 22:05:59,680] INFO [kafka-1-raft-outbound-request-thread]: Starting (org.apache.kafka.raft.KafkaNetworkChannel$SendThread)
scheduler-1                     | 	config.providers = []
scheduler-1                     | 	connections.max.idle.ms = 540000
scheduler-1                     | 	default.api.timeout.ms = 60000
email-sender-1                  | 	metadata.recovery.rebootstrap.trigger.ms = 300000
task-planner-1                  | 2026-09-25T22:06:16.005Z  INFO 1 --- [           main] r$InitializeUserDetailsManagerConfigurer : Global AuthenticationManager configured with UserDetailsService bean with name userDetailsServiceForTaskPlanner
task-planner-1                  | 2026-09-25T22:06:20.771Z  INFO 1 --- [           main] o.s.boot.tomcat.TomcatWebServer          : Tomcat started on port 8080 (http) with context path '/'
task-planner-1                  | 2026-09-25T22:06:20.836Z  INFO 1 --- [           main] tasksplanner.TasksPlannerApplication     : Started TasksPlannerApplication in 29.01 seconds (process running for 31.016)
summarization-service-1         | 	sasl.oauthbearer.assertion.algorithm = RS256
task-planner-1                  | 2026-09-25T22:06:20.845Z  WARN 1 --- [           main] o.s.core.events.SpringDocAppInitializer  : SpringDoc /v3/api-docs endpoint is enabled by default. To disable it in production, set the property 'springdoc.api-docs.enabled=false'
task-planner-1                  | 2026-09-25T22:06:20.846Z  WARN 1 --- [           main] o.s.core.events.SpringDocAppInitializer  : SpringDoc /swagger-ui.html endpoint is enabled by default. To disable it in production, set the property 'springdoc.swagger-ui.enabled=false'
kafka_compose                   | [2026-09-25 22:05:59,732] INFO [MetadataLoader id=1] initializeNewPublishers: The loader is still catching up because we have loaded up to offset -1, but the high water mark is 1 (org.apache.kafka.image.loader.MetadataLoader)
kafka_compose                   | [2026-09-25 22:05:59,734] INFO [ControllerServer id=1] Waiting for controller quorum voters future (kafka.server.ControllerServer)
kafka_compose                   | [2026-09-25 22:05:59,735] INFO [ControllerServer id=1] Finished waiting for controller quorum voters future (kafka.server.ControllerServer)
kafka_compose                   | [2026-09-25 22:05:59,747] INFO [RaftManager id=1] High watermark set to LogOffsetMetadata(offset=1, metadata=Optional[(segmentBaseOffset=0,relativePositionInSegment=91)]) for the first time for epoch 1 based on indexOfHw 0 and voters [ReplicaState(replicaKey=ReplicaKey(id=1, directoryId=<undefined>), endOffset=Optional[LogOffsetMetadata(offset=1, metadata=Optional[(segmentBaseOffset=0,relativePositionInSegment=91)])], lastFetchTimestamp=-1, lastCaughtUpTimestamp=-1, hasAcknowledgedLeader=true)] (org.apache.kafka.raft.LeaderState)
kafka_compose                   | [2026-09-25 22:05:59,781] INFO [RaftManager id=1] Registered the listener org.apache.kafka.image.loader.MetadataLoader@767913033 (org.apache.kafka.raft.KafkaRaftClient)
summarization-service-1         | 	sasl.oauthbearer.assertion.claim.aud = null
summarization-service-1         | 	sasl.oauthbearer.assertion.claim.exp.seconds = 300
summarization-service-1         | 	sasl.oauthbearer.assertion.claim.iss = null
summarization-service-1         | 	sasl.oauthbearer.assertion.claim.jti.include = false
summarization-service-1         | 	sasl.oauthbearer.assertion.claim.nbf.seconds = 60
summarization-service-1         | 	sasl.oauthbearer.assertion.claim.sub = null
summarization-service-1         | 	sasl.oauthbearer.assertion.file = null
kafka_compose                   | [2026-09-25 22:05:59,786] INFO [RaftManager id=1] Setting the next offset of org.apache.kafka.image.loader.MetadataLoader@767913033 to 0 since there are no snapshots (org.apache.kafka.raft.KafkaRaftClient)
kafka_compose                   | [2026-09-25 22:05:59,799] INFO [MetadataLoader id=1] maybePublishMetadata(LOG_DELTA): The loader is still catching up because we have not loaded a controller record as of offset 0 and high water mark is 1 (org.apache.kafka.image.loader.MetadataLoader)
kafka_compose                   | [2026-09-25 22:05:59,809] INFO [controller-1-ThrottledChannelReaper-Fetch]: Starting (org.apache.kafka.server.quota.ClientQuotaManager$ThrottledChannelReaper)
kafka_compose                   | [2026-09-25 22:05:59,823] INFO [controller-1-ThrottledChannelReaper-Produce]: Starting (org.apache.kafka.server.quota.ClientQuotaManager$ThrottledChannelReaper)
kafka_compose                   | [2026-09-25 22:05:59,826] INFO [controller-1-ThrottledChannelReaper-Request]: Starting (org.apache.kafka.server.quota.ClientQuotaManager$ThrottledChannelReaper)
scheduler-1                     | 	enable.auto.commit = false
scheduler-1                     | 	enable.metrics.push = true
scheduler-1                     | 	exclude.internal.topics = true
summarization-service-1         | 	sasl.oauthbearer.assertion.private.key.file = null
summarization-service-1         | 	sasl.oauthbearer.assertion.private.key.passphrase = null
kafka_compose                   | [2026-09-25 22:05:59,828] INFO [RaftManager id=1] Registered the listener org.apache.kafka.controller.QuorumController$QuorumMetaLogListener@1761793660 (org.apache.kafka.raft.KafkaRaftClient)
kafka_compose                   | [2026-09-25 22:05:59,829] INFO [RaftManager id=1] Setting the next offset of org.apache.kafka.controller.QuorumController$QuorumMetaLogListener@1761793660 to 0 since there are no snapshots (org.apache.kafka.raft.KafkaRaftClient)
scheduler-1                     | 	fetch.max.bytes = 52428800
scheduler-1                     | 	fetch.max.wait.ms = 500
scheduler-1                     | 	fetch.min.bytes = 1
scheduler-1                     | 	group.id = scheduler-service-group
scheduler-1                     | 	group.instance.id = null
scheduler-1                     | 	group.protocol = classic
scheduler-1                     | 	group.remote.assignor = null
scheduler-1                     | 	heartbeat.interval.ms = 3000
scheduler-1                     | 	interceptor.classes = []
scheduler-1                     | 	internal.throw.on.fetch.stable.offset.unsupported = false
scheduler-1                     | 	isolation.level = read_uncommitted
scheduler-1                     | 	key.deserializer = class org.apache.kafka.common.serialization.StringDeserializer
scheduler-1                     | 	max.partition.fetch.bytes = 1048576
scheduler-1                     | 	max.poll.interval.ms = 300000
email-sender-1                  | 	metadata.recovery.strategy = rebootstrap
email-sender-1                  | 	metric.reporters = [org.apache.kafka.common.metrics.JmxReporter]
email-sender-1                  | 	metrics.num.samples = 2
email-sender-1                  | 	metrics.recording.level = INFO
email-sender-1                  | 	metrics.sample.window.ms = 30000
email-sender-1                  | 	receive.buffer.bytes = 65536
summarization-service-1         | 	sasl.oauthbearer.assertion.template.file = null
summarization-service-1         | 	sasl.oauthbearer.client.credentials.client.id = null
summarization-service-1         | 	sasl.oauthbearer.client.credentials.client.secret = null
summarization-service-1         | 	sasl.oauthbearer.clock.skew.seconds = 30
summarization-service-1         | 	sasl.oauthbearer.expected.audience = []
kafka_compose                   | [2026-09-25 22:05:59,831] INFO [controller-1-ThrottledChannelReaper-ControllerMutation]: Starting (org.apache.kafka.server.quota.ClientQuotaManager$ThrottledChannelReaper)
scheduler-1                     | 	max.poll.records = 500
scheduler-1                     | 	metadata.max.age.ms = 300000
scheduler-1                     | 	metadata.recovery.rebootstrap.trigger.ms = 300000
scheduler-1                     | 	metadata.recovery.strategy = rebootstrap
scheduler-1                     | 	metric.reporters = [org.apache.kafka.common.metrics.JmxReporter]
scheduler-1                     | 	metrics.num.samples = 2
scheduler-1                     | 	metrics.recording.level = INFO
kafka_compose                   | [2026-09-25 22:05:59,834] INFO [MetadataLoader id=1] initializeNewPublishers: The loader is still catching up because we have not loaded a controller record as of offset 0 and high water mark is 1 (org.apache.kafka.image.loader.MetadataLoader)
kafka_compose                   | [2026-09-25 22:05:59,854] INFO [ExpirationReaper-1-AlterAcls]: Starting (org.apache.kafka.server.purgatory.DelayedOperationPurgatory$ExpiredOperationReaper)
kafka_compose                   | [2026-09-25 22:05:59,894] INFO [MetadataLoader id=1] maybePublishMetadata(LOG_DELTA): The loader finished catching up to the current high water mark of 10 (org.apache.kafka.image.loader.MetadataLoader)
email-sender-1                  | 	reconnect.backoff.max.ms = 1000
email-sender-1                  | 	reconnect.backoff.ms = 50
email-sender-1                  | 	request.timeout.ms = 30000
email-sender-1                  | 	retries = 2147483647
email-sender-1                  | 	retry.backoff.max.ms = 1000
email-sender-1                  | 	retry.backoff.ms = 100
email-sender-1                  | 	sasl.client.callback.handler.class = null
scheduler-1                     | 	metrics.sample.window.ms = 30000
scheduler-1                     | 	partition.assignment.strategy = [class org.apache.kafka.clients.consumer.RangeAssignor, class org.apache.kafka.clients.consumer.CooperativeStickyAssignor]
scheduler-1                     | 	receive.buffer.bytes = 65536
scheduler-1                     | 	reconnect.backoff.max.ms = 1000
scheduler-1                     | 	reconnect.backoff.ms = 50
scheduler-1                     | 	request.timeout.ms = 30000
scheduler-1                     | 	retry.backoff.max.ms = 1000
scheduler-1                     | 	retry.backoff.ms = 100
scheduler-1                     | 	sasl.client.callback.handler.class = null
email-sender-1                  | 	sasl.jaas.config = null
summarization-service-1         | 	sasl.oauthbearer.expected.issuer = null
summarization-service-1         | 	sasl.oauthbearer.header.urlencode = false
scheduler-1                     | 	sasl.jaas.config = null
scheduler-1                     | 	sasl.kerberos.kinit.cmd = /usr/bin/kinit
scheduler-1                     | 	sasl.kerberos.min.time.before.relogin = 60000
kafka_compose                   | [2026-09-25 22:05:59,900] INFO [ControllerServer id=1] Waiting for the controller metadata publishers to be installed (kafka.server.ControllerServer)
kafka_compose                   | [2026-09-25 22:05:59,903] INFO [MetadataLoader id=1] InitializeNewPublishers: initializing SnapshotGenerator with a snapshot at offset 9 (org.apache.kafka.image.loader.MetadataLoader)
kafka_compose                   | [2026-09-25 22:05:59,907] INFO [ControllerServer id=1] Finished waiting for the controller metadata publishers to be installed (kafka.server.ControllerServer)
kafka_compose                   | [2026-09-25 22:05:59,908] INFO [MetadataLoader id=1] InitializeNewPublishers: initializing KRaftMetadataCachePublisher with a snapshot at offset 9 (org.apache.kafka.image.loader.MetadataLoader)
kafka_compose                   | [2026-09-25 22:05:59,909] INFO [MetadataLoader id=1] InitializeNewPublishers: initializing FeaturesPublisher with a snapshot at offset 9 (org.apache.kafka.image.loader.MetadataLoader)
kafka_compose                   | [2026-09-25 22:05:59,909] INFO [SocketServer listenerType=CONTROLLER, nodeId=1] Enabling request processing. (kafka.network.SocketServer)
summarization-service-1         | 	sasl.oauthbearer.jwks.endpoint.refresh.ms = 3600000
summarization-service-1         | 	sasl.oauthbearer.jwks.endpoint.retry.backoff.max.ms = 10000
summarization-service-1         | 	sasl.oauthbearer.jwks.endpoint.retry.backoff.ms = 100
summarization-service-1         | 	sasl.oauthbearer.jwks.endpoint.url = null
email-sender-1                  | 	sasl.kerberos.kinit.cmd = /usr/bin/kinit
email-sender-1                  | 	sasl.kerberos.min.time.before.relogin = 60000
email-sender-1                  | 	sasl.kerberos.service.name = null
email-sender-1                  | 	sasl.kerberos.ticket.renew.jitter = 0.05
email-sender-1                  | 	sasl.kerberos.ticket.renew.window.factor = 0.8
email-sender-1                  | 	sasl.login.callback.handler.class = null
email-sender-1                  | 	sasl.login.class = null
email-sender-1                  | 	sasl.login.connect.timeout.ms = null
email-sender-1                  | 	sasl.login.read.timeout.ms = null
email-sender-1                  | 	sasl.login.refresh.buffer.seconds = 300
kafka_compose                   | [2026-09-25 22:05:59,921] INFO Awaiting socket connections on 0.0.0.0:29093. (kafka.network.DataPlaneAcceptor)
scheduler-1                     | 	sasl.kerberos.service.name = null
scheduler-1                     | 	sasl.kerberos.ticket.renew.jitter = 0.05
email-sender-1                  | 	sasl.login.refresh.min.period.seconds = 60
email-sender-1                  | 	sasl.login.refresh.window.factor = 0.8
email-sender-1                  | 	sasl.login.refresh.window.jitter = 0.05
email-sender-1                  | 	sasl.login.retry.backoff.max.ms = 10000
summarization-service-1         | 	sasl.oauthbearer.jwt.retriever.class = class org.apache.kafka.common.security.oauthbearer.DefaultJwtRetriever
scheduler-1                     | 	sasl.kerberos.ticket.renew.window.factor = 0.8
scheduler-1                     | 	sasl.login.callback.handler.class = null
scheduler-1                     | 	sasl.login.class = null
scheduler-1                     | 	sasl.login.connect.timeout.ms = null
scheduler-1                     | 	sasl.login.read.timeout.ms = null
summarization-service-1         | 	sasl.oauthbearer.jwt.validator.class = class org.apache.kafka.common.security.oauthbearer.DefaultJwtValidator
summarization-service-1         | 	sasl.oauthbearer.scope = null
summarization-service-1         | 	sasl.oauthbearer.scope.claim.name = scope
kafka_compose                   | [2026-09-25 22:05:59,988] INFO [ControllerServer id=1] Loaded new metadata FinalizedFeatures[metadataVersion=4.3-IV0, finalizedFeatures={group.version=1, streams.version=1, transaction.version=2, eligible.leader.replicas.version=1, share.version=1, metadata.version=30}, finalizedFeaturesEpoch=9]. (org.apache.kafka.metadata.publisher.FeaturesPublisher)
scheduler-1                     | 	sasl.login.refresh.buffer.seconds = 300
scheduler-1                     | 	sasl.login.refresh.min.period.seconds = 60
scheduler-1                     | 	sasl.login.refresh.window.factor = 0.8
scheduler-1                     | 	sasl.login.refresh.window.jitter = 0.05
scheduler-1                     | 	sasl.login.retry.backoff.max.ms = 10000
email-sender-1                  | 	sasl.login.retry.backoff.ms = 100
scheduler-1                     | 	sasl.login.retry.backoff.ms = 100
scheduler-1                     | 	sasl.mechanism = GSSAPI
kafka_compose                   | [2026-09-25 22:05:59,989] INFO [MetadataLoader id=1] InitializeNewPublishers: initializing ControllerRegistrationsPublisher with a snapshot at offset 9 (org.apache.kafka.image.loader.MetadataLoader)
kafka_compose                   | [2026-09-25 22:05:59,990] INFO [MetadataLoader id=1] InitializeNewPublishers: initializing ControllerRegistrationManager with a snapshot at offset 9 (org.apache.kafka.image.loader.MetadataLoader)
kafka_compose                   | [2026-09-25 22:05:59,993] INFO [MetadataLoader id=1] InitializeNewPublishers: initializing DynamicConfigPublisher controller id=1 with a snapshot at offset 9 (org.apache.kafka.image.loader.MetadataLoader)
kafka_compose                   | [2026-09-25 22:05:59,998] INFO [controller-1-to-controller-registration-channel-manager]: Starting (org.apache.kafka.server.NodeToControllerRequestThread)
kafka_compose                   | [2026-09-25 22:05:59,999] INFO Recorded new KRaft controller, from now on will use node kafka:29093 (id: 1 rack: null isFenced: false) (org.apache.kafka.server.NodeToControllerRequestThread)
summarization-service-1         | 	sasl.oauthbearer.sub.claim.name = sub
scheduler-1                     | 	sasl.oauthbearer.assertion.algorithm = RS256
scheduler-1                     | 	sasl.oauthbearer.assertion.claim.aud = null
email-sender-1                  | 	sasl.mechanism = GSSAPI
email-sender-1                  | 	sasl.oauthbearer.assertion.algorithm = RS256
email-sender-1                  | 	sasl.oauthbearer.assertion.claim.aud = null
scheduler-1                     | 	sasl.oauthbearer.assertion.claim.exp.seconds = 300
summarization-service-1         | 	sasl.oauthbearer.token.endpoint.url = null
summarization-service-1         | 	security.protocol = PLAINTEXT
summarization-service-1         | 	security.providers = null
kafka_compose                   | [2026-09-25 22:05:59,999] INFO [ControllerRegistrationManager id=1 incarnation=xSeeuxhbTRKbxxtSXBbX3Q] initialized channel manager. (kafka.server.ControllerRegistrationManager)
kafka_compose                   | [2026-09-25 22:06:00,000] INFO [ControllerServer id=1] Waiting for all of the authorizer futures to be completed (kafka.server.ControllerServer)
kafka_compose                   | [2026-09-25 22:06:00,009] INFO [ControllerServer id=1] Finished waiting for all of the authorizer futures to be completed (kafka.server.ControllerServer)
scheduler-1                     | 	sasl.oauthbearer.assertion.claim.iss = null
scheduler-1                     | 	sasl.oauthbearer.assertion.claim.jti.include = false
scheduler-1                     | 	sasl.oauthbearer.assertion.claim.nbf.seconds = 60
summarization-service-1         | 	send.buffer.bytes = 131072
kafka_compose                   | [2026-09-25 22:06:00,004] INFO [DynamicConfigPublisher controller id=1] Updating cluster configuration : min.insync.replicas -> 1 (kafka.server.metadata.DynamicConfigPublisher)
kafka_compose                   | [2026-09-25 22:06:00,010] INFO [ControllerServer id=1] Waiting for all of the SocketServer Acceptors to be started (kafka.server.ControllerServer)
kafka_compose                   | [2026-09-25 22:06:00,011] INFO [ControllerServer id=1] Finished waiting for all of the SocketServer Acceptors to be started (kafka.server.ControllerServer)
summarization-service-1         | 	socket.connection.setup.timeout.max.ms = 30000
scheduler-1                     | 	sasl.oauthbearer.assertion.claim.sub = null
scheduler-1                     | 	sasl.oauthbearer.assertion.file = null
scheduler-1                     | 	sasl.oauthbearer.assertion.private.key.file = null
summarization-service-1         | 	socket.connection.setup.timeout.ms = 10000
summarization-service-1         | 	ssl.cipher.suites = []
summarization-service-1         | 	ssl.enabled.protocols = [TLSv1.2, TLSv1.3]
summarization-service-1         | 	ssl.endpoint.identification.algorithm = https
summarization-service-1         | 	ssl.engine.factory.class = null
summarization-service-1         | 	ssl.key.password = null
summarization-service-1         | 	ssl.keymanager.algorithm = SunX509
summarization-service-1         | 	ssl.keystore.certificate.chain = null
kafka_compose                   | [2026-09-25 22:06:00,014] INFO [BrokerServer id=1] Transition from SHUTDOWN to STARTING (kafka.server.BrokerServer)
kafka_compose                   | [2026-09-25 22:06:00,016] INFO [BrokerServer id=1] Starting broker (kafka.server.BrokerServer)
kafka_compose                   | [2026-09-25 22:06:00,023] INFO AbstractConfig values: 
summarization-service-1         | 	ssl.keystore.key = null
summarization-service-1         | 	ssl.keystore.location = null
summarization-service-1         | 	ssl.keystore.password = null
summarization-service-1         | 	ssl.keystore.type = JKS
summarization-service-1         | 	ssl.protocol = TLSv1.3
summarization-service-1         | 	ssl.provider = null
summarization-service-1         | 	ssl.secure.random.implementation = null
summarization-service-1         | 	ssl.trustmanager.algorithm = PKIX
summarization-service-1         | 	ssl.truststore.certificates = null
summarization-service-1         | 	ssl.truststore.location = null
summarization-service-1         | 	ssl.truststore.password = null
email-sender-1                  | 	sasl.oauthbearer.assertion.claim.exp.seconds = 300
email-sender-1                  | 	sasl.oauthbearer.assertion.claim.iss = null
email-sender-1                  | 	sasl.oauthbearer.assertion.claim.jti.include = false
email-sender-1                  | 	sasl.oauthbearer.assertion.claim.nbf.seconds = 60
email-sender-1                  | 	sasl.oauthbearer.assertion.claim.sub = null
email-sender-1                  | 	sasl.oauthbearer.assertion.file = null
email-sender-1                  | 	sasl.oauthbearer.assertion.private.key.file = null
email-sender-1                  | 	sasl.oauthbearer.assertion.private.key.passphrase = null
email-sender-1                  | 	sasl.oauthbearer.assertion.template.file = null
kafka_compose                   | 	group.consumer.assignment.interval.ms = 1000
kafka_compose                   | 	group.consumer.assignors = [uniform, range]
kafka_compose                   | 	group.consumer.heartbeat.interval.ms = 5000
summarization-service-1         | 	ssl.truststore.type = JKS
summarization-service-1         | 
summarization-service-1         | 2026-09-25T22:06:48.670Z  INFO 1 --- [           main] o.a.kafka.common.utils.AppInfoParser     : Kafka version: 4.2.1
kafka_compose                   | 	group.consumer.max.assignment.interval.ms = 15000
kafka_compose                   | 	group.consumer.max.heartbeat.interval.ms = 15000
kafka_compose                   | 	group.consumer.max.session.timeout.ms = 60000
summarization-service-1         | 2026-09-25T22:06:48.672Z  INFO 1 --- [           main] o.a.kafka.common.utils.AppInfoParser     : Kafka commitId: 92f61c44867f39dc
summarization-service-1         | 2026-09-25T22:06:48.674Z  INFO 1 --- [           main] o.a.kafka.common.utils.AppInfoParser     : Kafka startTimeMs: 1790374008666
summarization-service-1         | 2026-09-25T22:06:50.220Z  INFO 1 --- [           main] o.apache.kafka.common.metrics.Metrics    : Metrics scheduler closed
email-sender-1                  | 	sasl.oauthbearer.client.credentials.client.id = null
email-sender-1                  | 	sasl.oauthbearer.client.credentials.client.secret = null
email-sender-1                  | 	sasl.oauthbearer.clock.skew.seconds = 30
email-sender-1                  | 	sasl.oauthbearer.expected.audience = []
email-sender-1                  | 	sasl.oauthbearer.expected.issuer = null
scheduler-1                     | 	sasl.oauthbearer.assertion.private.key.passphrase = null
scheduler-1                     | 	sasl.oauthbearer.assertion.template.file = null
scheduler-1                     | 	sasl.oauthbearer.client.credentials.client.id = null
scheduler-1                     | 	sasl.oauthbearer.client.credentials.client.secret = null
scheduler-1                     | 	sasl.oauthbearer.clock.skew.seconds = 30
email-sender-1                  | 	sasl.oauthbearer.header.urlencode = false
kafka_compose                   | 	group.consumer.max.size = 2147483647
kafka_compose                   | 	group.consumer.migration.policy = bidirectional
kafka_compose                   | 	group.consumer.min.assignment.interval.ms = 0
kafka_compose                   | 	group.consumer.min.heartbeat.interval.ms = 5000
kafka_compose                   | 	group.consumer.min.session.timeout.ms = 45000
kafka_compose                   | 	group.consumer.regex.refresh.interval.ms = 600000
scheduler-1                     | 	sasl.oauthbearer.expected.audience = []
scheduler-1                     | 	sasl.oauthbearer.expected.issuer = null
scheduler-1                     | 	sasl.oauthbearer.header.urlencode = false
scheduler-1                     | 	sasl.oauthbearer.jwks.endpoint.refresh.ms = 3600000
scheduler-1                     | 	sasl.oauthbearer.jwks.endpoint.retry.backoff.max.ms = 10000
scheduler-1                     | 	sasl.oauthbearer.jwks.endpoint.retry.backoff.ms = 100
scheduler-1                     | 	sasl.oauthbearer.jwks.endpoint.url = null
scheduler-1                     | 	sasl.oauthbearer.jwt.retriever.class = class org.apache.kafka.common.security.oauthbearer.DefaultJwtRetriever
scheduler-1                     | 	sasl.oauthbearer.jwt.validator.class = class org.apache.kafka.common.security.oauthbearer.DefaultJwtValidator
summarization-service-1         | 2026-09-25T22:06:50.221Z  INFO 1 --- [           main] o.apache.kafka.common.metrics.Metrics    : Closing reporter org.apache.kafka.common.metrics.JmxReporter
kafka_compose                   | 	group.consumer.session.timeout.ms = 45000
kafka_compose                   | 	group.coordinator.append.linger.ms = -1
scheduler-1                     | 	sasl.oauthbearer.scope = null
scheduler-1                     | 	sasl.oauthbearer.scope.claim.name = scope
scheduler-1                     | 	sasl.oauthbearer.sub.claim.name = sub
scheduler-1                     | 	sasl.oauthbearer.token.endpoint.url = null
scheduler-1                     | 	security.protocol = PLAINTEXT
summarization-service-1         | 2026-09-25T22:06:50.222Z  INFO 1 --- [           main] o.apache.kafka.common.metrics.Metrics    : Metrics reporters closed
summarization-service-1         | 2026-09-25T22:06:50.225Z  INFO 1 --- [| adminclient-1] o.a.kafka.common.utils.AppInfoParser     : App info kafka.admin.client for adminclient-1 unregistered
summarization-service-1         | 2026-09-25T22:06:50.241Z  INFO 1 --- [| adminclient-1] o.apache.kafka.common.metrics.Metrics    : Metrics scheduler closed
summarization-service-1         | 2026-09-25T22:06:50.242Z  INFO 1 --- [| adminclient-1] o.apache.kafka.common.metrics.Metrics    : Closing reporter org.apache.kafka.common.metrics.JmxReporter
summarization-service-1         | 2026-09-25T22:06:50.242Z  INFO 1 --- [| adminclient-1] o.apache.kafka.common.metrics.Metrics    : Metrics reporters closed
summarization-service-1         | 2026-09-25T22:06:50.379Z  INFO 1 --- [           main] o.a.kafka.common.config.AbstractConfig   : ConsumerConfig values: 
summarization-service-1         | 	allow.auto.create.topics = true
summarization-service-1         | 	auto.commit.interval.ms = 5000
summarization-service-1         | 	auto.offset.reset = latest
summarization-service-1         | 	bootstrap.servers = [kafka:9092]
kafka_compose                   | 	group.coordinator.background.threads = 2
kafka_compose                   | 	group.coordinator.cached.buffer.max.bytes = 1048588
kafka_compose                   | 	group.coordinator.rebalance.protocols = [classic, consumer, streams]
kafka_compose                   | 	group.coordinator.threads = 4
kafka_compose                   | 	group.initial.rebalance.delay.ms = 3000
scheduler-1                     | 	security.providers = null
scheduler-1                     | 	send.buffer.bytes = 131072
scheduler-1                     | 	session.timeout.ms = 45000
scheduler-1                     | 	share.acknowledgement.mode = implicit
summarization-service-1         | 	check.crcs = true
summarization-service-1         | 	client.dns.lookup = use_all_dns_ips
summarization-service-1         | 	client.id = consumer-summarization-service-group-1
scheduler-1                     | 	share.acquire.mode = BATCH_OPTIMIZED
scheduler-1                     | 	socket.connection.setup.timeout.max.ms = 30000
summarization-service-1         | 	client.rack = 
summarization-service-1         | 	config.providers = []
kafka_compose                   | 	group.max.session.timeout.ms = 1800000
kafka_compose                   | 	group.max.size = 2147483647
scheduler-1                     | 	socket.connection.setup.timeout.ms = 10000
summarization-service-1         | 	connections.max.idle.ms = 540000
summarization-service-1         | 	default.api.timeout.ms = 60000
summarization-service-1         | 	enable.auto.commit = false
summarization-service-1         | 	enable.metrics.push = true
summarization-service-1         | 	exclude.internal.topics = true
kafka_compose                   | 	group.min.session.timeout.ms = 6000
kafka_compose                   | 	group.share.assignment.interval.ms = 1000
kafka_compose                   | 	group.share.assignors = [simple]
kafka_compose                   | 	group.share.heartbeat.interval.ms = 5000
kafka_compose                   | 	group.share.initialize.retry.interval.ms = 30000
kafka_compose                   | 	group.share.max.assignment.interval.ms = 15000
kafka_compose                   | 	group.share.max.heartbeat.interval.ms = 15000
email-sender-1                  | 	sasl.oauthbearer.jwks.endpoint.refresh.ms = 3600000
summarization-service-1         | 	fetch.max.bytes = 52428800
summarization-service-1         | 	fetch.max.wait.ms = 500
kafka_compose                   | 	group.share.max.session.timeout.ms = 60000
kafka_compose                   | 	group.share.max.size = 200
summarization-service-1         | 	fetch.min.bytes = 1
summarization-service-1         | 	group.id = summarization-service-group
summarization-service-1         | 	group.instance.id = null
kafka_compose                   | 	group.share.min.assignment.interval.ms = 0
kafka_compose                   | 	group.share.min.heartbeat.interval.ms = 5000
scheduler-1                     | 	ssl.cipher.suites = []
scheduler-1                     | 	ssl.enabled.protocols = [TLSv1.2, TLSv1.3]
scheduler-1                     | 	ssl.endpoint.identification.algorithm = https
scheduler-1                     | 	ssl.engine.factory.class = null
scheduler-1                     | 	ssl.key.password = null
scheduler-1                     | 	ssl.keymanager.algorithm = SunX509
summarization-service-1         | 	group.protocol = classic
summarization-service-1         | 	group.remote.assignor = null
summarization-service-1         | 	heartbeat.interval.ms = 3000
email-sender-1                  | 	sasl.oauthbearer.jwks.endpoint.retry.backoff.max.ms = 10000
email-sender-1                  | 	sasl.oauthbearer.jwks.endpoint.retry.backoff.ms = 100
scheduler-1                     | 	ssl.keystore.certificate.chain = null
scheduler-1                     | 	ssl.keystore.key = null
scheduler-1                     | 	ssl.keystore.location = null
scheduler-1                     | 	ssl.keystore.password = null
kafka_compose                   | 	group.share.min.session.timeout.ms = 45000
kafka_compose                   | 	group.share.session.timeout.ms = 45000
kafka_compose                   | 	group.streams.assignment.interval.ms = 1000
email-sender-1                  | 	sasl.oauthbearer.jwks.endpoint.url = null
email-sender-1                  | 	sasl.oauthbearer.jwt.retriever.class = class org.apache.kafka.common.security.oauthbearer.DefaultJwtRetriever
email-sender-1                  | 	sasl.oauthbearer.jwt.validator.class = class org.apache.kafka.common.security.oauthbearer.DefaultJwtValidator
email-sender-1                  | 	sasl.oauthbearer.scope = null
email-sender-1                  | 	sasl.oauthbearer.scope.claim.name = scope
email-sender-1                  | 	sasl.oauthbearer.sub.claim.name = sub
email-sender-1                  | 	sasl.oauthbearer.token.endpoint.url = null
email-sender-1                  | 	security.protocol = PLAINTEXT
email-sender-1                  | 	security.providers = null
scheduler-1                     | 	ssl.keystore.type = JKS
email-sender-1                  | 	send.buffer.bytes = 131072
email-sender-1                  | 	socket.connection.setup.timeout.max.ms = 30000
email-sender-1                  | 	socket.connection.setup.timeout.ms = 10000
email-sender-1                  | 	ssl.cipher.suites = []
kafka_compose                   | 	group.streams.heartbeat.interval.ms = 5000
kafka_compose                   | 	group.streams.initial.rebalance.delay.ms = 3000
scheduler-1                     | 	ssl.protocol = TLSv1.3
scheduler-1                     | 	ssl.provider = null
scheduler-1                     | 	ssl.secure.random.implementation = null
scheduler-1                     | 	ssl.trustmanager.algorithm = PKIX
scheduler-1                     | 	ssl.truststore.certificates = null
scheduler-1                     | 	ssl.truststore.location = null
summarization-service-1         | 	interceptor.classes = []
summarization-service-1         | 	internal.throw.on.fetch.stable.offset.unsupported = false
summarization-service-1         | 	isolation.level = read_uncommitted
email-sender-1                  | 	ssl.enabled.protocols = [TLSv1.2, TLSv1.3]
email-sender-1                  | 	ssl.endpoint.identification.algorithm = https
email-sender-1                  | 	ssl.engine.factory.class = null
email-sender-1                  | 	ssl.key.password = null
email-sender-1                  | 	ssl.keymanager.algorithm = SunX509
email-sender-1                  | 	ssl.keystore.certificate.chain = null
email-sender-1                  | 	ssl.keystore.key = null
email-sender-1                  | 	ssl.keystore.location = null
email-sender-1                  | 	ssl.keystore.password = null
email-sender-1                  | 	ssl.keystore.type = JKS
summarization-service-1         | 	key.deserializer = class org.apache.kafka.common.serialization.StringDeserializer
summarization-service-1         | 	max.partition.fetch.bytes = 1048576
summarization-service-1         | 	max.poll.interval.ms = 300000
summarization-service-1         | 	max.poll.records = 500
email-sender-1                  | 	ssl.protocol = TLSv1.3
email-sender-1                  | 	ssl.provider = null
email-sender-1                  | 	ssl.secure.random.implementation = null
email-sender-1                  | 	ssl.trustmanager.algorithm = PKIX
email-sender-1                  | 	ssl.truststore.certificates = null
scheduler-1                     | 	ssl.truststore.password = null
kafka_compose                   | 	group.streams.max.assignment.interval.ms = 15000
kafka_compose                   | 	group.streams.max.heartbeat.interval.ms = 15000
summarization-service-1         | 	metadata.max.age.ms = 300000
summarization-service-1         | 	metadata.recovery.rebootstrap.trigger.ms = 300000
summarization-service-1         | 	metadata.recovery.strategy = rebootstrap
summarization-service-1         | 	metric.reporters = [org.apache.kafka.common.metrics.JmxReporter]
summarization-service-1         | 	metrics.num.samples = 2
summarization-service-1         | 	metrics.recording.level = INFO
email-sender-1                  | 	ssl.truststore.location = null
email-sender-1                  | 	ssl.truststore.password = null
email-sender-1                  | 	ssl.truststore.type = JKS
scheduler-1                     | 	ssl.truststore.type = JKS
scheduler-1                     | 	value.deserializer = class org.springframework.kafka.support.serializer.JacksonJsonDeserializer
scheduler-1                     | 
scheduler-1                     | 2026-09-25T22:06:48.857Z  INFO 1 --- [           main] o.a.k.c.t.i.KafkaMetricsCollector        : initializing Kafka metrics collector
scheduler-1                     | 2026-09-25T22:06:49.688Z  INFO 1 --- [           main] o.a.kafka.common.utils.AppInfoParser     : Kafka version: 4.2.1
email-sender-1                  | 
email-sender-1                  | 2026-09-25T22:06:46.518Z  INFO 1 --- [           main] o.a.kafka.common.utils.AppInfoParser     : Kafka version: 4.2.1
scheduler-1                     | 2026-09-25T22:06:49.688Z  INFO 1 --- [           main] o.a.kafka.common.utils.AppInfoParser     : Kafka commitId: 92f61c44867f39dc
scheduler-1                     | 2026-09-25T22:06:49.689Z  INFO 1 --- [           main] o.a.kafka.common.utils.AppInfoParser     : Kafka startTimeMs: 1790374009683
summarization-service-1         | 	metrics.sample.window.ms = 30000
summarization-service-1         | 	partition.assignment.strategy = [class org.apache.kafka.clients.consumer.RangeAssignor, class org.apache.kafka.clients.consumer.CooperativeStickyAssignor]
summarization-service-1         | 	receive.buffer.bytes = 65536
kafka_compose                   | 	group.streams.max.session.timeout.ms = 60000
kafka_compose                   | 	group.streams.max.size = 2147483647
kafka_compose                   | 	group.streams.max.standby.replicas = 2
scheduler-1                     | 2026-09-25T22:06:49.704Z  INFO 1 --- [           main] o.a.k.c.c.i.ClassicKafkaConsumer         : [Consumer clientId=consumer-scheduler-service-group-1, groupId=scheduler-service-group] Subscribed to topic(s): SCHEDULER_SUMMARIZATION_REPLIES
email-sender-1                  | 2026-09-25T22:06:46.519Z  INFO 1 --- [           main] o.a.kafka.common.utils.AppInfoParser     : Kafka commitId: 92f61c44867f39dc
email-sender-1                  | 2026-09-25T22:06:46.520Z  INFO 1 --- [           main] o.a.kafka.common.utils.AppInfoParser     : Kafka startTimeMs: 1790374006505
email-sender-1                  | 2026-09-25T22:06:48.941Z  INFO 1 --- [           main] o.apache.kafka.common.metrics.Metrics    : Metrics scheduler closed
email-sender-1                  | 2026-09-25T22:06:48.942Z  INFO 1 --- [           main] o.apache.kafka.common.metrics.Metrics    : Closing reporter org.apache.kafka.common.metrics.JmxReporter
email-sender-1                  | 2026-09-25T22:06:48.943Z  INFO 1 --- [           main] o.apache.kafka.common.metrics.Metrics    : Metrics reporters closed
email-sender-1                  | 2026-09-25T22:06:48.954Z  INFO 1 --- [| adminclient-1] o.a.kafka.common.utils.AppInfoParser     : App info kafka.admin.client for adminclient-1 unregistered
scheduler-1                     | 2026-09-25T22:06:49.772Z  INFO 1 --- [           main] t.scheduler.SchedulerApplication         : Started SchedulerApplication in 16.059 seconds (process running for 19.912)
scheduler-1                     | 2026-09-25T22:06:51.325Z  WARN 1 --- [Container-0-C-1] org.apache.kafka.clients.NetworkClient   : [Consumer clientId=consumer-scheduler-service-group-1, groupId=scheduler-service-group] The metadata response from the cluster reported a recoverable issue with correlation id 2 : {SCHEDULER_SUMMARIZATION_REPLIES=UNKNOWN_TOPIC_OR_PARTITION}
scheduler-1                     | 2026-09-25T22:06:51.330Z  INFO 1 --- [Container-0-C-1] org.apache.kafka.clients.Metadata        : [Consumer clientId=consumer-scheduler-service-group-1, groupId=scheduler-service-group] Cluster ID: 4L6g3nShT-eMCtK--X86sw
scheduler-1                     | 2026-09-25T22:06:51.405Z  INFO 1 --- [Container-0-C-1] o.a.k.c.c.internals.ConsumerCoordinator  : [Consumer clientId=consumer-scheduler-service-group-1, groupId=scheduler-service-group] Discovered group coordinator kafka:9092 (id: 2147483646 rack: null isFenced: false)
email-sender-1                  | 2026-09-25T22:06:48.998Z  INFO 1 --- [| adminclient-1] o.apache.kafka.common.metrics.Metrics    : Metrics scheduler closed
email-sender-1                  | 2026-09-25T22:06:49.004Z  INFO 1 --- [| adminclient-1] o.apache.kafka.common.metrics.Metrics    : Closing reporter org.apache.kafka.common.metrics.JmxReporter
email-sender-1                  | 2026-09-25T22:06:49.006Z  INFO 1 --- [| adminclient-1] o.apache.kafka.common.metrics.Metrics    : Metrics reporters closed
summarization-service-1         | 	reconnect.backoff.max.ms = 1000
summarization-service-1         | 	reconnect.backoff.ms = 50
summarization-service-1         | 	request.timeout.ms = 30000
summarization-service-1         | 	retry.backoff.max.ms = 1000
summarization-service-1         | 	retry.backoff.ms = 100
summarization-service-1         | 	sasl.client.callback.handler.class = null
summarization-service-1         | 	sasl.jaas.config = null
summarization-service-1         | 	sasl.kerberos.kinit.cmd = /usr/bin/kinit
scheduler-1                     | 2026-09-25T22:06:51.421Z  INFO 1 --- [Container-0-C-1] o.a.k.c.c.internals.ConsumerCoordinator  : [Consumer clientId=consumer-scheduler-service-group-1, groupId=scheduler-service-group] (Re-)joining group
email-sender-1                  | 2026-09-25T22:06:49.154Z  INFO 1 --- [           main] o.a.kafka.common.config.AbstractConfig   : ConsumerConfig values: 
email-sender-1                  | 	allow.auto.create.topics = true
kafka_compose                   | 	group.streams.min.assignment.interval.ms = 0
kafka_compose                   | 	group.streams.min.heartbeat.interval.ms = 5000
kafka_compose                   | 	group.streams.min.session.timeout.ms = 45000
kafka_compose                   | 	group.streams.num.standby.replicas = 0
kafka_compose                   | 	group.streams.session.timeout.ms = 45000
kafka_compose                   | 	offset.metadata.max.bytes = 4096
email-sender-1                  | 	auto.commit.interval.ms = 5000
email-sender-1                  | 	auto.offset.reset = latest
email-sender-1                  | 	bootstrap.servers = [kafka:9092]
summarization-service-1         | 	sasl.kerberos.min.time.before.relogin = 60000
summarization-service-1         | 	sasl.kerberos.service.name = null
summarization-service-1         | 	sasl.kerberos.ticket.renew.jitter = 0.05
summarization-service-1         | 	sasl.kerberos.ticket.renew.window.factor = 0.8
summarization-service-1         | 	sasl.login.callback.handler.class = null
summarization-service-1         | 	sasl.login.class = null
summarization-service-1         | 	sasl.login.connect.timeout.ms = null
summarization-service-1         | 	sasl.login.read.timeout.ms = null
summarization-service-1         | 	sasl.login.refresh.buffer.seconds = 300
kafka_compose                   | 	offsets.commit.timeout.ms = 5000
scheduler-1                     | 2026-09-25T22:06:51.509Z  INFO 1 --- [Container-0-C-1] o.a.k.c.c.internals.ConsumerCoordinator  : [Consumer clientId=consumer-scheduler-service-group-1, groupId=scheduler-service-group] Group coordinator kafka:9092 (id: 2147483646 rack: null isFenced: false) is unavailable or invalid due to cause: error response NOT_COORDINATOR. isDisconnected: false. Rediscovery will be attempted.
summarization-service-1         | 	sasl.login.refresh.min.period.seconds = 60
summarization-service-1         | 	sasl.login.refresh.window.factor = 0.8
kafka_compose                   | 	offsets.load.buffer.size = 5242880
kafka_compose                   | 	offsets.retention.check.interval.ms = 600000
kafka_compose                   | 	offsets.retention.minutes = 10080
kafka_compose                   | 	offsets.topic.compression.codec = 0
summarization-service-1         | 	sasl.login.refresh.window.jitter = 0.05
summarization-service-1         | 	sasl.login.retry.backoff.max.ms = 10000
summarization-service-1         | 	sasl.login.retry.backoff.ms = 100
kafka_compose                   | 	offsets.topic.num.partitions = 50
kafka_compose                   | 	offsets.topic.replication.factor = 1
kafka_compose                   | 	offsets.topic.segment.bytes = 104857600
kafka_compose                   |  (org.apache.kafka.common.config.AbstractConfig)
kafka_compose                   | [2026-09-25 22:06:00,035] INFO KafkaConfig values: 
kafka_compose                   | 	add.partitions.to.txn.retry.backoff.max.ms = 100
kafka_compose                   | 	add.partitions.to.txn.retry.backoff.ms = 20
kafka_compose                   | 	advertised.listeners = [PLAINTEXT://kafka:9092, PLAINTEXT_HOST://localhost:9094]
email-sender-1                  | 	check.crcs = true
email-sender-1                  | 	client.dns.lookup = use_all_dns_ips
email-sender-1                  | 	client.id = consumer-summary-email-service-group-1
email-sender-1                  | 	client.rack = 
summarization-service-1         | 	sasl.mechanism = GSSAPI
kafka_compose                   | 	alter.config.policy.class.name = null
kafka_compose                   | 	alter.log.dirs.replication.quota.window.num = 11
kafka_compose                   | 	alter.log.dirs.replication.quota.window.size.seconds = 1
kafka_compose                   | 	authorizer.class.name = 
kafka_compose                   | 	auto.create.topics.enable = true
kafka_compose                   | 	auto.leader.rebalance.enable = true
kafka_compose                   | 	background.threads = 10
summarization-service-1         | 	sasl.oauthbearer.assertion.algorithm = RS256
summarization-service-1         | 	sasl.oauthbearer.assertion.claim.aud = null
summarization-service-1         | 	sasl.oauthbearer.assertion.claim.exp.seconds = 300
summarization-service-1         | 	sasl.oauthbearer.assertion.claim.iss = null
summarization-service-1         | 	sasl.oauthbearer.assertion.claim.jti.include = false
kafka_compose                   | 	broker.heartbeat.interval.ms = 2000
kafka_compose                   | 	broker.id = 1
kafka_compose                   | 	broker.rack = null
kafka_compose                   | 	broker.session.timeout.ms = 9000
kafka_compose                   | 	client.quota.callback.class = null
email-sender-1                  | 	config.providers = []
email-sender-1                  | 	connections.max.idle.ms = 540000
email-sender-1                  | 	default.api.timeout.ms = 60000
email-sender-1                  | 	enable.auto.commit = false
email-sender-1                  | 	enable.metrics.push = true
email-sender-1                  | 	exclude.internal.topics = true
email-sender-1                  | 	fetch.max.bytes = 52428800
scheduler-1                     | 2026-09-25T22:06:51.510Z  INFO 1 --- [Container-0-C-1] o.a.k.c.c.internals.ConsumerCoordinator  : [Consumer clientId=consumer-scheduler-service-group-1, groupId=scheduler-service-group] Requesting disconnect from last known coordinator kafka:9092 (id: 2147483646 rack: null isFenced: false)
kafka_compose                   | 	compression.gzip.level = -1
kafka_compose                   | 	compression.lz4.level = 9
kafka_compose                   | 	compression.type = producer
kafka_compose                   | 	compression.zstd.level = 3
scheduler-1                     | 2026-09-25T22:06:51.526Z  INFO 1 --- [Container-0-C-1] o.a.k.c.c.internals.ConsumerCoordinator  : [Consumer clientId=consumer-scheduler-service-group-1, groupId=scheduler-service-group] JoinGroup failed: This is not the correct coordinator. Marking coordinator unknown. Sent generation was Generation{generationId=-1, memberId='', protocol='null'}
scheduler-1                     | 2026-09-25T22:06:51.527Z  INFO 1 --- [Container-0-C-1] org.apache.kafka.clients.NetworkClient   : [Consumer clientId=consumer-scheduler-service-group-1, groupId=scheduler-service-group] Client requested disconnect from node 2147483646
scheduler-1                     | 2026-09-25T22:06:51.536Z  WARN 1 --- [Container-0-C-1] org.apache.kafka.clients.NetworkClient   : [Consumer clientId=consumer-scheduler-service-group-1, groupId=scheduler-service-group] The metadata response from the cluster reported a recoverable issue with correlation id 7 : {SCHEDULER_SUMMARIZATION_REPLIES=UNKNOWN_TOPIC_OR_PARTITION}
kafka_compose                   | 	config.providers = []
summarization-service-1         | 	sasl.oauthbearer.assertion.claim.nbf.seconds = 60
summarization-service-1         | 	sasl.oauthbearer.assertion.claim.sub = null
summarization-service-1         | 	sasl.oauthbearer.assertion.file = null
summarization-service-1         | 	sasl.oauthbearer.assertion.private.key.file = null
scheduler-1                     | 2026-09-25T22:06:51.539Z  INFO 1 --- [Container-0-C-1] o.a.k.c.c.internals.ConsumerCoordinator  : [Consumer clientId=consumer-scheduler-service-group-1, groupId=scheduler-service-group] Discovered group coordinator kafka:9092 (id: 2147483646 rack: null isFenced: false)
scheduler-1                     | 2026-09-25T22:06:51.540Z  INFO 1 --- [Container-0-C-1] o.a.k.c.c.internals.ConsumerCoordinator  : [Consumer clientId=consumer-scheduler-service-group-1, groupId=scheduler-service-group] Group coordinator kafka:9092 (id: 2147483646 rack: null isFenced: false) is unavailable or invalid due to cause: coordinator unavailable. isDisconnected: false. Rediscovery will be attempted.
kafka_compose                   | 	connection.failed.authentication.delay.ms = 100
kafka_compose                   | 	connections.max.idle.ms = 600000
kafka_compose                   | 	connections.max.reauth.ms = 0
kafka_compose                   | 	controlled.shutdown.enable = true
scheduler-1                     | 2026-09-25T22:06:51.541Z  INFO 1 --- [Container-0-C-1] o.a.k.c.c.internals.ConsumerCoordinator  : [Consumer clientId=consumer-scheduler-service-group-1, groupId=scheduler-service-group] Requesting disconnect from last known coordinator kafka:9092 (id: 2147483646 rack: null isFenced: false)
scheduler-1                     | 2026-09-25T22:06:51.666Z  INFO 1 --- [Container-0-C-1] o.a.k.c.c.internals.ConsumerCoordinator  : [Consumer clientId=consumer-scheduler-service-group-1, groupId=scheduler-service-group] Discovered group coordinator kafka:9092 (id: 2147483646 rack: null isFenced: false)
email-sender-1                  | 	fetch.max.wait.ms = 500
email-sender-1                  | 	fetch.min.bytes = 1
email-sender-1                  | 	group.id = summary-email-service-group
scheduler-1                     | 2026-09-25T22:06:51.670Z  INFO 1 --- [Container-0-C-1] o.a.k.c.c.internals.ConsumerCoordinator  : [Consumer clientId=consumer-scheduler-service-group-1, groupId=scheduler-service-group] Request joining group due to: rebalance failed due to 'This is not the correct coordinator.' (NotCoordinatorException)
scheduler-1                     | 2026-09-25T22:06:51.673Z  INFO 1 --- [Container-0-C-1] o.a.k.c.c.internals.ConsumerCoordinator  : [Consumer clientId=consumer-scheduler-service-group-1, groupId=scheduler-service-group] (Re-)joining group
scheduler-1                     | 2026-09-25T22:06:51.684Z  INFO 1 --- [Container-0-C-1] o.a.k.c.c.internals.ConsumerCoordinator  : [Consumer clientId=consumer-scheduler-service-group-1, groupId=scheduler-service-group] Group coordinator kafka:9092 (id: 2147483646 rack: null isFenced: false) is unavailable or invalid due to cause: error response NOT_COORDINATOR. isDisconnected: false. Rediscovery will be attempted.
scheduler-1                     | 2026-09-25T22:06:51.684Z  INFO 1 --- [Container-0-C-1] o.a.k.c.c.internals.ConsumerCoordinator  : [Consumer clientId=consumer-scheduler-service-group-1, groupId=scheduler-service-group] Requesting disconnect from last known coordinator kafka:9092 (id: 2147483646 rack: null isFenced: false)
summarization-service-1         | 	sasl.oauthbearer.assertion.private.key.passphrase = null
summarization-service-1         | 	sasl.oauthbearer.assertion.template.file = null
email-sender-1                  | 	group.instance.id = null
email-sender-1                  | 	group.protocol = classic
email-sender-1                  | 	group.remote.assignor = null
email-sender-1                  | 	heartbeat.interval.ms = 3000
summarization-service-1         | 	sasl.oauthbearer.client.credentials.client.id = null
summarization-service-1         | 	sasl.oauthbearer.client.credentials.client.secret = null
summarization-service-1         | 	sasl.oauthbearer.clock.skew.seconds = 30
summarization-service-1         | 	sasl.oauthbearer.expected.audience = []
summarization-service-1         | 	sasl.oauthbearer.expected.issuer = null
summarization-service-1         | 	sasl.oauthbearer.header.urlencode = false
scheduler-1                     | 2026-09-25T22:06:51.685Z  INFO 1 --- [Container-0-C-1] o.a.k.c.c.internals.ConsumerCoordinator  : [Consumer clientId=consumer-scheduler-service-group-1, groupId=scheduler-service-group] JoinGroup failed: This is not the correct coordinator. Marking coordinator unknown. Sent generation was Generation{generationId=-1, memberId='', protocol='null'}
scheduler-1                     | 2026-09-25T22:06:51.686Z  INFO 1 --- [Container-0-C-1] org.apache.kafka.clients.NetworkClient   : [Consumer clientId=consumer-scheduler-service-group-1, groupId=scheduler-service-group] Client requested disconnect from node 2147483646
kafka_compose                   | 	controller.listener.names = [CONTROLLER]
email-sender-1                  | 	interceptor.classes = []
email-sender-1                  | 	internal.throw.on.fetch.stable.offset.unsupported = false
email-sender-1                  | 	isolation.level = read_uncommitted
email-sender-1                  | 	key.deserializer = class org.apache.kafka.common.serialization.StringDeserializer
email-sender-1                  | 	max.partition.fetch.bytes = 1048576
email-sender-1                  | 	max.poll.interval.ms = 300000
email-sender-1                  | 	max.poll.records = 500
email-sender-1                  | 	metadata.max.age.ms = 300000
kafka_compose                   | 	controller.performance.always.log.threshold.ms = 2000
kafka_compose                   | 	controller.performance.sample.period.ms = 60000
kafka_compose                   | 	controller.quorum.append.linger.ms = 25
kafka_compose                   | 	controller.quorum.auto.join.enable = false
kafka_compose                   | 	controller.quorum.bootstrap.servers = []
kafka_compose                   | 	controller.quorum.election.backoff.max.ms = 1000
kafka_compose                   | 	controller.quorum.election.timeout.ms = 1000
scheduler-1                     | 2026-09-25T22:06:51.692Z  INFO 1 --- [Container-0-C-1] o.a.k.c.c.internals.ConsumerCoordinator  : [Consumer clientId=consumer-scheduler-service-group-1, groupId=scheduler-service-group] Discovered group coordinator kafka:9092 (id: 2147483646 rack: null isFenced: false)
scheduler-1                     | 2026-09-25T22:06:51.693Z  INFO 1 --- [Container-0-C-1] o.a.k.c.c.internals.ConsumerCoordinator  : [Consumer clientId=consumer-scheduler-service-group-1, groupId=scheduler-service-group] Group coordinator kafka:9092 (id: 2147483646 rack: null isFenced: false) is unavailable or invalid due to cause: coordinator unavailable. isDisconnected: false. Rediscovery will be attempted.
scheduler-1                     | 2026-09-25T22:06:51.694Z  INFO 1 --- [Container-0-C-1] o.a.k.c.c.internals.ConsumerCoordinator  : [Consumer clientId=consumer-scheduler-service-group-1, groupId=scheduler-service-group] Requesting disconnect from last known coordinator kafka:9092 (id: 2147483646 rack: null isFenced: false)
scheduler-1                     | 2026-09-25T22:06:51.821Z  WARN 1 --- [Container-0-C-1] org.apache.kafka.clients.NetworkClient   : [Consumer clientId=consumer-scheduler-service-group-1, groupId=scheduler-service-group] The metadata response from the cluster reported a recoverable issue with correlation id 14 : {SCHEDULER_SUMMARIZATION_REPLIES=UNKNOWN_TOPIC_OR_PARTITION}
scheduler-1                     | 2026-09-25T22:06:51.830Z  INFO 1 --- [Container-0-C-1] o.a.k.c.c.internals.ConsumerCoordinator  : [Consumer clientId=consumer-scheduler-service-group-1, groupId=scheduler-service-group] Discovered group coordinator kafka:9092 (id: 2147483646 rack: null isFenced: false)
kafka_compose                   | 	controller.quorum.fetch.max.bytes = 1048576
kafka_compose                   | 	controller.quorum.fetch.snapshot.max.bytes = 1048576
kafka_compose                   | 	controller.quorum.fetch.timeout.ms = 2000
summarization-service-1         | 	sasl.oauthbearer.jwks.endpoint.refresh.ms = 3600000
summarization-service-1         | 	sasl.oauthbearer.jwks.endpoint.retry.backoff.max.ms = 10000
summarization-service-1         | 	sasl.oauthbearer.jwks.endpoint.retry.backoff.ms = 100
summarization-service-1         | 	sasl.oauthbearer.jwks.endpoint.url = null
summarization-service-1         | 	sasl.oauthbearer.jwt.retriever.class = class org.apache.kafka.common.security.oauthbearer.DefaultJwtRetriever
summarization-service-1         | 	sasl.oauthbearer.jwt.validator.class = class org.apache.kafka.common.security.oauthbearer.DefaultJwtValidator
summarization-service-1         | 	sasl.oauthbearer.scope = null
summarization-service-1         | 	sasl.oauthbearer.scope.claim.name = scope
summarization-service-1         | 	sasl.oauthbearer.sub.claim.name = sub
summarization-service-1         | 	sasl.oauthbearer.token.endpoint.url = null
scheduler-1                     | 2026-09-25T22:06:51.833Z  INFO 1 --- [Container-0-C-1] o.a.k.c.c.internals.ConsumerCoordinator  : [Consumer clientId=consumer-scheduler-service-group-1, groupId=scheduler-service-group] Request joining group due to: rebalance failed due to 'This is not the correct coordinator.' (NotCoordinatorException)
scheduler-1                     | 2026-09-25T22:06:51.836Z  INFO 1 --- [Container-0-C-1] o.a.k.c.c.internals.ConsumerCoordinator  : [Consumer clientId=consumer-scheduler-service-group-1, groupId=scheduler-service-group] (Re-)joining group
kafka_compose                   | 	controller.quorum.request.timeout.ms = 2000
kafka_compose                   | 	controller.quorum.retry.backoff.ms = 20
kafka_compose                   | 	controller.quorum.voters = [1@kafka:29093]
kafka_compose                   | 	controller.quota.window.num = 11
kafka_compose                   | 	controller.quota.window.size.seconds = 1
kafka_compose                   | 	controller.socket.timeout.ms = 30000
kafka_compose                   | 	cordoned.log.dirs = []
kafka_compose                   | 	create.topic.policy.class.name = null
summarization-service-1         | 	security.protocol = PLAINTEXT
summarization-service-1         | 	security.providers = null
summarization-service-1         | 	send.buffer.bytes = 131072
summarization-service-1         | 	session.timeout.ms = 45000
summarization-service-1         | 	share.acknowledgement.mode = implicit
email-sender-1                  | 	metadata.recovery.rebootstrap.trigger.ms = 300000
email-sender-1                  | 	metadata.recovery.strategy = rebootstrap
email-sender-1                  | 	metric.reporters = [org.apache.kafka.common.metrics.JmxReporter]
email-sender-1                  | 	metrics.num.samples = 2
kafka_compose                   | 	default.replication.factor = 1
kafka_compose                   | 	delegation.token.expiry.check.interval.ms = 3600000
kafka_compose                   | 	delegation.token.expiry.time.ms = 86400000
kafka_compose                   | 	delegation.token.max.lifetime.ms = 604800000
kafka_compose                   | 	delegation.token.secret.key = null
kafka_compose                   | 	delete.records.purgatory.purge.interval.requests = 1
kafka_compose                   | 	delete.topic.enable = true
kafka_compose                   | 	early.start.listeners = null
kafka_compose                   | 	fetch.max.bytes = 57671680
kafka_compose                   | 	fetch.purgatory.purge.interval.requests = 1000
kafka_compose                   | 	follower.fetch.last.tiered.offset.enable = false
kafka_compose                   | 	group.consumer.assignment.interval.ms = 1000
kafka_compose                   | 	group.consumer.assignors = [uniform, range]
kafka_compose                   | 	group.consumer.heartbeat.interval.ms = 5000
kafka_compose                   | 	group.consumer.max.assignment.interval.ms = 15000
kafka_compose                   | 	group.consumer.max.heartbeat.interval.ms = 15000
kafka_compose                   | 	group.consumer.max.session.timeout.ms = 60000
kafka_compose                   | 	group.consumer.max.size = 2147483647
kafka_compose                   | 	group.consumer.migration.policy = bidirectional
kafka_compose                   | 	group.consumer.min.assignment.interval.ms = 0
summarization-service-1         | 	share.acquire.mode = BATCH_OPTIMIZED
summarization-service-1         | 	socket.connection.setup.timeout.max.ms = 30000
summarization-service-1         | 	socket.connection.setup.timeout.ms = 10000
kafka_compose                   | 	group.consumer.min.heartbeat.interval.ms = 5000
kafka_compose                   | 	group.consumer.min.session.timeout.ms = 45000
email-sender-1                  | 	metrics.recording.level = INFO
email-sender-1                  | 	metrics.sample.window.ms = 30000
kafka_compose                   | 	group.consumer.regex.refresh.interval.ms = 600000
kafka_compose                   | 	group.consumer.session.timeout.ms = 45000
scheduler-1                     | 2026-09-25T22:06:51.890Z  INFO 1 --- [Container-0-C-1] o.a.k.c.c.internals.ConsumerCoordinator  : [Consumer clientId=consumer-scheduler-service-group-1, groupId=scheduler-service-group] Group coordinator kafka:9092 (id: 2147483646 rack: null isFenced: false) is unavailable or invalid due to cause: error response NOT_COORDINATOR. isDisconnected: false. Rediscovery will be attempted.
scheduler-1                     | 2026-09-25T22:06:51.892Z  INFO 1 --- [Container-0-C-1] o.a.k.c.c.internals.ConsumerCoordinator  : [Consumer clientId=consumer-scheduler-service-group-1, groupId=scheduler-service-group] Requesting disconnect from last known coordinator kafka:9092 (id: 2147483646 rack: null isFenced: false)
scheduler-1                     | 2026-09-25T22:06:51.893Z  INFO 1 --- [Container-0-C-1] o.a.k.c.c.internals.ConsumerCoordinator  : [Consumer clientId=consumer-scheduler-service-group-1, groupId=scheduler-service-group] JoinGroup failed: This is not the correct coordinator. Marking coordinator unknown. Sent generation was Generation{generationId=-1, memberId='', protocol='null'}
kafka_compose                   | 	group.coordinator.append.linger.ms = -1
kafka_compose                   | 	group.coordinator.background.threads = 2
kafka_compose                   | 	group.coordinator.cached.buffer.max.bytes = 1048588
kafka_compose                   | 	group.coordinator.rebalance.protocols = [classic, consumer, streams]
scheduler-1                     | 2026-09-25T22:06:51.896Z  INFO 1 --- [Container-0-C-1] org.apache.kafka.clients.NetworkClient   : [Consumer clientId=consumer-scheduler-service-group-1, groupId=scheduler-service-group] Client requested disconnect from node 2147483646
scheduler-1                     | 2026-09-25T22:06:51.917Z  INFO 1 --- [Container-0-C-1] o.a.k.c.c.internals.ConsumerCoordinator  : [Consumer clientId=consumer-scheduler-service-group-1, groupId=scheduler-service-group] Discovered group coordinator kafka:9092 (id: 2147483646 rack: null isFenced: false)
scheduler-1                     | 2026-09-25T22:06:51.918Z  INFO 1 --- [Container-0-C-1] o.a.k.c.c.internals.ConsumerCoordinator  : [Consumer clientId=consumer-scheduler-service-group-1, groupId=scheduler-service-group] Group coordinator kafka:9092 (id: 2147483646 rack: null isFenced: false) is unavailable or invalid due to cause: coordinator unavailable. isDisconnected: false. Rediscovery will be attempted.
scheduler-1                     | 2026-09-25T22:06:51.919Z  INFO 1 --- [Container-0-C-1] o.a.k.c.c.internals.ConsumerCoordinator  : [Consumer clientId=consumer-scheduler-service-group-1, groupId=scheduler-service-group] Requesting disconnect from last known coordinator kafka:9092 (id: 2147483646 rack: null isFenced: false)
scheduler-1                     | 2026-09-25T22:06:52.027Z  INFO 1 --- [Container-0-C-1] o.a.k.c.c.internals.ConsumerCoordinator  : [Consumer clientId=consumer-scheduler-service-group-1, groupId=scheduler-service-group] Discovered group coordinator kafka:9092 (id: 2147483646 rack: null isFenced: false)
scheduler-1                     | 2026-09-25T22:06:52.030Z  INFO 1 --- [Container-0-C-1] o.a.k.c.c.internals.ConsumerCoordinator  : [Consumer clientId=consumer-scheduler-service-group-1, groupId=scheduler-service-group] Request joining group due to: rebalance failed due to 'This is not the correct coordinator.' (NotCoordinatorException)
scheduler-1                     | 2026-09-25T22:06:52.043Z  INFO 1 --- [Container-0-C-1] o.a.k.c.c.internals.ConsumerCoordinator  : [Consumer clientId=consumer-scheduler-service-group-1, groupId=scheduler-service-group] (Re-)joining group
scheduler-1                     | 2026-09-25T22:06:52.065Z  INFO 1 --- [Container-0-C-1] o.a.k.c.c.internals.ConsumerCoordinator  : [Consumer clientId=consumer-scheduler-service-group-1, groupId=scheduler-service-group] Group coordinator kafka:9092 (id: 2147483646 rack: null isFenced: false) is unavailable or invalid due to cause: error response NOT_COORDINATOR. isDisconnected: false. Rediscovery will be attempted.
scheduler-1                     | 2026-09-25T22:06:52.066Z  INFO 1 --- [Container-0-C-1] o.a.k.c.c.internals.ConsumerCoordinator  : [Consumer clientId=consumer-scheduler-service-group-1, groupId=scheduler-service-group] Requesting disconnect from last known coordinator kafka:9092 (id: 2147483646 rack: null isFenced: false)
email-sender-1                  | 	partition.assignment.strategy = [class org.apache.kafka.clients.consumer.RangeAssignor, class org.apache.kafka.clients.consumer.CooperativeStickyAssignor]
kafka_compose                   | 	group.coordinator.threads = 4
kafka_compose                   | 	group.initial.rebalance.delay.ms = 3000
kafka_compose                   | 	group.max.session.timeout.ms = 1800000
kafka_compose                   | 	group.max.size = 2147483647
kafka_compose                   | 	group.min.session.timeout.ms = 6000
summarization-service-1         | 	ssl.cipher.suites = []
summarization-service-1         | 	ssl.enabled.protocols = [TLSv1.2, TLSv1.3]
kafka_compose                   | 	group.share.assignment.interval.ms = 1000
kafka_compose                   | 	group.share.assignors = [simple]
kafka_compose                   | 	group.share.delivery.count.limit = 5
email-sender-1                  | 	receive.buffer.bytes = 65536
email-sender-1                  | 	reconnect.backoff.max.ms = 1000
email-sender-1                  | 	reconnect.backoff.ms = 50
email-sender-1                  | 	request.timeout.ms = 30000
email-sender-1                  | 	retry.backoff.max.ms = 1000
email-sender-1                  | 	retry.backoff.ms = 100
email-sender-1                  | 	sasl.client.callback.handler.class = null
summarization-service-1         | 	ssl.endpoint.identification.algorithm = https
summarization-service-1         | 	ssl.engine.factory.class = null
summarization-service-1         | 	ssl.key.password = null
summarization-service-1         | 	ssl.keymanager.algorithm = SunX509
scheduler-1                     | 2026-09-25T22:06:52.067Z  INFO 1 --- [Container-0-C-1] o.a.k.c.c.internals.ConsumerCoordinator  : [Consumer clientId=consumer-scheduler-service-group-1, groupId=scheduler-service-group] JoinGroup failed: This is not the correct coordinator. Marking coordinator unknown. Sent generation was Generation{generationId=-1, memberId='', protocol='null'}
scheduler-1                     | 2026-09-25T22:06:52.068Z  INFO 1 --- [Container-0-C-1] org.apache.kafka.clients.NetworkClient   : [Consumer clientId=consumer-scheduler-service-group-1, groupId=scheduler-service-group] Client requested disconnect from node 2147483646
email-sender-1                  | 	sasl.jaas.config = null
email-sender-1                  | 	sasl.kerberos.kinit.cmd = /usr/bin/kinit
email-sender-1                  | 	sasl.kerberos.min.time.before.relogin = 60000
scheduler-1                     | 2026-09-25T22:06:52.086Z  INFO 1 --- [Container-0-C-1] o.a.k.c.c.internals.ConsumerCoordinator  : [Consumer clientId=consumer-scheduler-service-group-1, groupId=scheduler-service-group] Discovered group coordinator kafka:9092 (id: 2147483646 rack: null isFenced: false)
scheduler-1                     | 2026-09-25T22:06:52.088Z  INFO 1 --- [Container-0-C-1] o.a.k.c.c.internals.ConsumerCoordinator  : [Consumer clientId=consumer-scheduler-service-group-1, groupId=scheduler-service-group] Group coordinator kafka:9092 (id: 2147483646 rack: null isFenced: false) is unavailable or invalid due to cause: coordinator unavailable. isDisconnected: false. Rediscovery will be attempted.
scheduler-1                     | 2026-09-25T22:06:52.089Z  INFO 1 --- [Container-0-C-1] o.a.k.c.c.internals.ConsumerCoordinator  : [Consumer clientId=consumer-scheduler-service-group-1, groupId=scheduler-service-group] Requesting disconnect from last known coordinator kafka:9092 (id: 2147483646 rack: null isFenced: false)
scheduler-1                     | 2026-09-25T22:06:52.189Z  INFO 1 --- [Container-0-C-1] o.a.k.c.c.internals.ConsumerCoordinator  : [Consumer clientId=consumer-scheduler-service-group-1, groupId=scheduler-service-group] Discovered group coordinator kafka:9092 (id: 2147483646 rack: null isFenced: false)
summarization-service-1         | 	ssl.keystore.certificate.chain = null
summarization-service-1         | 	ssl.keystore.key = null
summarization-service-1         | 	ssl.keystore.location = null
summarization-service-1         | 	ssl.keystore.password = null
summarization-service-1         | 	ssl.keystore.type = JKS
scheduler-1                     | 2026-09-25T22:06:52.192Z  INFO 1 --- [Container-0-C-1] o.a.k.c.c.internals.ConsumerCoordinator  : [Consumer clientId=consumer-scheduler-service-group-1, groupId=scheduler-service-group] Request joining group due to: rebalance failed due to 'This is not the correct coordinator.' (NotCoordinatorException)
scheduler-1                     | 2026-09-25T22:06:52.197Z  INFO 1 --- [Container-0-C-1] o.a.k.c.c.internals.ConsumerCoordinator  : [Consumer clientId=consumer-scheduler-service-group-1, groupId=scheduler-service-group] (Re-)joining group
scheduler-1                     | 2026-09-25T22:06:52.209Z  WARN 1 --- [Container-0-C-1] org.apache.kafka.clients.NetworkClient   : [Consumer clientId=consumer-scheduler-service-group-1, groupId=scheduler-service-group] The metadata response from the cluster reported a recoverable issue with correlation id 24 : {SCHEDULER_SUMMARIZATION_REPLIES=UNKNOWN_TOPIC_OR_PARTITION}
scheduler-1                     | 2026-09-25T22:06:52.213Z  INFO 1 --- [Container-0-C-1] o.a.k.c.c.internals.ConsumerCoordinator  : [Consumer clientId=consumer-scheduler-service-group-1, groupId=scheduler-service-group] Group coordinator kafka:9092 (id: 2147483646 rack: null isFenced: false) is unavailable or invalid due to cause: error response NOT_COORDINATOR. isDisconnected: false. Rediscovery will be attempted.
scheduler-1                     | 2026-09-25T22:06:52.214Z  INFO 1 --- [Container-0-C-1] o.a.k.c.c.internals.ConsumerCoordinator  : [Consumer clientId=consumer-scheduler-service-group-1, groupId=scheduler-service-group] Requesting disconnect from last known coordinator kafka:9092 (id: 2147483646 rack: null isFenced: false)
scheduler-1                     | 2026-09-25T22:06:52.215Z  INFO 1 --- [Container-0-C-1] o.a.k.c.c.internals.ConsumerCoordinator  : [Consumer clientId=consumer-scheduler-service-group-1, groupId=scheduler-service-group] JoinGroup failed: This is not the correct coordinator. Marking coordinator unknown. Sent generation was Generation{generationId=-1, memberId='', protocol='null'}
scheduler-1                     | 2026-09-25T22:06:52.220Z  INFO 1 --- [Container-0-C-1] org.apache.kafka.clients.NetworkClient   : [Consumer clientId=consumer-scheduler-service-group-1, groupId=scheduler-service-group] Client requested disconnect from node 2147483646
kafka_compose                   | 	group.share.heartbeat.interval.ms = 5000
kafka_compose                   | 	group.share.initialize.retry.interval.ms = 30000
kafka_compose                   | 	group.share.max.assignment.interval.ms = 15000
kafka_compose                   | 	group.share.max.delivery.count.limit = 10
kafka_compose                   | 	group.share.max.heartbeat.interval.ms = 15000
email-sender-1                  | 	sasl.kerberos.service.name = null
email-sender-1                  | 	sasl.kerberos.ticket.renew.jitter = 0.05
email-sender-1                  | 	sasl.kerberos.ticket.renew.window.factor = 0.8
scheduler-1                     | 2026-09-25T22:06:52.229Z  INFO 1 --- [Container-0-C-1] o.a.k.c.c.internals.ConsumerCoordinator  : [Consumer clientId=consumer-scheduler-service-group-1, groupId=scheduler-service-group] Discovered group coordinator kafka:9092 (id: 2147483646 rack: null isFenced: false)
scheduler-1                     | 2026-09-25T22:06:52.230Z  INFO 1 --- [Container-0-C-1] o.a.k.c.c.internals.ConsumerCoordinator  : [Consumer clientId=consumer-scheduler-service-group-1, groupId=scheduler-service-group] Group coordinator kafka:9092 (id: 2147483646 rack: null isFenced: false) is unavailable or invalid due to cause: coordinator unavailable. isDisconnected: false. Rediscovery will be attempted.
scheduler-1                     | 2026-09-25T22:06:52.230Z  INFO 1 --- [Container-0-C-1] o.a.k.c.c.internals.ConsumerCoordinator  : [Consumer clientId=consumer-scheduler-service-group-1, groupId=scheduler-service-group] Requesting disconnect from last known coordinator kafka:9092 (id: 2147483646 rack: null isFenced: false)
scheduler-1                     | 2026-09-25T22:06:52.319Z  INFO 1 --- [Container-0-C-1] o.a.k.c.c.internals.ConsumerCoordinator  : [Consumer clientId=consumer-scheduler-service-group-1, groupId=scheduler-service-group] Discovered group coordinator kafka:9092 (id: 2147483646 rack: null isFenced: false)
scheduler-1                     | 2026-09-25T22:06:52.322Z  INFO 1 --- [Container-0-C-1] o.a.k.c.c.internals.ConsumerCoordinator  : [Consumer clientId=consumer-scheduler-service-group-1, groupId=scheduler-service-group] Request joining group due to: rebalance failed due to 'This is not the correct coordinator.' (NotCoordinatorException)
scheduler-1                     | 2026-09-25T22:06:52.323Z  INFO 1 --- [Container-0-C-1] o.a.k.c.c.internals.ConsumerCoordinator  : [Consumer clientId=consumer-scheduler-service-group-1, groupId=scheduler-service-group] (Re-)joining group
scheduler-1                     | 2026-09-25T22:06:52.336Z  INFO 1 --- [Container-0-C-1] o.a.k.c.c.internals.ConsumerCoordinator  : [Consumer clientId=consumer-scheduler-service-group-1, groupId=scheduler-service-group] Group coordinator kafka:9092 (id: 2147483646 rack: null isFenced: false) is unavailable or invalid due to cause: error response NOT_COORDINATOR. isDisconnected: false. Rediscovery will be attempted.
scheduler-1                     | 2026-09-25T22:06:52.337Z  INFO 1 --- [Container-0-C-1] o.a.k.c.c.internals.ConsumerCoordinator  : [Consumer clientId=consumer-scheduler-service-group-1, groupId=scheduler-service-group] Requesting disconnect from last known coordinator kafka:9092 (id: 2147483646 rack: null isFenced: false)
scheduler-1                     | 2026-09-25T22:06:52.338Z  INFO 1 --- [Container-0-C-1] o.a.k.c.c.internals.ConsumerCoordinator  : [Consumer clientId=consumer-scheduler-service-group-1, groupId=scheduler-service-group] JoinGroup failed: This is not the correct coordinator. Marking coordinator unknown. Sent generation was Generation{generationId=-1, memberId='', protocol='null'}
scheduler-1                     | 2026-09-25T22:06:52.338Z  INFO 1 --- [Container-0-C-1] org.apache.kafka.clients.NetworkClient   : [Consumer clientId=consumer-scheduler-service-group-1, groupId=scheduler-service-group] Client requested disconnect from node 2147483646
scheduler-1                     | 2026-09-25T22:06:52.349Z  INFO 1 --- [Container-0-C-1] o.a.k.c.c.internals.ConsumerCoordinator  : [Consumer clientId=consumer-scheduler-service-group-1, groupId=scheduler-service-group] Discovered group coordinator kafka:9092 (id: 2147483646 rack: null isFenced: false)
kafka_compose                   | 	group.share.max.partition.max.record.locks = 4000
kafka_compose                   | 	group.share.max.record.lock.duration.ms = 60000
kafka_compose                   | 	group.share.max.session.timeout.ms = 60000
kafka_compose                   | 	group.share.max.share.sessions = 2000
kafka_compose                   | 	group.share.max.size = 200
kafka_compose                   | 	group.share.min.assignment.interval.ms = 0
summarization-service-1         | 	ssl.protocol = TLSv1.3
summarization-service-1         | 	ssl.provider = null
summarization-service-1         | 	ssl.secure.random.implementation = null
scheduler-1                     | 2026-09-25T22:06:52.349Z  INFO 1 --- [Container-0-C-1] o.a.k.c.c.internals.ConsumerCoordinator  : [Consumer clientId=consumer-scheduler-service-group-1, groupId=scheduler-service-group] Group coordinator kafka:9092 (id: 2147483646 rack: null isFenced: false) is unavailable or invalid due to cause: coordinator unavailable. isDisconnected: false. Rediscovery will be attempted.
scheduler-1                     | 2026-09-25T22:06:52.350Z  INFO 1 --- [Container-0-C-1] o.a.k.c.c.internals.ConsumerCoordinator  : [Consumer clientId=consumer-scheduler-service-group-1, groupId=scheduler-service-group] Requesting disconnect from last known coordinator kafka:9092 (id: 2147483646 rack: null isFenced: false)
scheduler-1                     | 2026-09-25T22:06:52.451Z  INFO 1 --- [Container-0-C-1] o.a.k.c.c.internals.ConsumerCoordinator  : [Consumer clientId=consumer-scheduler-service-group-1, groupId=scheduler-service-group] Discovered group coordinator kafka:9092 (id: 2147483646 rack: null isFenced: false)
kafka_compose                   | 	group.share.min.delivery.count.limit = 2
kafka_compose                   | 	group.share.min.heartbeat.interval.ms = 5000
kafka_compose                   | 	group.share.min.partition.max.record.locks = 100
kafka_compose                   | 	group.share.min.record.lock.duration.ms = 15000
kafka_compose                   | 	group.share.min.session.timeout.ms = 45000
kafka_compose                   | 	group.share.partition.max.record.locks = 2000
kafka_compose                   | 	group.share.persister.class.name = org.apache.kafka.server.share.persister.DefaultStatePersister
kafka_compose                   | 	group.share.record.lock.duration.ms = 30000
summarization-service-1         | 	ssl.trustmanager.algorithm = PKIX
summarization-service-1         | 	ssl.truststore.certificates = null
email-sender-1                  | 	sasl.login.callback.handler.class = null
email-sender-1                  | 	sasl.login.class = null
email-sender-1                  | 	sasl.login.connect.timeout.ms = null
scheduler-1                     | 2026-09-25T22:06:52.455Z  INFO 1 --- [Container-0-C-1] o.a.k.c.c.internals.ConsumerCoordinator  : [Consumer clientId=consumer-scheduler-service-group-1, groupId=scheduler-service-group] Request joining group due to: rebalance failed due to 'This is not the correct coordinator.' (NotCoordinatorException)
kafka_compose                   | 	group.share.session.timeout.ms = 45000
kafka_compose                   | 	group.streams.assignment.interval.ms = 1000
kafka_compose                   | 	group.streams.heartbeat.interval.ms = 5000
email-sender-1                  | 	sasl.login.read.timeout.ms = null
summarization-service-1         | 	ssl.truststore.location = null
summarization-service-1         | 	ssl.truststore.password = null
summarization-service-1         | 	ssl.truststore.type = JKS
summarization-service-1         | 	value.deserializer = class org.springframework.kafka.support.serializer.JacksonJsonDeserializer
kafka_compose                   | 	group.streams.initial.rebalance.delay.ms = 3000
kafka_compose                   | 	group.streams.max.assignment.interval.ms = 15000
kafka_compose                   | 	group.streams.max.heartbeat.interval.ms = 15000
summarization-service-1         | 
scheduler-1                     | 2026-09-25T22:06:52.457Z  INFO 1 --- [Container-0-C-1] o.a.k.c.c.internals.ConsumerCoordinator  : [Consumer clientId=consumer-scheduler-service-group-1, groupId=scheduler-service-group] (Re-)joining group
scheduler-1                     | 2026-09-25T22:06:52.468Z  INFO 1 --- [Container-0-C-1] o.a.k.c.c.internals.ConsumerCoordinator  : [Consumer clientId=consumer-scheduler-service-group-1, groupId=scheduler-service-group] Group coordinator kafka:9092 (id: 2147483646 rack: null isFenced: false) is unavailable or invalid due to cause: error response NOT_COORDINATOR. isDisconnected: false. Rediscovery will be attempted.
scheduler-1                     | 2026-09-25T22:06:52.468Z  INFO 1 --- [Container-0-C-1] o.a.k.c.c.internals.ConsumerCoordinator  : [Consumer clientId=consumer-scheduler-service-group-1, groupId=scheduler-service-group] Requesting disconnect from last known coordinator kafka:9092 (id: 2147483646 rack: null isFenced: false)
kafka_compose                   | 	group.streams.max.session.timeout.ms = 60000
kafka_compose                   | 	group.streams.max.size = 2147483647
kafka_compose                   | 	group.streams.max.standby.replicas = 2
summarization-service-1         | 2026-09-25T22:06:50.457Z  INFO 1 --- [           main] o.a.k.c.t.i.KafkaMetricsCollector        : initializing Kafka metrics collector
summarization-service-1         | 2026-09-25T22:06:50.954Z  INFO 1 --- [           main] o.a.kafka.common.utils.AppInfoParser     : Kafka version: 4.2.1
summarization-service-1         | 2026-09-25T22:06:50.954Z  INFO 1 --- [           main] o.a.kafka.common.utils.AppInfoParser     : Kafka commitId: 92f61c44867f39dc
summarization-service-1         | 2026-09-25T22:06:50.955Z  INFO 1 --- [           main] o.a.kafka.common.utils.AppInfoParser     : Kafka startTimeMs: 1790374010954
summarization-service-1         | 2026-09-25T22:06:50.960Z  INFO 1 --- [           main] o.a.k.c.c.i.ClassicKafkaConsumer         : [Consumer clientId=consumer-summarization-service-group-1, groupId=summarization-service-group] Subscribed to topic(s): SCHEDULER_SUMMARIZATION_REQUESTS
summarization-service-1         | 2026-09-25T22:06:51.009Z  INFO 1 --- [           main] t.s.SummarizationServiceApplication      : Started SummarizationServiceApplication in 17.354 seconds (process running for 21.239)
summarization-service-1         | 2026-09-25T22:06:51.076Z  WARN 1 --- [ntainer#0-0-C-1] org.apache.kafka.clients.NetworkClient   : [Consumer clientId=consumer-summarization-service-group-1, groupId=summarization-service-group] The metadata response from the cluster reported a recoverable issue with correlation id 2 : {SCHEDULER_SUMMARIZATION_REQUESTS=UNKNOWN_TOPIC_OR_PARTITION}
email-sender-1                  | 	sasl.login.refresh.buffer.seconds = 300
email-sender-1                  | 	sasl.login.refresh.min.period.seconds = 60
email-sender-1                  | 	sasl.login.refresh.window.factor = 0.8
summarization-service-1         | 2026-09-25T22:06:51.081Z  INFO 1 --- [ntainer#0-0-C-1] org.apache.kafka.clients.Metadata        : [Consumer clientId=consumer-summarization-service-group-1, groupId=summarization-service-group] Cluster ID: 4L6g3nShT-eMCtK--X86sw
summarization-service-1         | 2026-09-25T22:06:51.101Z  INFO 1 --- [ntainer#0-0-C-1] o.a.k.c.c.internals.ConsumerCoordinator  : [Consumer clientId=consumer-summarization-service-group-1, groupId=summarization-service-group] Discovered group coordinator kafka:9092 (id: 2147483646 rack: null isFenced: false)
scheduler-1                     | 2026-09-25T22:06:52.469Z  INFO 1 --- [Container-0-C-1] o.a.k.c.c.internals.ConsumerCoordinator  : [Consumer clientId=consumer-scheduler-service-group-1, groupId=scheduler-service-group] JoinGroup failed: This is not the correct coordinator. Marking coordinator unknown. Sent generation was Generation{generationId=-1, memberId='', protocol='null'}
scheduler-1                     | 2026-09-25T22:06:52.469Z  INFO 1 --- [Container-0-C-1] org.apache.kafka.clients.NetworkClient   : [Consumer clientId=consumer-scheduler-service-group-1, groupId=scheduler-service-group] Client requested disconnect from node 2147483646
scheduler-1                     | 2026-09-25T22:06:52.473Z  INFO 1 --- [Container-0-C-1] o.a.k.c.c.internals.ConsumerCoordinator  : [Consumer clientId=consumer-scheduler-service-group-1, groupId=scheduler-service-group] Discovered group coordinator kafka:9092 (id: 2147483646 rack: null isFenced: false)
summarization-service-1         | 2026-09-25T22:06:51.109Z  INFO 1 --- [ntainer#0-0-C-1] o.a.k.c.c.internals.ConsumerCoordinator  : [Consumer clientId=consumer-summarization-service-group-1, groupId=summarization-service-group] (Re-)joining group
summarization-service-1         | 2026-09-25T22:06:51.244Z  WARN 1 --- [ntainer#0-0-C-1] org.apache.kafka.clients.NetworkClient   : [Consumer clientId=consumer-summarization-service-group-1, groupId=summarization-service-group] The metadata response from the cluster reported a recoverable issue with correlation id 7 : {SCHEDULER_SUMMARIZATION_REQUESTS=UNKNOWN_TOPIC_OR_PARTITION}
email-sender-1                  | 	sasl.login.refresh.window.jitter = 0.05
email-sender-1                  | 	sasl.login.retry.backoff.max.ms = 10000
email-sender-1                  | 	sasl.login.retry.backoff.ms = 100
summarization-service-1         | 2026-09-25T22:06:51.245Z  INFO 1 --- [ntainer#0-0-C-1] o.a.k.c.c.internals.ConsumerCoordinator  : [Consumer clientId=consumer-summarization-service-group-1, groupId=summarization-service-group] Group coordinator kafka:9092 (id: 2147483646 rack: null isFenced: false) is unavailable or invalid due to cause: error response NOT_COORDINATOR. isDisconnected: false. Rediscovery will be attempted.
kafka_compose                   | 	group.streams.min.assignment.interval.ms = 0
kafka_compose                   | 	group.streams.min.heartbeat.interval.ms = 5000
kafka_compose                   | 	group.streams.min.session.timeout.ms = 45000
email-sender-1                  | 	sasl.mechanism = GSSAPI
email-sender-1                  | 	sasl.oauthbearer.assertion.algorithm = RS256
email-sender-1                  | 	sasl.oauthbearer.assertion.claim.aud = null
summarization-service-1         | 2026-09-25T22:06:51.246Z  INFO 1 --- [ntainer#0-0-C-1] o.a.k.c.c.internals.ConsumerCoordinator  : [Consumer clientId=consumer-summarization-service-group-1, groupId=summarization-service-group] Requesting disconnect from last known coordinator kafka:9092 (id: 2147483646 rack: null isFenced: false)
summarization-service-1         | 2026-09-25T22:06:51.264Z  INFO 1 --- [ntainer#0-0-C-1] o.a.k.c.c.internals.ConsumerCoordinator  : [Consumer clientId=consumer-summarization-service-group-1, groupId=summarization-service-group] JoinGroup failed: This is not the correct coordinator. Marking coordinator unknown. Sent generation was Generation{generationId=-1, memberId='', protocol='null'}
summarization-service-1         | 2026-09-25T22:06:51.267Z  INFO 1 --- [ntainer#0-0-C-1] org.apache.kafka.clients.NetworkClient   : [Consumer clientId=consumer-summarization-service-group-1, groupId=summarization-service-group] Client requested disconnect from node 2147483646
summarization-service-1         | 2026-09-25T22:06:51.276Z  INFO 1 --- [ntainer#0-0-C-1] o.a.k.c.c.internals.ConsumerCoordinator  : [Consumer clientId=consumer-summarization-service-group-1, groupId=summarization-service-group] Discovered group coordinator kafka:9092 (id: 2147483646 rack: null isFenced: false)
scheduler-1                     | 2026-09-25T22:06:52.474Z  INFO 1 --- [Container-0-C-1] o.a.k.c.c.internals.ConsumerCoordinator  : [Consumer clientId=consumer-scheduler-service-group-1, groupId=scheduler-service-group] Group coordinator kafka:9092 (id: 2147483646 rack: null isFenced: false) is unavailable or invalid due to cause: coordinator unavailable. isDisconnected: false. Rediscovery will be attempted.
scheduler-1                     | 2026-09-25T22:06:52.475Z  INFO 1 --- [Container-0-C-1] o.a.k.c.c.internals.ConsumerCoordinator  : [Consumer clientId=consumer-scheduler-service-group-1, groupId=scheduler-service-group] Requesting disconnect from last known coordinator kafka:9092 (id: 2147483646 rack: null isFenced: false)
kafka_compose                   | 	group.streams.num.standby.replicas = 0
kafka_compose                   | 	group.streams.session.timeout.ms = 45000
scheduler-1                     | 2026-09-25T22:06:52.594Z  INFO 1 --- [Container-0-C-1] o.a.k.c.c.internals.ConsumerCoordinator  : [Consumer clientId=consumer-scheduler-service-group-1, groupId=scheduler-service-group] Discovered group coordinator kafka:9092 (id: 2147483646 rack: null isFenced: false)
scheduler-1                     | 2026-09-25T22:06:52.595Z  INFO 1 --- [Container-0-C-1] o.a.k.c.c.internals.ConsumerCoordinator  : [Consumer clientId=consumer-scheduler-service-group-1, groupId=scheduler-service-group] Request joining group due to: rebalance failed due to 'This is not the correct coordinator.' (NotCoordinatorException)
summarization-service-1         | 2026-09-25T22:06:51.277Z  INFO 1 --- [ntainer#0-0-C-1] o.a.k.c.c.internals.ConsumerCoordinator  : [Consumer clientId=consumer-summarization-service-group-1, groupId=summarization-service-group] Group coordinator kafka:9092 (id: 2147483646 rack: null isFenced: false) is unavailable or invalid due to cause: coordinator unavailable. isDisconnected: false. Rediscovery will be attempted.
summarization-service-1         | 2026-09-25T22:06:51.279Z  INFO 1 --- [ntainer#0-0-C-1] o.a.k.c.c.internals.ConsumerCoordinator  : [Consumer clientId=consumer-summarization-service-group-1, groupId=summarization-service-group] Requesting disconnect from last known coordinator kafka:9092 (id: 2147483646 rack: null isFenced: false)
summarization-service-1         | 2026-09-25T22:06:51.375Z  INFO 1 --- [ntainer#0-0-C-1] o.a.k.c.c.internals.ConsumerCoordinator  : [Consumer clientId=consumer-summarization-service-group-1, groupId=summarization-service-group] Discovered group coordinator kafka:9092 (id: 2147483646 rack: null isFenced: false)
summarization-service-1         | 2026-09-25T22:06:51.381Z  INFO 1 --- [ntainer#0-0-C-1] o.a.k.c.c.internals.ConsumerCoordinator  : [Consumer clientId=consumer-summarization-service-group-1, groupId=summarization-service-group] Request joining group due to: rebalance failed due to 'This is not the correct coordinator.' (NotCoordinatorException)
summarization-service-1         | 2026-09-25T22:06:51.384Z  INFO 1 --- [ntainer#0-0-C-1] o.a.k.c.c.internals.ConsumerCoordinator  : [Consumer clientId=consumer-summarization-service-group-1, groupId=summarization-service-group] (Re-)joining group
summarization-service-1         | 2026-09-25T22:06:51.439Z  INFO 1 --- [ntainer#0-0-C-1] o.a.k.c.c.internals.ConsumerCoordinator  : [Consumer clientId=consumer-summarization-service-group-1, groupId=summarization-service-group] Group coordinator kafka:9092 (id: 2147483646 rack: null isFenced: false) is unavailable or invalid due to cause: error response NOT_COORDINATOR. isDisconnected: false. Rediscovery will be attempted.
summarization-service-1         | 2026-09-25T22:06:51.441Z  INFO 1 --- [ntainer#0-0-C-1] o.a.k.c.c.internals.ConsumerCoordinator  : [Consumer clientId=consumer-summarization-service-group-1, groupId=summarization-service-group] Requesting disconnect from last known coordinator kafka:9092 (id: 2147483646 rack: null isFenced: false)
summarization-service-1         | 2026-09-25T22:06:51.442Z  INFO 1 --- [ntainer#0-0-C-1] o.a.k.c.c.internals.ConsumerCoordinator  : [Consumer clientId=consumer-summarization-service-group-1, groupId=summarization-service-group] JoinGroup failed: This is not the correct coordinator. Marking coordinator unknown. Sent generation was Generation{generationId=-1, memberId='', protocol='null'}
summarization-service-1         | 2026-09-25T22:06:51.443Z  INFO 1 --- [ntainer#0-0-C-1] org.apache.kafka.clients.NetworkClient   : [Consumer clientId=consumer-summarization-service-group-1, groupId=summarization-service-group] Client requested disconnect from node 2147483646
scheduler-1                     | 2026-09-25T22:06:52.597Z  INFO 1 --- [Container-0-C-1] o.a.k.c.c.internals.ConsumerCoordinator  : [Consumer clientId=consumer-scheduler-service-group-1, groupId=scheduler-service-group] (Re-)joining group
scheduler-1                     | 2026-09-25T22:06:52.604Z  INFO 1 --- [Container-0-C-1] o.a.k.c.c.internals.ConsumerCoordinator  : [Consumer clientId=consumer-scheduler-service-group-1, groupId=scheduler-service-group] Group coordinator kafka:9092 (id: 2147483646 rack: null isFenced: false) is unavailable or invalid due to cause: error response NOT_COORDINATOR. isDisconnected: false. Rediscovery will be attempted.
email-sender-1                  | 	sasl.oauthbearer.assertion.claim.exp.seconds = 300
email-sender-1                  | 	sasl.oauthbearer.assertion.claim.iss = null
kafka_compose                   | 	initial.broker.registration.timeout.ms = 60000
kafka_compose                   | 	inter.broker.listener.name = PLAINTEXT
kafka_compose                   | 	internal.metadata.delete.delay.millis = 60000
email-sender-1                  | 	sasl.oauthbearer.assertion.claim.jti.include = false
email-sender-1                  | 	sasl.oauthbearer.assertion.claim.nbf.seconds = 60
email-sender-1                  | 	sasl.oauthbearer.assertion.claim.sub = null
email-sender-1                  | 	sasl.oauthbearer.assertion.file = null
email-sender-1                  | 	sasl.oauthbearer.assertion.private.key.file = null
email-sender-1                  | 	sasl.oauthbearer.assertion.private.key.passphrase = null
email-sender-1                  | 	sasl.oauthbearer.assertion.template.file = null
email-sender-1                  | 	sasl.oauthbearer.client.credentials.client.id = null
email-sender-1                  | 	sasl.oauthbearer.client.credentials.client.secret = null
email-sender-1                  | 	sasl.oauthbearer.clock.skew.seconds = 30
scheduler-1                     | 2026-09-25T22:06:52.604Z  INFO 1 --- [Container-0-C-1] o.a.k.c.c.internals.ConsumerCoordinator  : [Consumer clientId=consumer-scheduler-service-group-1, groupId=scheduler-service-group] Requesting disconnect from last known coordinator kafka:9092 (id: 2147483646 rack: null isFenced: false)
scheduler-1                     | 2026-09-25T22:06:52.605Z  INFO 1 --- [Container-0-C-1] o.a.k.c.c.internals.ConsumerCoordinator  : [Consumer clientId=consumer-scheduler-service-group-1, groupId=scheduler-service-group] JoinGroup failed: This is not the correct coordinator. Marking coordinator unknown. Sent generation was Generation{generationId=-1, memberId='', protocol='null'}
scheduler-1                     | 2026-09-25T22:06:52.605Z  INFO 1 --- [Container-0-C-1] org.apache.kafka.clients.NetworkClient   : [Consumer clientId=consumer-scheduler-service-group-1, groupId=scheduler-service-group] Client requested disconnect from node 2147483646
scheduler-1                     | 2026-09-25T22:06:52.612Z  INFO 1 --- [Container-0-C-1] o.a.k.c.c.internals.ConsumerCoordinator  : [Consumer clientId=consumer-scheduler-service-group-1, groupId=scheduler-service-group] Discovered group coordinator kafka:9092 (id: 2147483646 rack: null isFenced: false)
kafka_compose                   | 	internal.metadata.log.segment.bytes = null
kafka_compose                   | 	internal.metadata.max.batch.size.in.bytes = 8388608
kafka_compose                   | 	kafka.metrics.polling.interval.secs = 10
summarization-service-1         | 2026-09-25T22:06:51.457Z  WARN 1 --- [ntainer#0-0-C-1] org.apache.kafka.clients.NetworkClient   : [Consumer clientId=consumer-summarization-service-group-1, groupId=summarization-service-group] The metadata response from the cluster reported a recoverable issue with correlation id 12 : {SCHEDULER_SUMMARIZATION_REQUESTS=UNKNOWN_TOPIC_OR_PARTITION}
summarization-service-1         | 2026-09-25T22:06:51.471Z  INFO 1 --- [ntainer#0-0-C-1] o.a.k.c.c.internals.ConsumerCoordinator  : [Consumer clientId=consumer-summarization-service-group-1, groupId=summarization-service-group] Discovered group coordinator kafka:9092 (id: 2147483646 rack: null isFenced: false)
summarization-service-1         | 2026-09-25T22:06:51.472Z  INFO 1 --- [ntainer#0-0-C-1] o.a.k.c.c.internals.ConsumerCoordinator  : [Consumer clientId=consumer-summarization-service-group-1, groupId=summarization-service-group] Group coordinator kafka:9092 (id: 2147483646 rack: null isFenced: false) is unavailable or invalid due to cause: coordinator unavailable. isDisconnected: false. Rediscovery will be attempted.
kafka_compose                   | 	kafka.metrics.reporters = []
kafka_compose                   | 	leader.imbalance.check.interval.seconds = 300
summarization-service-1         | 2026-09-25T22:06:51.472Z  INFO 1 --- [ntainer#0-0-C-1] o.a.k.c.c.internals.ConsumerCoordinator  : [Consumer clientId=consumer-summarization-service-group-1, groupId=summarization-service-group] Requesting disconnect from last known coordinator kafka:9092 (id: 2147483646 rack: null isFenced: false)
summarization-service-1         | 2026-09-25T22:06:51.576Z  INFO 1 --- [ntainer#0-0-C-1] o.a.k.c.c.internals.ConsumerCoordinator  : [Consumer clientId=consumer-summarization-service-group-1, groupId=summarization-service-group] Discovered group coordinator kafka:9092 (id: 2147483646 rack: null isFenced: false)
summarization-service-1         | 2026-09-25T22:06:51.583Z  INFO 1 --- [ntainer#0-0-C-1] o.a.k.c.c.internals.ConsumerCoordinator  : [Consumer clientId=consumer-summarization-service-group-1, groupId=summarization-service-group] Request joining group due to: rebalance failed due to 'This is not the correct coordinator.' (NotCoordinatorException)
kafka_compose                   | 	listener.security.protocol.map = CONTROLLER:PLAINTEXT,PLAINTEXT:PLAINTEXT,PLAINTEXT_HOST:PLAINTEXT
kafka_compose                   | 	listeners = [CONTROLLER://:29093, PLAINTEXT://:9092, PLAINTEXT_HOST://:9094]
email-sender-1                  | 	sasl.oauthbearer.expected.audience = []
email-sender-1                  | 	sasl.oauthbearer.expected.issuer = null
email-sender-1                  | 	sasl.oauthbearer.header.urlencode = false
email-sender-1                  | 	sasl.oauthbearer.jwks.endpoint.refresh.ms = 3600000
email-sender-1                  | 	sasl.oauthbearer.jwks.endpoint.retry.backoff.max.ms = 10000
scheduler-1                     | 2026-09-25T22:06:52.613Z  INFO 1 --- [Container-0-C-1] o.a.k.c.c.internals.ConsumerCoordinator  : [Consumer clientId=consumer-scheduler-service-group-1, groupId=scheduler-service-group] Group coordinator kafka:9092 (id: 2147483646 rack: null isFenced: false) is unavailable or invalid due to cause: coordinator unavailable. isDisconnected: false. Rediscovery will be attempted.
scheduler-1                     | 2026-09-25T22:06:52.614Z  INFO 1 --- [Container-0-C-1] o.a.k.c.c.internals.ConsumerCoordinator  : [Consumer clientId=consumer-scheduler-service-group-1, groupId=scheduler-service-group] Requesting disconnect from last known coordinator kafka:9092 (id: 2147483646 rack: null isFenced: false)
scheduler-1                     | 2026-09-25T22:06:52.724Z  INFO 1 --- [Container-0-C-1] o.a.k.c.c.internals.ConsumerCoordinator  : [Consumer clientId=consumer-scheduler-service-group-1, groupId=scheduler-service-group] Discovered group coordinator kafka:9092 (id: 2147483646 rack: null isFenced: false)
scheduler-1                     | 2026-09-25T22:06:52.726Z  INFO 1 --- [Container-0-C-1] o.a.k.c.c.internals.ConsumerCoordinator  : [Consumer clientId=consumer-scheduler-service-group-1, groupId=scheduler-service-group] Request joining group due to: rebalance failed due to 'This is not the correct coordinator.' (NotCoordinatorException)
scheduler-1                     | 2026-09-25T22:06:52.728Z  INFO 1 --- [Container-0-C-1] o.a.k.c.c.internals.ConsumerCoordinator  : [Consumer clientId=consumer-scheduler-service-group-1, groupId=scheduler-service-group] (Re-)joining group
scheduler-1                     | 2026-09-25T22:06:52.737Z  INFO 1 --- [Container-0-C-1] o.a.k.c.c.internals.ConsumerCoordinator  : [Consumer clientId=consumer-scheduler-service-group-1, groupId=scheduler-service-group] Group coordinator kafka:9092 (id: 2147483646 rack: null isFenced: false) is unavailable or invalid due to cause: error response NOT_COORDINATOR. isDisconnected: false. Rediscovery will be attempted.
scheduler-1                     | 2026-09-25T22:06:52.738Z  INFO 1 --- [Container-0-C-1] o.a.k.c.c.internals.ConsumerCoordinator  : [Consumer clientId=consumer-scheduler-service-group-1, groupId=scheduler-service-group] Requesting disconnect from last known coordinator kafka:9092 (id: 2147483646 rack: null isFenced: false)
kafka_compose                   | 	log.cleaner.backoff.ms = 15000
kafka_compose                   | 	log.cleaner.dedupe.buffer.size = 134217728
kafka_compose                   | 	log.cleaner.delete.retention.ms = 86400000
kafka_compose                   | 	log.cleaner.enable = true
summarization-service-1         | 2026-09-25T22:06:51.586Z  INFO 1 --- [ntainer#0-0-C-1] o.a.k.c.c.internals.ConsumerCoordinator  : [Consumer clientId=consumer-summarization-service-group-1, groupId=summarization-service-group] (Re-)joining group
scheduler-1                     | 2026-09-25T22:06:52.738Z  INFO 1 --- [Container-0-C-1] o.a.k.c.c.internals.ConsumerCoordinator  : [Consumer clientId=consumer-scheduler-service-group-1, groupId=scheduler-service-group] JoinGroup failed: This is not the correct coordinator. Marking coordinator unknown. Sent generation was Generation{generationId=-1, memberId='', protocol='null'}
kafka_compose                   | 	log.cleaner.io.buffer.load.factor = 0.9
kafka_compose                   | 	log.cleaner.io.buffer.size = 524288
kafka_compose                   | 	log.cleaner.io.max.bytes.per.second = 1.7976931348623157E308
kafka_compose                   | 	log.cleaner.max.compaction.lag.ms = 9223372036854775807
kafka_compose                   | 	log.cleaner.min.cleanable.ratio = 0.5
kafka_compose                   | 	log.cleaner.min.compaction.lag.ms = 0
summarization-service-1         | 2026-09-25T22:06:51.597Z  INFO 1 --- [ntainer#0-0-C-1] o.a.k.c.c.internals.ConsumerCoordinator  : [Consumer clientId=consumer-summarization-service-group-1, groupId=summarization-service-group] Group coordinator kafka:9092 (id: 2147483646 rack: null isFenced: false) is unavailable or invalid due to cause: error response NOT_COORDINATOR. isDisconnected: false. Rediscovery will be attempted.
summarization-service-1         | 2026-09-25T22:06:51.598Z  INFO 1 --- [ntainer#0-0-C-1] o.a.k.c.c.internals.ConsumerCoordinator  : [Consumer clientId=consumer-summarization-service-group-1, groupId=summarization-service-group] Requesting disconnect from last known coordinator kafka:9092 (id: 2147483646 rack: null isFenced: false)
summarization-service-1         | 2026-09-25T22:06:51.598Z  INFO 1 --- [ntainer#0-0-C-1] o.a.k.c.c.internals.ConsumerCoordinator  : [Consumer clientId=consumer-summarization-service-group-1, groupId=summarization-service-group] JoinGroup failed: This is not the correct coordinator. Marking coordinator unknown. Sent generation was Generation{generationId=-1, memberId='', protocol='null'}
scheduler-1                     | 2026-09-25T22:06:52.741Z  INFO 1 --- [Container-0-C-1] org.apache.kafka.clients.NetworkClient   : [Consumer clientId=consumer-scheduler-service-group-1, groupId=scheduler-service-group] Client requested disconnect from node 2147483646
scheduler-1                     | 2026-09-25T22:06:52.748Z  INFO 1 --- [Container-0-C-1] o.a.k.c.c.internals.ConsumerCoordinator  : [Consumer clientId=consumer-scheduler-service-group-1, groupId=scheduler-service-group] Discovered group coordinator kafka:9092 (id: 2147483646 rack: null isFenced: false)
scheduler-1                     | 2026-09-25T22:06:52.749Z  INFO 1 --- [Container-0-C-1] o.a.k.c.c.internals.ConsumerCoordinator  : [Consumer clientId=consumer-scheduler-service-group-1, groupId=scheduler-service-group] Group coordinator kafka:9092 (id: 2147483646 rack: null isFenced: false) is unavailable or invalid due to cause: coordinator unavailable. isDisconnected: false. Rediscovery will be attempted.
summarization-service-1         | 2026-09-25T22:06:51.599Z  INFO 1 --- [ntainer#0-0-C-1] org.apache.kafka.clients.NetworkClient   : [Consumer clientId=consumer-summarization-service-group-1, groupId=summarization-service-group] Client requested disconnect from node 2147483646
summarization-service-1         | 2026-09-25T22:06:51.607Z  INFO 1 --- [ntainer#0-0-C-1] o.a.k.c.c.internals.ConsumerCoordinator  : [Consumer clientId=consumer-summarization-service-group-1, groupId=summarization-service-group] Discovered group coordinator kafka:9092 (id: 2147483646 rack: null isFenced: false)
scheduler-1                     | 2026-09-25T22:06:52.749Z  INFO 1 --- [Container-0-C-1] o.a.k.c.c.internals.ConsumerCoordinator  : [Consumer clientId=consumer-scheduler-service-group-1, groupId=scheduler-service-group] Requesting disconnect from last known coordinator kafka:9092 (id: 2147483646 rack: null isFenced: false)
scheduler-1                     | 2026-09-25T22:06:52.849Z  INFO 1 --- [Container-0-C-1] o.a.k.c.c.internals.ConsumerCoordinator  : [Consumer clientId=consumer-scheduler-service-group-1, groupId=scheduler-service-group] Discovered group coordinator kafka:9092 (id: 2147483646 rack: null isFenced: false)
scheduler-1                     | 2026-09-25T22:06:52.852Z  INFO 1 --- [Container-0-C-1] o.a.k.c.c.internals.ConsumerCoordinator  : [Consumer clientId=consumer-scheduler-service-group-1, groupId=scheduler-service-group] Request joining group due to: rebalance failed due to 'This is not the correct coordinator.' (NotCoordinatorException)
scheduler-1                     | 2026-09-25T22:06:52.857Z  INFO 1 --- [Container-0-C-1] o.a.k.c.c.internals.ConsumerCoordinator  : [Consumer clientId=consumer-scheduler-service-group-1, groupId=scheduler-service-group] (Re-)joining group
scheduler-1                     | 2026-09-25T22:06:52.867Z  INFO 1 --- [Container-0-C-1] o.a.k.c.c.internals.ConsumerCoordinator  : [Consumer clientId=consumer-scheduler-service-group-1, groupId=scheduler-service-group] Group coordinator kafka:9092 (id: 2147483646 rack: null isFenced: false) is unavailable or invalid due to cause: error response NOT_COORDINATOR. isDisconnected: false. Rediscovery will be attempted.
scheduler-1                     | 2026-09-25T22:06:52.873Z  INFO 1 --- [Container-0-C-1] o.a.k.c.c.internals.ConsumerCoordinator  : [Consumer clientId=consumer-scheduler-service-group-1, groupId=scheduler-service-group] Requesting disconnect from last known coordinator kafka:9092 (id: 2147483646 rack: null isFenced: false)
scheduler-1                     | 2026-09-25T22:06:52.875Z  INFO 1 --- [Container-0-C-1] o.a.k.c.c.internals.ConsumerCoordinator  : [Consumer clientId=consumer-scheduler-service-group-1, groupId=scheduler-service-group] JoinGroup failed: This is not the correct coordinator. Marking coordinator unknown. Sent generation was Generation{generationId=-1, memberId='', protocol='null'}
scheduler-1                     | 2026-09-25T22:06:52.876Z  INFO 1 --- [Container-0-C-1] org.apache.kafka.clients.NetworkClient   : [Consumer clientId=consumer-scheduler-service-group-1, groupId=scheduler-service-group] Client requested disconnect from node 2147483646
scheduler-1                     | 2026-09-25T22:06:52.881Z  INFO 1 --- [Container-0-C-1] o.a.k.c.c.internals.ConsumerCoordinator  : [Consumer clientId=consumer-scheduler-service-group-1, groupId=scheduler-service-group] Discovered group coordinator kafka:9092 (id: 2147483646 rack: null isFenced: false)
scheduler-1                     | 2026-09-25T22:06:52.881Z  INFO 1 --- [Container-0-C-1] o.a.k.c.c.internals.ConsumerCoordinator  : [Consumer clientId=consumer-scheduler-service-group-1, groupId=scheduler-service-group] Group coordinator kafka:9092 (id: 2147483646 rack: null isFenced: false) is unavailable or invalid due to cause: coordinator unavailable. isDisconnected: false. Rediscovery will be attempted.
scheduler-1                     | 2026-09-25T22:06:52.882Z  INFO 1 --- [Container-0-C-1] o.a.k.c.c.internals.ConsumerCoordinator  : [Consumer clientId=consumer-scheduler-service-group-1, groupId=scheduler-service-group] Requesting disconnect from last known coordinator kafka:9092 (id: 2147483646 rack: null isFenced: false)
scheduler-1                     | 2026-09-25T22:06:52.986Z  WARN 1 --- [Container-0-C-1] org.apache.kafka.clients.NetworkClient   : [Consumer clientId=consumer-scheduler-service-group-1, groupId=scheduler-service-group] The metadata response from the cluster reported a recoverable issue with correlation id 48 : {SCHEDULER_SUMMARIZATION_REPLIES=UNKNOWN_TOPIC_OR_PARTITION}
scheduler-1                     | 2026-09-25T22:06:52.989Z  INFO 1 --- [Container-0-C-1] o.a.k.c.c.internals.ConsumerCoordinator  : [Consumer clientId=consumer-scheduler-service-group-1, groupId=scheduler-service-group] Discovered group coordinator kafka:9092 (id: 2147483646 rack: null isFenced: false)
scheduler-1                     | 2026-09-25T22:06:53.000Z  INFO 1 --- [Container-0-C-1] o.a.k.c.c.internals.ConsumerCoordinator  : [Consumer clientId=consumer-scheduler-service-group-1, groupId=scheduler-service-group] Request joining group due to: rebalance failed due to 'This is not the correct coordinator.' (NotCoordinatorException)
scheduler-1                     | 2026-09-25T22:06:53.004Z  INFO 1 --- [Container-0-C-1] o.a.k.c.c.internals.ConsumerCoordinator  : [Consumer clientId=consumer-scheduler-service-group-1, groupId=scheduler-service-group] (Re-)joining group
summarization-service-1         | 2026-09-25T22:06:51.609Z  INFO 1 --- [ntainer#0-0-C-1] o.a.k.c.c.internals.ConsumerCoordinator  : [Consumer clientId=consumer-summarization-service-group-1, groupId=summarization-service-group] Group coordinator kafka:9092 (id: 2147483646 rack: null isFenced: false) is unavailable or invalid due to cause: coordinator unavailable. isDisconnected: false. Rediscovery will be attempted.
summarization-service-1         | 2026-09-25T22:06:51.609Z  INFO 1 --- [ntainer#0-0-C-1] o.a.k.c.c.internals.ConsumerCoordinator  : [Consumer clientId=consumer-summarization-service-group-1, groupId=summarization-service-group] Requesting disconnect from last known coordinator kafka:9092 (id: 2147483646 rack: null isFenced: false)
kafka_compose                   | 	log.cleaner.threads = 1
scheduler-1                     | 2026-09-25T22:06:53.028Z  INFO 1 --- [Container-0-C-1] o.a.k.c.c.internals.ConsumerCoordinator  : [Consumer clientId=consumer-scheduler-service-group-1, groupId=scheduler-service-group] Group coordinator kafka:9092 (id: 2147483646 rack: null isFenced: false) is unavailable or invalid due to cause: error response NOT_COORDINATOR. isDisconnected: false. Rediscovery will be attempted.
scheduler-1                     | 2026-09-25T22:06:53.029Z  INFO 1 --- [Container-0-C-1] o.a.k.c.c.internals.ConsumerCoordinator  : [Consumer clientId=consumer-scheduler-service-group-1, groupId=scheduler-service-group] Requesting disconnect from last known coordinator kafka:9092 (id: 2147483646 rack: null isFenced: false)
email-sender-1                  | 	sasl.oauthbearer.jwks.endpoint.retry.backoff.ms = 100
email-sender-1                  | 	sasl.oauthbearer.jwks.endpoint.url = null
email-sender-1                  | 	sasl.oauthbearer.jwt.retriever.class = class org.apache.kafka.common.security.oauthbearer.DefaultJwtRetriever
email-sender-1                  | 	sasl.oauthbearer.jwt.validator.class = class org.apache.kafka.common.security.oauthbearer.DefaultJwtValidator
email-sender-1                  | 	sasl.oauthbearer.scope = null
kafka_compose                   | 	log.cleanup.policy = [delete]
kafka_compose                   | 	log.dir = [/tmp/kafka-logs]
kafka_compose                   | 	log.dir.failure.timeout.ms = 30000
email-sender-1                  | 	sasl.oauthbearer.scope.claim.name = scope
email-sender-1                  | 	sasl.oauthbearer.sub.claim.name = sub
email-sender-1                  | 	sasl.oauthbearer.token.endpoint.url = null
kafka_compose                   | 	log.dirs = null
scheduler-1                     | 2026-09-25T22:06:53.029Z  INFO 1 --- [Container-0-C-1] o.a.k.c.c.internals.ConsumerCoordinator  : [Consumer clientId=consumer-scheduler-service-group-1, groupId=scheduler-service-group] JoinGroup failed: This is not the correct coordinator. Marking coordinator unknown. Sent generation was Generation{generationId=-1, memberId='', protocol='null'}
scheduler-1                     | 2026-09-25T22:06:53.030Z  INFO 1 --- [Container-0-C-1] org.apache.kafka.clients.NetworkClient   : [Consumer clientId=consumer-scheduler-service-group-1, groupId=scheduler-service-group] Client requested disconnect from node 2147483646
email-sender-1                  | 	security.protocol = PLAINTEXT
email-sender-1                  | 	security.providers = null
email-sender-1                  | 	send.buffer.bytes = 131072
kafka_compose                   | 	log.flush.interval.messages = 9223372036854775807
kafka_compose                   | 	log.flush.interval.ms = null
kafka_compose                   | 	log.flush.offset.checkpoint.interval.ms = 60000
kafka_compose                   | 	log.flush.scheduler.interval.ms = 9223372036854775807
kafka_compose                   | 	log.flush.start.offset.checkpoint.interval.ms = 60000
kafka_compose                   | 	log.index.interval.bytes = 4096
kafka_compose                   | 	log.index.size.max.bytes = 10485760
kafka_compose                   | 	log.initial.task.delay.ms = 30000
kafka_compose                   | 	log.local.retention.bytes = -2
kafka_compose                   | 	log.local.retention.ms = -2
kafka_compose                   | 	log.message.timestamp.after.max.ms = 3600000
scheduler-1                     | 2026-09-25T22:06:53.038Z  INFO 1 --- [Container-0-C-1] o.a.k.c.c.internals.ConsumerCoordinator  : [Consumer clientId=consumer-scheduler-service-group-1, groupId=scheduler-service-group] Discovered group coordinator kafka:9092 (id: 2147483646 rack: null isFenced: false)
scheduler-1                     | 2026-09-25T22:06:53.039Z  INFO 1 --- [Container-0-C-1] o.a.k.c.c.internals.ConsumerCoordinator  : [Consumer clientId=consumer-scheduler-service-group-1, groupId=scheduler-service-group] Group coordinator kafka:9092 (id: 2147483646 rack: null isFenced: false) is unavailable or invalid due to cause: coordinator unavailable. isDisconnected: false. Rediscovery will be attempted.
scheduler-1                     | 2026-09-25T22:06:53.039Z  INFO 1 --- [Container-0-C-1] o.a.k.c.c.internals.ConsumerCoordinator  : [Consumer clientId=consumer-scheduler-service-group-1, groupId=scheduler-service-group] Requesting disconnect from last known coordinator kafka:9092 (id: 2147483646 rack: null isFenced: false)
scheduler-1                     | 2026-09-25T22:06:53.131Z  INFO 1 --- [Container-0-C-1] o.a.k.c.c.internals.ConsumerCoordinator  : [Consumer clientId=consumer-scheduler-service-group-1, groupId=scheduler-service-group] Discovered group coordinator kafka:9092 (id: 2147483646 rack: null isFenced: false)
email-sender-1                  | 	session.timeout.ms = 45000
email-sender-1                  | 	share.acknowledgement.mode = implicit
summarization-service-1         | 2026-09-25T22:06:51.716Z  INFO 1 --- [ntainer#0-0-C-1] o.a.k.c.c.internals.ConsumerCoordinator  : [Consumer clientId=consumer-summarization-service-group-1, groupId=summarization-service-group] Discovered group coordinator kafka:9092 (id: 2147483646 rack: null isFenced: false)
summarization-service-1         | 2026-09-25T22:06:51.721Z  INFO 1 --- [ntainer#0-0-C-1] o.a.k.c.c.internals.ConsumerCoordinator  : [Consumer clientId=consumer-summarization-service-group-1, groupId=summarization-service-group] Request joining group due to: rebalance failed due to 'This is not the correct coordinator.' (NotCoordinatorException)
summarization-service-1         | 2026-09-25T22:06:51.730Z  INFO 1 --- [ntainer#0-0-C-1] o.a.k.c.c.internals.ConsumerCoordinator  : [Consumer clientId=consumer-summarization-service-group-1, groupId=summarization-service-group] (Re-)joining group
summarization-service-1         | 2026-09-25T22:06:51.750Z  INFO 1 --- [ntainer#0-0-C-1] o.a.k.c.c.internals.ConsumerCoordinator  : [Consumer clientId=consumer-summarization-service-group-1, groupId=summarization-service-group] Group coordinator kafka:9092 (id: 2147483646 rack: null isFenced: false) is unavailable or invalid due to cause: error response NOT_COORDINATOR. isDisconnected: false. Rediscovery will be attempted.
email-sender-1                  | 	share.acquire.mode = BATCH_OPTIMIZED
email-sender-1                  | 	socket.connection.setup.timeout.max.ms = 30000
email-sender-1                  | 	socket.connection.setup.timeout.ms = 10000
scheduler-1                     | 2026-09-25T22:06:53.135Z  INFO 1 --- [Container-0-C-1] o.a.k.c.c.internals.ConsumerCoordinator  : [Consumer clientId=consumer-scheduler-service-group-1, groupId=scheduler-service-group] Request joining group due to: rebalance failed due to 'This is not the correct coordinator.' (NotCoordinatorException)
scheduler-1                     | 2026-09-25T22:06:53.137Z  INFO 1 --- [Container-0-C-1] o.a.k.c.c.internals.ConsumerCoordinator  : [Consumer clientId=consumer-scheduler-service-group-1, groupId=scheduler-service-group] (Re-)joining group
scheduler-1                     | 2026-09-25T22:06:53.144Z  INFO 1 --- [Container-0-C-1] o.a.k.c.c.internals.ConsumerCoordinator  : [Consumer clientId=consumer-scheduler-service-group-1, groupId=scheduler-service-group] Group coordinator kafka:9092 (id: 2147483646 rack: null isFenced: false) is unavailable or invalid due to cause: error response NOT_COORDINATOR. isDisconnected: false. Rediscovery will be attempted.
scheduler-1                     | 2026-09-25T22:06:53.145Z  INFO 1 --- [Container-0-C-1] o.a.k.c.c.internals.ConsumerCoordinator  : [Consumer clientId=consumer-scheduler-service-group-1, groupId=scheduler-service-group] Requesting disconnect from last known coordinator kafka:9092 (id: 2147483646 rack: null isFenced: false)
scheduler-1                     | 2026-09-25T22:06:53.146Z  INFO 1 --- [Container-0-C-1] o.a.k.c.c.internals.ConsumerCoordinator  : [Consumer clientId=consumer-scheduler-service-group-1, groupId=scheduler-service-group] JoinGroup failed: This is not the correct coordinator. Marking coordinator unknown. Sent generation was Generation{generationId=-1, memberId='', protocol='null'}
kafka_compose                   | 	log.message.timestamp.before.max.ms = 9223372036854775807
kafka_compose                   | 	log.message.timestamp.type = CreateTime
kafka_compose                   | 	log.preallocate = false
kafka_compose                   | 	log.retention.bytes = -1
summarization-service-1         | 2026-09-25T22:06:51.751Z  INFO 1 --- [ntainer#0-0-C-1] o.a.k.c.c.internals.ConsumerCoordinator  : [Consumer clientId=consumer-summarization-service-group-1, groupId=summarization-service-group] Requesting disconnect from last known coordinator kafka:9092 (id: 2147483646 rack: null isFenced: false)
summarization-service-1         | 2026-09-25T22:06:51.751Z  INFO 1 --- [ntainer#0-0-C-1] o.a.k.c.c.internals.ConsumerCoordinator  : [Consumer clientId=consumer-summarization-service-group-1, groupId=summarization-service-group] JoinGroup failed: This is not the correct coordinator. Marking coordinator unknown. Sent generation was Generation{generationId=-1, memberId='', protocol='null'}
scheduler-1                     | 2026-09-25T22:06:53.147Z  INFO 1 --- [Container-0-C-1] org.apache.kafka.clients.NetworkClient   : [Consumer clientId=consumer-scheduler-service-group-1, groupId=scheduler-service-group] Client requested disconnect from node 2147483646
scheduler-1                     | 2026-09-25T22:06:53.155Z  INFO 1 --- [Container-0-C-1] o.a.k.c.c.internals.ConsumerCoordinator  : [Consumer clientId=consumer-scheduler-service-group-1, groupId=scheduler-service-group] Discovered group coordinator kafka:9092 (id: 2147483646 rack: null isFenced: false)
scheduler-1                     | 2026-09-25T22:06:53.160Z  INFO 1 --- [Container-0-C-1] o.a.k.c.c.internals.ConsumerCoordinator  : [Consumer clientId=consumer-scheduler-service-group-1, groupId=scheduler-service-group] Group coordinator kafka:9092 (id: 2147483646 rack: null isFenced: false) is unavailable or invalid due to cause: coordinator unavailable. isDisconnected: false. Rediscovery will be attempted.
scheduler-1                     | 2026-09-25T22:06:53.163Z  INFO 1 --- [Container-0-C-1] o.a.k.c.c.internals.ConsumerCoordinator  : [Consumer clientId=consumer-scheduler-service-group-1, groupId=scheduler-service-group] Requesting disconnect from last known coordinator kafka:9092 (id: 2147483646 rack: null isFenced: false)
scheduler-1                     | 2026-09-25T22:06:53.290Z  INFO 1 --- [Container-0-C-1] o.a.k.c.c.internals.ConsumerCoordinator  : [Consumer clientId=consumer-scheduler-service-group-1, groupId=scheduler-service-group] Discovered group coordinator kafka:9092 (id: 2147483646 rack: null isFenced: false)
kafka_compose                   | 	log.retention.check.interval.ms = 300000
kafka_compose                   | 	log.retention.hours = 168
scheduler-1                     | 2026-09-25T22:06:53.293Z  INFO 1 --- [Container-0-C-1] o.a.k.c.c.internals.ConsumerCoordinator  : [Consumer clientId=consumer-scheduler-service-group-1, groupId=scheduler-service-group] Request joining group due to: rebalance failed due to 'This is not the correct coordinator.' (NotCoordinatorException)
scheduler-1                     | 2026-09-25T22:06:53.295Z  INFO 1 --- [Container-0-C-1] o.a.k.c.c.internals.ConsumerCoordinator  : [Consumer clientId=consumer-scheduler-service-group-1, groupId=scheduler-service-group] (Re-)joining group
scheduler-1                     | 2026-09-25T22:06:53.324Z  INFO 1 --- [Container-0-C-1] o.a.k.c.c.internals.ConsumerCoordinator  : [Consumer clientId=consumer-scheduler-service-group-1, groupId=scheduler-service-group] Group coordinator kafka:9092 (id: 2147483646 rack: null isFenced: false) is unavailable or invalid due to cause: error response NOT_COORDINATOR. isDisconnected: false. Rediscovery will be attempted.
scheduler-1                     | 2026-09-25T22:06:53.325Z  INFO 1 --- [Container-0-C-1] o.a.k.c.c.internals.ConsumerCoordinator  : [Consumer clientId=consumer-scheduler-service-group-1, groupId=scheduler-service-group] Requesting disconnect from last known coordinator kafka:9092 (id: 2147483646 rack: null isFenced: false)
scheduler-1                     | 2026-09-25T22:06:53.325Z  INFO 1 --- [Container-0-C-1] o.a.k.c.c.internals.ConsumerCoordinator  : [Consumer clientId=consumer-scheduler-service-group-1, groupId=scheduler-service-group] JoinGroup failed: This is not the correct coordinator. Marking coordinator unknown. Sent generation was Generation{generationId=-1, memberId='', protocol='null'}
scheduler-1                     | 2026-09-25T22:06:53.326Z  INFO 1 --- [Container-0-C-1] org.apache.kafka.clients.NetworkClient   : [Consumer clientId=consumer-scheduler-service-group-1, groupId=scheduler-service-group] Client requested disconnect from node 2147483646
scheduler-1                     | 2026-09-25T22:06:53.332Z  INFO 1 --- [Container-0-C-1] o.a.k.c.c.internals.ConsumerCoordinator  : [Consumer clientId=consumer-scheduler-service-group-1, groupId=scheduler-service-group] Discovered group coordinator kafka:9092 (id: 2147483646 rack: null isFenced: false)
scheduler-1                     | 2026-09-25T22:06:53.333Z  INFO 1 --- [Container-0-C-1] o.a.k.c.c.internals.ConsumerCoordinator  : [Consumer clientId=consumer-scheduler-service-group-1, groupId=scheduler-service-group] Group coordinator kafka:9092 (id: 2147483646 rack: null isFenced: false) is unavailable or invalid due to cause: coordinator unavailable. isDisconnected: false. Rediscovery will be attempted.
email-sender-1                  | 	ssl.cipher.suites = []
email-sender-1                  | 	ssl.enabled.protocols = [TLSv1.2, TLSv1.3]
email-sender-1                  | 	ssl.endpoint.identification.algorithm = https
summarization-service-1         | 2026-09-25T22:06:51.752Z  INFO 1 --- [ntainer#0-0-C-1] org.apache.kafka.clients.NetworkClient   : [Consumer clientId=consumer-summarization-service-group-1, groupId=summarization-service-group] Client requested disconnect from node 2147483646
summarization-service-1         | 2026-09-25T22:06:51.761Z  INFO 1 --- [ntainer#0-0-C-1] o.a.k.c.c.internals.ConsumerCoordinator  : [Consumer clientId=consumer-summarization-service-group-1, groupId=summarization-service-group] Discovered group coordinator kafka:9092 (id: 2147483646 rack: null isFenced: false)
summarization-service-1         | 2026-09-25T22:06:51.762Z  INFO 1 --- [ntainer#0-0-C-1] o.a.k.c.c.internals.ConsumerCoordinator  : [Consumer clientId=consumer-summarization-service-group-1, groupId=summarization-service-group] Group coordinator kafka:9092 (id: 2147483646 rack: null isFenced: false) is unavailable or invalid due to cause: coordinator unavailable. isDisconnected: false. Rediscovery will be attempted.
summarization-service-1         | 2026-09-25T22:06:51.763Z  INFO 1 --- [ntainer#0-0-C-1] o.a.k.c.c.internals.ConsumerCoordinator  : [Consumer clientId=consumer-summarization-service-group-1, groupId=summarization-service-group] Requesting disconnect from last known coordinator kafka:9092 (id: 2147483646 rack: null isFenced: false)
summarization-service-1         | 2026-09-25T22:06:51.890Z  WARN 1 --- [ntainer#0-0-C-1] org.apache.kafka.clients.NetworkClient   : [Consumer clientId=consumer-summarization-service-group-1, groupId=summarization-service-group] The metadata response from the cluster reported a recoverable issue with correlation id 23 : {SCHEDULER_SUMMARIZATION_REQUESTS=UNKNOWN_TOPIC_OR_PARTITION}
summarization-service-1         | 2026-09-25T22:06:51.912Z  INFO 1 --- [ntainer#0-0-C-1] o.a.k.c.c.internals.ConsumerCoordinator  : [Consumer clientId=consumer-summarization-service-group-1, groupId=summarization-service-group] Discovered group coordinator kafka:9092 (id: 2147483646 rack: null isFenced: false)
scheduler-1                     | 2026-09-25T22:06:53.333Z  INFO 1 --- [Container-0-C-1] o.a.k.c.c.internals.ConsumerCoordinator  : [Consumer clientId=consumer-scheduler-service-group-1, groupId=scheduler-service-group] Requesting disconnect from last known coordinator kafka:9092 (id: 2147483646 rack: null isFenced: false)
scheduler-1                     | 2026-09-25T22:06:53.424Z  INFO 1 --- [Container-0-C-1] o.a.k.c.c.internals.ConsumerCoordinator  : [Consumer clientId=consumer-scheduler-service-group-1, groupId=scheduler-service-group] Discovered group coordinator kafka:9092 (id: 2147483646 rack: null isFenced: false)
scheduler-1                     | 2026-09-25T22:06:53.438Z  INFO 1 --- [Container-0-C-1] o.a.k.c.c.internals.ConsumerCoordinator  : [Consumer clientId=consumer-scheduler-service-group-1, groupId=scheduler-service-group] Request joining group due to: rebalance failed due to 'This is not the correct coordinator.' (NotCoordinatorException)
scheduler-1                     | 2026-09-25T22:06:53.439Z  INFO 1 --- [Container-0-C-1] o.a.k.c.c.internals.ConsumerCoordinator  : [Consumer clientId=consumer-scheduler-service-group-1, groupId=scheduler-service-group] (Re-)joining group
scheduler-1                     | 2026-09-25T22:06:53.452Z  INFO 1 --- [Container-0-C-1] o.a.k.c.c.internals.ConsumerCoordinator  : [Consumer clientId=consumer-scheduler-service-group-1, groupId=scheduler-service-group] Group coordinator kafka:9092 (id: 2147483646 rack: null isFenced: false) is unavailable or invalid due to cause: error response NOT_COORDINATOR. isDisconnected: false. Rediscovery will be attempted.
kafka_compose                   | 	log.retention.minutes = null
kafka_compose                   | 	log.retention.ms = null
kafka_compose                   | 	log.roll.hours = 168
kafka_compose                   | 	log.roll.jitter.hours = 0
kafka_compose                   | 	log.roll.jitter.ms = null
scheduler-1                     | 2026-09-25T22:06:53.452Z  INFO 1 --- [Container-0-C-1] o.a.k.c.c.internals.ConsumerCoordinator  : [Consumer clientId=consumer-scheduler-service-group-1, groupId=scheduler-service-group] Requesting disconnect from last known coordinator kafka:9092 (id: 2147483646 rack: null isFenced: false)
scheduler-1                     | 2026-09-25T22:06:53.453Z  INFO 1 --- [Container-0-C-1] o.a.k.c.c.internals.ConsumerCoordinator  : [Consumer clientId=consumer-scheduler-service-group-1, groupId=scheduler-service-group] JoinGroup failed: This is not the correct coordinator. Marking coordinator unknown. Sent generation was Generation{generationId=-1, memberId='', protocol='null'}
scheduler-1                     | 2026-09-25T22:06:53.455Z  INFO 1 --- [Container-0-C-1] org.apache.kafka.clients.NetworkClient   : [Consumer clientId=consumer-scheduler-service-group-1, groupId=scheduler-service-group] Client requested disconnect from node 2147483646
summarization-service-1         | 2026-09-25T22:06:51.924Z  INFO 1 --- [ntainer#0-0-C-1] o.a.k.c.c.internals.ConsumerCoordinator  : [Consumer clientId=consumer-summarization-service-group-1, groupId=summarization-service-group] Request joining group due to: rebalance failed due to 'This is not the correct coordinator.' (NotCoordinatorException)
summarization-service-1         | 2026-09-25T22:06:51.938Z  INFO 1 --- [ntainer#0-0-C-1] o.a.k.c.c.internals.ConsumerCoordinator  : [Consumer clientId=consumer-summarization-service-group-1, groupId=summarization-service-group] (Re-)joining group
summarization-service-1         | 2026-09-25T22:06:51.961Z  INFO 1 --- [ntainer#0-0-C-1] o.a.k.c.c.internals.ConsumerCoordinator  : [Consumer clientId=consumer-summarization-service-group-1, groupId=summarization-service-group] Group coordinator kafka:9092 (id: 2147483646 rack: null isFenced: false) is unavailable or invalid due to cause: error response NOT_COORDINATOR. isDisconnected: false. Rediscovery will be attempted.
email-sender-1                  | 	ssl.engine.factory.class = null
email-sender-1                  | 	ssl.key.password = null
email-sender-1                  | 	ssl.keymanager.algorithm = SunX509
scheduler-1                     | 2026-09-25T22:06:53.460Z  INFO 1 --- [Container-0-C-1] o.a.k.c.c.internals.ConsumerCoordinator  : [Consumer clientId=consumer-scheduler-service-group-1, groupId=scheduler-service-group] Discovered group coordinator kafka:9092 (id: 2147483646 rack: null isFenced: false)
scheduler-1                     | 2026-09-25T22:06:53.461Z  INFO 1 --- [Container-0-C-1] o.a.k.c.c.internals.ConsumerCoordinator  : [Consumer clientId=consumer-scheduler-service-group-1, groupId=scheduler-service-group] Group coordinator kafka:9092 (id: 2147483646 rack: null isFenced: false) is unavailable or invalid due to cause: coordinator unavailable. isDisconnected: false. Rediscovery will be attempted.
scheduler-1                     | 2026-09-25T22:06:53.462Z  INFO 1 --- [Container-0-C-1] o.a.k.c.c.internals.ConsumerCoordinator  : [Consumer clientId=consumer-scheduler-service-group-1, groupId=scheduler-service-group] Requesting disconnect from last known coordinator kafka:9092 (id: 2147483646 rack: null isFenced: false)
summarization-service-1         | 2026-09-25T22:06:51.962Z  INFO 1 --- [ntainer#0-0-C-1] o.a.k.c.c.internals.ConsumerCoordinator  : [Consumer clientId=consumer-summarization-service-group-1, groupId=summarization-service-group] Requesting disconnect from last known coordinator kafka:9092 (id: 2147483646 rack: null isFenced: false)
summarization-service-1         | 2026-09-25T22:06:51.962Z  INFO 1 --- [ntainer#0-0-C-1] o.a.k.c.c.internals.ConsumerCoordinator  : [Consumer clientId=consumer-summarization-service-group-1, groupId=summarization-service-group] JoinGroup failed: This is not the correct coordinator. Marking coordinator unknown. Sent generation was Generation{generationId=-1, memberId='', protocol='null'}
scheduler-1                     | 2026-09-25T22:06:53.562Z  INFO 1 --- [Container-0-C-1] o.a.k.c.c.internals.ConsumerCoordinator  : [Consumer clientId=consumer-scheduler-service-group-1, groupId=scheduler-service-group] Discovered group coordinator kafka:9092 (id: 2147483646 rack: null isFenced: false)
scheduler-1                     | 2026-09-25T22:06:53.566Z  INFO 1 --- [Container-0-C-1] o.a.k.c.c.internals.ConsumerCoordinator  : [Consumer clientId=consumer-scheduler-service-group-1, groupId=scheduler-service-group] Request joining group due to: rebalance failed due to 'This is not the correct coordinator.' (NotCoordinatorException)
email-sender-1                  | 	ssl.keystore.certificate.chain = null
email-sender-1                  | 	ssl.keystore.key = null
summarization-service-1         | 2026-09-25T22:06:51.963Z  INFO 1 --- [ntainer#0-0-C-1] org.apache.kafka.clients.NetworkClient   : [Consumer clientId=consumer-summarization-service-group-1, groupId=summarization-service-group] Client requested disconnect from node 2147483646
summarization-service-1         | 2026-09-25T22:06:51.982Z  INFO 1 --- [ntainer#0-0-C-1] o.a.k.c.c.internals.ConsumerCoordinator  : [Consumer clientId=consumer-summarization-service-group-1, groupId=summarization-service-group] Discovered group coordinator kafka:9092 (id: 2147483646 rack: null isFenced: false)
summarization-service-1         | 2026-09-25T22:06:51.983Z  INFO 1 --- [ntainer#0-0-C-1] o.a.k.c.c.internals.ConsumerCoordinator  : [Consumer clientId=consumer-summarization-service-group-1, groupId=summarization-service-group] Group coordinator kafka:9092 (id: 2147483646 rack: null isFenced: false) is unavailable or invalid due to cause: coordinator unavailable. isDisconnected: false. Rediscovery will be attempted.
summarization-service-1         | 2026-09-25T22:06:51.984Z  INFO 1 --- [ntainer#0-0-C-1] o.a.k.c.c.internals.ConsumerCoordinator  : [Consumer clientId=consumer-summarization-service-group-1, groupId=summarization-service-group] Requesting disconnect from last known coordinator kafka:9092 (id: 2147483646 rack: null isFenced: false)
summarization-service-1         | 2026-09-25T22:06:52.128Z  INFO 1 --- [ntainer#0-0-C-1] o.a.k.c.c.internals.ConsumerCoordinator  : [Consumer clientId=consumer-summarization-service-group-1, groupId=summarization-service-group] Discovered group coordinator kafka:9092 (id: 2147483646 rack: null isFenced: false)
summarization-service-1         | 2026-09-25T22:06:52.131Z  INFO 1 --- [ntainer#0-0-C-1] o.a.k.c.c.internals.ConsumerCoordinator  : [Consumer clientId=consumer-summarization-service-group-1, groupId=summarization-service-group] Request joining group due to: rebalance failed due to 'This is not the correct coordinator.' (NotCoordinatorException)
summarization-service-1         | 2026-09-25T22:06:52.134Z  INFO 1 --- [ntainer#0-0-C-1] o.a.k.c.c.internals.ConsumerCoordinator  : [Consumer clientId=consumer-summarization-service-group-1, groupId=summarization-service-group] (Re-)joining group
summarization-service-1         | 2026-09-25T22:06:52.146Z  INFO 1 --- [ntainer#0-0-C-1] o.a.k.c.c.internals.ConsumerCoordinator  : [Consumer clientId=consumer-summarization-service-group-1, groupId=summarization-service-group] Group coordinator kafka:9092 (id: 2147483646 rack: null isFenced: false) is unavailable or invalid due to cause: error response NOT_COORDINATOR. isDisconnected: false. Rediscovery will be attempted.
summarization-service-1         | 2026-09-25T22:06:52.146Z  INFO 1 --- [ntainer#0-0-C-1] o.a.k.c.c.internals.ConsumerCoordinator  : [Consumer clientId=consumer-summarization-service-group-1, groupId=summarization-service-group] Requesting disconnect from last known coordinator kafka:9092 (id: 2147483646 rack: null isFenced: false)
summarization-service-1         | 2026-09-25T22:06:52.147Z  INFO 1 --- [ntainer#0-0-C-1] o.a.k.c.c.internals.ConsumerCoordinator  : [Consumer clientId=consumer-summarization-service-group-1, groupId=summarization-service-group] JoinGroup failed: This is not the correct coordinator. Marking coordinator unknown. Sent generation was Generation{generationId=-1, memberId='', protocol='null'}
kafka_compose                   | 	log.roll.ms = null
kafka_compose                   | 	log.segment.bytes = 1073741824
kafka_compose                   | 	log.segment.delete.delay.ms = 60000
kafka_compose                   | 	max.connection.creation.rate = 2147483647
kafka_compose                   | 	max.connections = 2147483647
kafka_compose                   | 	max.connections.per.ip = 2147483647
kafka_compose                   | 	max.connections.per.ip.overrides = 
kafka_compose                   | 	max.incremental.fetch.session.cache.slots = 1000
kafka_compose                   | 	max.request.partition.size.limit = 2000
kafka_compose                   | 	message.max.bytes = 1048588
email-sender-1                  | 	ssl.keystore.location = null
email-sender-1                  | 	ssl.keystore.password = null
summarization-service-1         | 2026-09-25T22:06:52.148Z  INFO 1 --- [ntainer#0-0-C-1] org.apache.kafka.clients.NetworkClient   : [Consumer clientId=consumer-summarization-service-group-1, groupId=summarization-service-group] Client requested disconnect from node 2147483646
kafka_compose                   | 	metadata.log.dir = null
summarization-service-1         | 2026-09-25T22:06:52.155Z  INFO 1 --- [ntainer#0-0-C-1] o.a.k.c.c.internals.ConsumerCoordinator  : [Consumer clientId=consumer-summarization-service-group-1, groupId=summarization-service-group] Discovered group coordinator kafka:9092 (id: 2147483646 rack: null isFenced: false)
email-sender-1                  | 	ssl.keystore.type = JKS
email-sender-1                  | 	ssl.protocol = TLSv1.3
email-sender-1                  | 	ssl.provider = null
summarization-service-1         | 2026-09-25T22:06:52.156Z  INFO 1 --- [ntainer#0-0-C-1] o.a.k.c.c.internals.ConsumerCoordinator  : [Consumer clientId=consumer-summarization-service-group-1, groupId=summarization-service-group] Group coordinator kafka:9092 (id: 2147483646 rack: null isFenced: false) is unavailable or invalid due to cause: coordinator unavailable. isDisconnected: false. Rediscovery will be attempted.
summarization-service-1         | 2026-09-25T22:06:52.157Z  INFO 1 --- [ntainer#0-0-C-1] o.a.k.c.c.internals.ConsumerCoordinator  : [Consumer clientId=consumer-summarization-service-group-1, groupId=summarization-service-group] Requesting disconnect from last known coordinator kafka:9092 (id: 2147483646 rack: null isFenced: false)
kafka_compose                   | 	metadata.log.max.record.bytes.between.snapshots = 20971520
kafka_compose                   | 	metadata.log.max.snapshot.interval.ms = 3600000
email-sender-1                  | 	ssl.secure.random.implementation = null
email-sender-1                  | 	ssl.trustmanager.algorithm = PKIX
email-sender-1                  | 	ssl.truststore.certificates = null
email-sender-1                  | 	ssl.truststore.location = null
email-sender-1                  | 	ssl.truststore.password = null
email-sender-1                  | 	ssl.truststore.type = JKS
kafka_compose                   | 	metadata.log.segment.bytes = 1073741824
kafka_compose                   | 	metadata.log.segment.ms = 604800000
kafka_compose                   | 	metadata.max.idle.interval.ms = 500
kafka_compose                   | 	metadata.max.retention.bytes = 104857600
kafka_compose                   | 	metadata.max.retention.ms = 604800000
scheduler-1                     | 2026-09-25T22:06:53.568Z  INFO 1 --- [Container-0-C-1] o.a.k.c.c.internals.ConsumerCoordinator  : [Consumer clientId=consumer-scheduler-service-group-1, groupId=scheduler-service-group] (Re-)joining group
scheduler-1                     | 2026-09-25T22:06:53.574Z  INFO 1 --- [Container-0-C-1] o.a.k.c.c.internals.ConsumerCoordinator  : [Consumer clientId=consumer-scheduler-service-group-1, groupId=scheduler-service-group] Group coordinator kafka:9092 (id: 2147483646 rack: null isFenced: false) is unavailable or invalid due to cause: error response NOT_COORDINATOR. isDisconnected: false. Rediscovery will be attempted.
scheduler-1                     | 2026-09-25T22:06:53.574Z  INFO 1 --- [Container-0-C-1] o.a.k.c.c.internals.ConsumerCoordinator  : [Consumer clientId=consumer-scheduler-service-group-1, groupId=scheduler-service-group] Requesting disconnect from last known coordinator kafka:9092 (id: 2147483646 rack: null isFenced: false)
scheduler-1                     | 2026-09-25T22:06:53.575Z  INFO 1 --- [Container-0-C-1] o.a.k.c.c.internals.ConsumerCoordinator  : [Consumer clientId=consumer-scheduler-service-group-1, groupId=scheduler-service-group] JoinGroup failed: This is not the correct coordinator. Marking coordinator unknown. Sent generation was Generation{generationId=-1, memberId='', protocol='null'}
scheduler-1                     | 2026-09-25T22:06:53.576Z  INFO 1 --- [Container-0-C-1] org.apache.kafka.clients.NetworkClient   : [Consumer clientId=consumer-scheduler-service-group-1, groupId=scheduler-service-group] Client requested disconnect from node 2147483646
scheduler-1                     | 2026-09-25T22:06:53.580Z  INFO 1 --- [Container-0-C-1] o.a.k.c.c.internals.ConsumerCoordinator  : [Consumer clientId=consumer-scheduler-service-group-1, groupId=scheduler-service-group] Discovered group coordinator kafka:9092 (id: 2147483646 rack: null isFenced: false)
scheduler-1                     | 2026-09-25T22:06:53.581Z  INFO 1 --- [Container-0-C-1] o.a.k.c.c.internals.ConsumerCoordinator  : [Consumer clientId=consumer-scheduler-service-group-1, groupId=scheduler-service-group] Group coordinator kafka:9092 (id: 2147483646 rack: null isFenced: false) is unavailable or invalid due to cause: coordinator unavailable. isDisconnected: false. Rediscovery will be attempted.
scheduler-1                     | 2026-09-25T22:06:53.581Z  INFO 1 --- [Container-0-C-1] o.a.k.c.c.internals.ConsumerCoordinator  : [Consumer clientId=consumer-scheduler-service-group-1, groupId=scheduler-service-group] Requesting disconnect from last known coordinator kafka:9092 (id: 2147483646 rack: null isFenced: false)
scheduler-1                     | 2026-09-25T22:06:53.692Z  INFO 1 --- [Container-0-C-1] o.a.k.c.c.internals.ConsumerCoordinator  : [Consumer clientId=consumer-scheduler-service-group-1, groupId=scheduler-service-group] Discovered group coordinator kafka:9092 (id: 2147483646 rack: null isFenced: false)
email-sender-1                  | 	value.deserializer = class org.springframework.kafka.support.serializer.JacksonJsonDeserializer
email-sender-1                  | 
email-sender-1                  | 2026-09-25T22:06:49.314Z  INFO 1 --- [           main] o.a.k.c.t.i.KafkaMetricsCollector        : initializing Kafka metrics collector
kafka_compose                   | 	metric.reporters = [org.apache.kafka.common.metrics.JmxReporter]
kafka_compose                   | 	metrics.num.samples = 2
kafka_compose                   | 	metrics.recording.level = INFO
kafka_compose                   | 	metrics.sample.window.ms = 30000
scheduler-1                     | 2026-09-25T22:06:53.697Z  INFO 1 --- [Container-0-C-1] o.a.k.c.c.internals.ConsumerCoordinator  : [Consumer clientId=consumer-scheduler-service-group-1, groupId=scheduler-service-group] Request joining group due to: rebalance failed due to 'This is not the correct coordinator.' (NotCoordinatorException)
scheduler-1                     | 2026-09-25T22:06:53.699Z  INFO 1 --- [Container-0-C-1] o.a.k.c.c.internals.ConsumerCoordinator  : [Consumer clientId=consumer-scheduler-service-group-1, groupId=scheduler-service-group] (Re-)joining group
kafka_compose                   | 	min.insync.replicas = 1
kafka_compose                   | 	node.id = 1
kafka_compose                   | 	num.io.threads = 8
kafka_compose                   | 	num.network.threads = 3
kafka_compose                   | 	num.partitions = 1
kafka_compose                   | 	num.recovery.threads.per.data.dir = 2
scheduler-1                     | 2026-09-25T22:06:53.704Z  INFO 1 --- [Container-0-C-1] o.a.k.c.c.internals.ConsumerCoordinator  : [Consumer clientId=consumer-scheduler-service-group-1, groupId=scheduler-service-group] Group coordinator kafka:9092 (id: 2147483646 rack: null isFenced: false) is unavailable or invalid due to cause: error response NOT_COORDINATOR. isDisconnected: false. Rediscovery will be attempted.
kafka_compose                   | 	num.replica.alter.log.dirs.threads = null
kafka_compose                   | 	num.replica.fetchers = 1
kafka_compose                   | 	offset.metadata.max.bytes = 4096
kafka_compose                   | 	offsets.commit.timeout.ms = 5000
summarization-service-1         | 2026-09-25T22:06:52.257Z  INFO 1 --- [ntainer#0-0-C-1] o.a.k.c.c.internals.ConsumerCoordinator  : [Consumer clientId=consumer-summarization-service-group-1, groupId=summarization-service-group] Discovered group coordinator kafka:9092 (id: 2147483646 rack: null isFenced: false)
summarization-service-1         | 2026-09-25T22:06:52.262Z  INFO 1 --- [ntainer#0-0-C-1] o.a.k.c.c.internals.ConsumerCoordinator  : [Consumer clientId=consumer-summarization-service-group-1, groupId=summarization-service-group] Request joining group due to: rebalance failed due to 'This is not the correct coordinator.' (NotCoordinatorException)
summarization-service-1         | 2026-09-25T22:06:52.264Z  INFO 1 --- [ntainer#0-0-C-1] o.a.k.c.c.internals.ConsumerCoordinator  : [Consumer clientId=consumer-summarization-service-group-1, groupId=summarization-service-group] (Re-)joining group
kafka_compose                   | 	offsets.load.buffer.size = 5242880
kafka_compose                   | 	offsets.retention.check.interval.ms = 600000
kafka_compose                   | 	offsets.retention.minutes = 10080
kafka_compose                   | 	offsets.topic.compression.codec = 0
kafka_compose                   | 	offsets.topic.num.partitions = 50
email-sender-1                  | 2026-09-25T22:06:49.650Z  INFO 1 --- [           main] o.a.kafka.common.utils.AppInfoParser     : Kafka version: 4.2.1
summarization-service-1         | 2026-09-25T22:06:52.277Z  INFO 1 --- [ntainer#0-0-C-1] o.a.k.c.c.internals.ConsumerCoordinator  : [Consumer clientId=consumer-summarization-service-group-1, groupId=summarization-service-group] Group coordinator kafka:9092 (id: 2147483646 rack: null isFenced: false) is unavailable or invalid due to cause: error response NOT_COORDINATOR. isDisconnected: false. Rediscovery will be attempted.
email-sender-1                  | 2026-09-25T22:06:49.651Z  INFO 1 --- [           main] o.a.kafka.common.utils.AppInfoParser     : Kafka commitId: 92f61c44867f39dc
email-sender-1                  | 2026-09-25T22:06:49.651Z  INFO 1 --- [           main] o.a.kafka.common.utils.AppInfoParser     : Kafka startTimeMs: 1790374009650
email-sender-1                  | 2026-09-25T22:06:49.655Z  INFO 1 --- [           main] o.a.k.c.c.i.ClassicKafkaConsumer         : [Consumer clientId=consumer-summary-email-service-group-1, groupId=summary-email-service-group] Subscribed to topic(s): SUMMARY_SENDING_TASKS
email-sender-1                  | 2026-09-25T22:06:49.676Z  INFO 1 --- [           main] o.a.kafka.common.config.AbstractConfig   : ConsumerConfig values: 
email-sender-1                  | 	allow.auto.create.topics = true
email-sender-1                  | 	auto.commit.interval.ms = 5000
email-sender-1                  | 	auto.offset.reset = latest
email-sender-1                  | 	bootstrap.servers = [kafka:9092]
email-sender-1                  | 	check.crcs = true
email-sender-1                  | 	client.dns.lookup = use_all_dns_ips
email-sender-1                  | 	client.id = consumer-consumer-service-group-2
email-sender-1                  | 	client.rack = 
kafka_compose                   | 	offsets.topic.replication.factor = 1
scheduler-1                     | 2026-09-25T22:06:53.705Z  INFO 1 --- [Container-0-C-1] o.a.k.c.c.internals.ConsumerCoordinator  : [Consumer clientId=consumer-scheduler-service-group-1, groupId=scheduler-service-group] Requesting disconnect from last known coordinator kafka:9092 (id: 2147483646 rack: null isFenced: false)
scheduler-1                     | 2026-09-25T22:06:53.705Z  INFO 1 --- [Container-0-C-1] o.a.k.c.c.internals.ConsumerCoordinator  : [Consumer clientId=consumer-scheduler-service-group-1, groupId=scheduler-service-group] JoinGroup failed: This is not the correct coordinator. Marking coordinator unknown. Sent generation was Generation{generationId=-1, memberId='', protocol='null'}
scheduler-1                     | 2026-09-25T22:06:53.705Z  INFO 1 --- [Container-0-C-1] org.apache.kafka.clients.NetworkClient   : [Consumer clientId=consumer-scheduler-service-group-1, groupId=scheduler-service-group] Client requested disconnect from node 2147483646
scheduler-1                     | 2026-09-25T22:06:53.708Z  INFO 1 --- [Container-0-C-1] o.a.k.c.c.internals.ConsumerCoordinator  : [Consumer clientId=consumer-scheduler-service-group-1, groupId=scheduler-service-group] Discovered group coordinator kafka:9092 (id: 2147483646 rack: null isFenced: false)
scheduler-1                     | 2026-09-25T22:06:53.709Z  INFO 1 --- [Container-0-C-1] o.a.k.c.c.internals.ConsumerCoordinator  : [Consumer clientId=consumer-scheduler-service-group-1, groupId=scheduler-service-group] Group coordinator kafka:9092 (id: 2147483646 rack: null isFenced: false) is unavailable or invalid due to cause: coordinator unavailable. isDisconnected: false. Rediscovery will be attempted.
summarization-service-1         | 2026-09-25T22:06:52.278Z  INFO 1 --- [ntainer#0-0-C-1] o.a.k.c.c.internals.ConsumerCoordinator  : [Consumer clientId=consumer-summarization-service-group-1, groupId=summarization-service-group] Requesting disconnect from last known coordinator kafka:9092 (id: 2147483646 rack: null isFenced: false)
summarization-service-1         | 2026-09-25T22:06:52.278Z  INFO 1 --- [ntainer#0-0-C-1] o.a.k.c.c.internals.ConsumerCoordinator  : [Consumer clientId=consumer-summarization-service-group-1, groupId=summarization-service-group] JoinGroup failed: This is not the correct coordinator. Marking coordinator unknown. Sent generation was Generation{generationId=-1, memberId='', protocol='null'}
summarization-service-1         | 2026-09-25T22:06:52.279Z  INFO 1 --- [ntainer#0-0-C-1] org.apache.kafka.clients.NetworkClient   : [Consumer clientId=consumer-summarization-service-group-1, groupId=summarization-service-group] Client requested disconnect from node 2147483646
summarization-service-1         | 2026-09-25T22:06:52.284Z  INFO 1 --- [ntainer#0-0-C-1] o.a.k.c.c.internals.ConsumerCoordinator  : [Consumer clientId=consumer-summarization-service-group-1, groupId=summarization-service-group] Discovered group coordinator kafka:9092 (id: 2147483646 rack: null isFenced: false)
kafka_compose                   | 	offsets.topic.segment.bytes = 104857600
email-sender-1                  | 	config.providers = []
email-sender-1                  | 	connections.max.idle.ms = 540000
email-sender-1                  | 	default.api.timeout.ms = 60000
email-sender-1                  | 	enable.auto.commit = false
email-sender-1                  | 	enable.metrics.push = true
email-sender-1                  | 	exclude.internal.topics = true
summarization-service-1         | 2026-09-25T22:06:52.285Z  INFO 1 --- [ntainer#0-0-C-1] o.a.k.c.c.internals.ConsumerCoordinator  : [Consumer clientId=consumer-summarization-service-group-1, groupId=summarization-service-group] Group coordinator kafka:9092 (id: 2147483646 rack: null isFenced: false) is unavailable or invalid due to cause: coordinator unavailable. isDisconnected: false. Rediscovery will be attempted.
summarization-service-1         | 2026-09-25T22:06:52.285Z  INFO 1 --- [ntainer#0-0-C-1] o.a.k.c.c.internals.ConsumerCoordinator  : [Consumer clientId=consumer-summarization-service-group-1, groupId=summarization-service-group] Requesting disconnect from last known coordinator kafka:9092 (id: 2147483646 rack: null isFenced: false)
summarization-service-1         | 2026-09-25T22:06:52.394Z  INFO 1 --- [ntainer#0-0-C-1] o.a.k.c.c.internals.ConsumerCoordinator  : [Consumer clientId=consumer-summarization-service-group-1, groupId=summarization-service-group] Discovered group coordinator kafka:9092 (id: 2147483646 rack: null isFenced: false)
email-sender-1                  | 	fetch.max.bytes = 52428800
email-sender-1                  | 	fetch.max.wait.ms = 500
email-sender-1                  | 	fetch.min.bytes = 1
summarization-service-1         | 2026-09-25T22:06:52.396Z  INFO 1 --- [ntainer#0-0-C-1] o.a.k.c.c.internals.ConsumerCoordinator  : [Consumer clientId=consumer-summarization-service-group-1, groupId=summarization-service-group] Request joining group due to: rebalance failed due to 'This is not the correct coordinator.' (NotCoordinatorException)
summarization-service-1         | 2026-09-25T22:06:52.399Z  INFO 1 --- [ntainer#0-0-C-1] o.a.k.c.c.internals.ConsumerCoordinator  : [Consumer clientId=consumer-summarization-service-group-1, groupId=summarization-service-group] (Re-)joining group
summarization-service-1         | 2026-09-25T22:06:52.414Z  INFO 1 --- [ntainer#0-0-C-1] o.a.k.c.c.internals.ConsumerCoordinator  : [Consumer clientId=consumer-summarization-service-group-1, groupId=summarization-service-group] Group coordinator kafka:9092 (id: 2147483646 rack: null isFenced: false) is unavailable or invalid due to cause: error response NOT_COORDINATOR. isDisconnected: false. Rediscovery will be attempted.
scheduler-1                     | 2026-09-25T22:06:53.709Z  INFO 1 --- [Container-0-C-1] o.a.k.c.c.internals.ConsumerCoordinator  : [Consumer clientId=consumer-scheduler-service-group-1, groupId=scheduler-service-group] Requesting disconnect from last known coordinator kafka:9092 (id: 2147483646 rack: null isFenced: false)
scheduler-1                     | 2026-09-25T22:06:53.812Z  INFO 1 --- [Container-0-C-1] o.a.k.c.c.internals.ConsumerCoordinator  : [Consumer clientId=consumer-scheduler-service-group-1, groupId=scheduler-service-group] Discovered group coordinator kafka:9092 (id: 2147483646 rack: null isFenced: false)
scheduler-1                     | 2026-09-25T22:06:53.814Z  INFO 1 --- [Container-0-C-1] o.a.k.c.c.internals.ConsumerCoordinator  : [Consumer clientId=consumer-scheduler-service-group-1, groupId=scheduler-service-group] Request joining group due to: rebalance failed due to 'This is not the correct coordinator.' (NotCoordinatorException)
scheduler-1                     | 2026-09-25T22:06:53.815Z  INFO 1 --- [Container-0-C-1] o.a.k.c.c.internals.ConsumerCoordinator  : [Consumer clientId=consumer-scheduler-service-group-1, groupId=scheduler-service-group] (Re-)joining group
scheduler-1                     | 2026-09-25T22:06:53.820Z  INFO 1 --- [Container-0-C-1] o.a.k.c.c.internals.ConsumerCoordinator  : [Consumer clientId=consumer-scheduler-service-group-1, groupId=scheduler-service-group] Group coordinator kafka:9092 (id: 2147483646 rack: null isFenced: false) is unavailable or invalid due to cause: error response NOT_COORDINATOR. isDisconnected: false. Rediscovery will be attempted.
scheduler-1                     | 2026-09-25T22:06:53.820Z  INFO 1 --- [Container-0-C-1] o.a.k.c.c.internals.ConsumerCoordinator  : [Consumer clientId=consumer-scheduler-service-group-1, groupId=scheduler-service-group] Requesting disconnect from last known coordinator kafka:9092 (id: 2147483646 rack: null isFenced: false)
scheduler-1                     | 2026-09-25T22:06:53.820Z  INFO 1 --- [Container-0-C-1] o.a.k.c.c.internals.ConsumerCoordinator  : [Consumer clientId=consumer-scheduler-service-group-1, groupId=scheduler-service-group] JoinGroup failed: This is not the correct coordinator. Marking coordinator unknown. Sent generation was Generation{generationId=-1, memberId='', protocol='null'}
email-sender-1                  | 	group.id = consumer-service-group
kafka_compose                   | 	principal.builder.class = class org.apache.kafka.common.security.authenticator.DefaultKafkaPrincipalBuilder
email-sender-1                  | 	group.instance.id = null
email-sender-1                  | 	group.protocol = classic
email-sender-1                  | 	group.remote.assignor = null
email-sender-1                  | 	heartbeat.interval.ms = 3000
email-sender-1                  | 	interceptor.classes = []
email-sender-1                  | 	internal.throw.on.fetch.stable.offset.unsupported = false
email-sender-1                  | 	isolation.level = read_uncommitted
email-sender-1                  | 	key.deserializer = class org.apache.kafka.common.serialization.StringDeserializer
email-sender-1                  | 	max.partition.fetch.bytes = 1048576
email-sender-1                  | 	max.poll.interval.ms = 300000
kafka_compose                   | 	process.roles = [broker, controller]
kafka_compose                   | 	producer.id.expiration.check.interval.ms = 600000
scheduler-1                     | 2026-09-25T22:06:53.821Z  INFO 1 --- [Container-0-C-1] org.apache.kafka.clients.NetworkClient   : [Consumer clientId=consumer-scheduler-service-group-1, groupId=scheduler-service-group] Client requested disconnect from node 2147483646
scheduler-1                     | 2026-09-25T22:06:53.824Z  INFO 1 --- [Container-0-C-1] o.a.k.c.c.internals.ConsumerCoordinator  : [Consumer clientId=consumer-scheduler-service-group-1, groupId=scheduler-service-group] Discovered group coordinator kafka:9092 (id: 2147483646 rack: null isFenced: false)
scheduler-1                     | 2026-09-25T22:06:53.824Z  INFO 1 --- [Container-0-C-1] o.a.k.c.c.internals.ConsumerCoordinator  : [Consumer clientId=consumer-scheduler-service-group-1, groupId=scheduler-service-group] Group coordinator kafka:9092 (id: 2147483646 rack: null isFenced: false) is unavailable or invalid due to cause: coordinator unavailable. isDisconnected: false. Rediscovery will be attempted.
scheduler-1                     | 2026-09-25T22:06:53.825Z  INFO 1 --- [Container-0-C-1] o.a.k.c.c.internals.ConsumerCoordinator  : [Consumer clientId=consumer-scheduler-service-group-1, groupId=scheduler-service-group] Requesting disconnect from last known coordinator kafka:9092 (id: 2147483646 rack: null isFenced: false)
scheduler-1                     | 2026-09-25T22:06:53.917Z  WARN 1 --- [Container-0-C-1] org.apache.kafka.clients.NetworkClient   : [Consumer clientId=consumer-scheduler-service-group-1, groupId=scheduler-service-group] The metadata response from the cluster reported a recoverable issue with correlation id 77 : {SCHEDULER_SUMMARIZATION_REPLIES=UNKNOWN_TOPIC_OR_PARTITION}
scheduler-1                     | 2026-09-25T22:06:53.919Z  INFO 1 --- [Container-0-C-1] o.a.k.c.c.internals.ConsumerCoordinator  : [Consumer clientId=consumer-scheduler-service-group-1, groupId=scheduler-service-group] Discovered group coordinator kafka:9092 (id: 2147483646 rack: null isFenced: false)
kafka_compose                   | 	producer.id.expiration.ms = 86400000
kafka_compose                   | 	producer.purgatory.purge.interval.requests = 1000
kafka_compose                   | 	queued.max.request.bytes = -1
kafka_compose                   | 	queued.max.requests = 500
kafka_compose                   | 	quota.window.num = 11
kafka_compose                   | 	quota.window.size.seconds = 1
kafka_compose                   | 	remote.fetch.max.wait.ms = 500
summarization-service-1         | 2026-09-25T22:06:52.415Z  INFO 1 --- [ntainer#0-0-C-1] o.a.k.c.c.internals.ConsumerCoordinator  : [Consumer clientId=consumer-summarization-service-group-1, groupId=summarization-service-group] Requesting disconnect from last known coordinator kafka:9092 (id: 2147483646 rack: null isFenced: false)
scheduler-1                     | 2026-09-25T22:06:53.921Z  INFO 1 --- [Container-0-C-1] o.a.k.c.c.internals.ConsumerCoordinator  : [Consumer clientId=consumer-scheduler-service-group-1, groupId=scheduler-service-group] Request joining group due to: rebalance failed due to 'This is not the correct coordinator.' (NotCoordinatorException)
scheduler-1                     | 2026-09-25T22:06:53.922Z  INFO 1 --- [Container-0-C-1] o.a.k.c.c.internals.ConsumerCoordinator  : [Consumer clientId=consumer-scheduler-service-group-1, groupId=scheduler-service-group] (Re-)joining group
email-sender-1                  | 	max.poll.records = 500
email-sender-1                  | 	metadata.max.age.ms = 300000
email-sender-1                  | 	metadata.recovery.rebootstrap.trigger.ms = 300000
email-sender-1                  | 	metadata.recovery.strategy = rebootstrap
email-sender-1                  | 	metric.reporters = [org.apache.kafka.common.metrics.JmxReporter]
summarization-service-1         | 2026-09-25T22:06:52.416Z  INFO 1 --- [ntainer#0-0-C-1] o.a.k.c.c.internals.ConsumerCoordinator  : [Consumer clientId=consumer-summarization-service-group-1, groupId=summarization-service-group] JoinGroup failed: This is not the correct coordinator. Marking coordinator unknown. Sent generation was Generation{generationId=-1, memberId='', protocol='null'}
kafka_compose                   | 	remote.list.offsets.request.timeout.ms = 30000
kafka_compose                   | 	remote.log.index.file.cache.total.size.bytes = 1073741824
kafka_compose                   | 	remote.log.index.file.cache.ttl.ms = 900000
summarization-service-1         | 2026-09-25T22:06:52.416Z  INFO 1 --- [ntainer#0-0-C-1] org.apache.kafka.clients.NetworkClient   : [Consumer clientId=consumer-summarization-service-group-1, groupId=summarization-service-group] Client requested disconnect from node 2147483646
summarization-service-1         | 2026-09-25T22:06:52.430Z  INFO 1 --- [ntainer#0-0-C-1] o.a.k.c.c.internals.ConsumerCoordinator  : [Consumer clientId=consumer-summarization-service-group-1, groupId=summarization-service-group] Discovered group coordinator kafka:9092 (id: 2147483646 rack: null isFenced: false)
scheduler-1                     | 2026-09-25T22:06:53.925Z  INFO 1 --- [Container-0-C-1] o.a.k.c.c.internals.ConsumerCoordinator  : [Consumer clientId=consumer-scheduler-service-group-1, groupId=scheduler-service-group] Group coordinator kafka:9092 (id: 2147483646 rack: null isFenced: false) is unavailable or invalid due to cause: error response NOT_COORDINATOR. isDisconnected: false. Rediscovery will be attempted.
scheduler-1                     | 2026-09-25T22:06:53.926Z  INFO 1 --- [Container-0-C-1] o.a.k.c.c.internals.ConsumerCoordinator  : [Consumer clientId=consumer-scheduler-service-group-1, groupId=scheduler-service-group] Requesting disconnect from last known coordinator kafka:9092 (id: 2147483646 rack: null isFenced: false)
scheduler-1                     | 2026-09-25T22:06:53.926Z  INFO 1 --- [Container-0-C-1] o.a.k.c.c.internals.ConsumerCoordinator  : [Consumer clientId=consumer-scheduler-service-group-1, groupId=scheduler-service-group] JoinGroup failed: This is not the correct coordinator. Marking coordinator unknown. Sent generation was Generation{generationId=-1, memberId='', protocol='null'}
scheduler-1                     | 2026-09-25T22:06:53.926Z  INFO 1 --- [Container-0-C-1] org.apache.kafka.clients.NetworkClient   : [Consumer clientId=consumer-scheduler-service-group-1, groupId=scheduler-service-group] Client requested disconnect from node 2147483646
scheduler-1                     | 2026-09-25T22:06:53.929Z  INFO 1 --- [Container-0-C-1] o.a.k.c.c.internals.ConsumerCoordinator  : [Consumer clientId=consumer-scheduler-service-group-1, groupId=scheduler-service-group] Discovered group coordinator kafka:9092 (id: 2147483646 rack: null isFenced: false)
scheduler-1                     | 2026-09-25T22:06:53.929Z  INFO 1 --- [Container-0-C-1] o.a.k.c.c.internals.ConsumerCoordinator  : [Consumer clientId=consumer-scheduler-service-group-1, groupId=scheduler-service-group] Group coordinator kafka:9092 (id: 2147483646 rack: null isFenced: false) is unavailable or invalid due to cause: coordinator unavailable. isDisconnected: false. Rediscovery will be attempted.
scheduler-1                     | 2026-09-25T22:06:53.929Z  INFO 1 --- [Container-0-C-1] o.a.k.c.c.internals.ConsumerCoordinator  : [Consumer clientId=consumer-scheduler-service-group-1, groupId=scheduler-service-group] Requesting disconnect from last known coordinator kafka:9092 (id: 2147483646 rack: null isFenced: false)
scheduler-1                     | 2026-09-25T22:06:54.022Z  INFO 1 --- [Container-0-C-1] o.a.k.c.c.internals.ConsumerCoordinator  : [Consumer clientId=consumer-scheduler-service-group-1, groupId=scheduler-service-group] Discovered group coordinator kafka:9092 (id: 2147483646 rack: null isFenced: false)
scheduler-1                     | 2026-09-25T22:06:54.024Z  INFO 1 --- [Container-0-C-1] o.a.k.c.c.internals.ConsumerCoordinator  : [Consumer clientId=consumer-scheduler-service-group-1, groupId=scheduler-service-group] Request joining group due to: rebalance failed due to 'This is not the correct coordinator.' (NotCoordinatorException)
scheduler-1                     | 2026-09-25T22:06:54.026Z  INFO 1 --- [Container-0-C-1] o.a.k.c.c.internals.ConsumerCoordinator  : [Consumer clientId=consumer-scheduler-service-group-1, groupId=scheduler-service-group] (Re-)joining group
scheduler-1                     | 2026-09-25T22:06:54.038Z  INFO 1 --- [Container-0-C-1] o.a.k.c.c.internals.ConsumerCoordinator  : [Consumer clientId=consumer-scheduler-service-group-1, groupId=scheduler-service-group] Group coordinator kafka:9092 (id: 2147483646 rack: null isFenced: false) is unavailable or invalid due to cause: error response NOT_COORDINATOR. isDisconnected: false. Rediscovery will be attempted.
email-sender-1                  | 	metrics.num.samples = 2
email-sender-1                  | 	metrics.recording.level = INFO
kafka_compose                   | 	remote.log.manager.copier.thread.pool.size = 10
kafka_compose                   | 	remote.log.manager.copy.max.bytes.per.second = 9223372036854775807
kafka_compose                   | 	remote.log.manager.copy.quota.window.num = 11
email-sender-1                  | 	metrics.sample.window.ms = 30000
email-sender-1                  | 	partition.assignment.strategy = [class org.apache.kafka.clients.consumer.RangeAssignor, class org.apache.kafka.clients.consumer.CooperativeStickyAssignor]
email-sender-1                  | 	receive.buffer.bytes = 65536
kafka_compose                   | 	remote.log.manager.copy.quota.window.size.seconds = 1
kafka_compose                   | 	remote.log.manager.expiration.thread.pool.size = 10
kafka_compose                   | 	remote.log.manager.fetch.max.bytes.per.second = 9223372036854775807
email-sender-1                  | 	reconnect.backoff.max.ms = 1000
email-sender-1                  | 	reconnect.backoff.ms = 50
email-sender-1                  | 	request.timeout.ms = 30000
email-sender-1                  | 	retry.backoff.max.ms = 1000
scheduler-1                     | 2026-09-25T22:06:54.039Z  INFO 1 --- [Container-0-C-1] o.a.k.c.c.internals.ConsumerCoordinator  : [Consumer clientId=consumer-scheduler-service-group-1, groupId=scheduler-service-group] Requesting disconnect from last known coordinator kafka:9092 (id: 2147483646 rack: null isFenced: false)
scheduler-1                     | 2026-09-25T22:06:54.039Z  INFO 1 --- [Container-0-C-1] o.a.k.c.c.internals.ConsumerCoordinator  : [Consumer clientId=consumer-scheduler-service-group-1, groupId=scheduler-service-group] JoinGroup failed: This is not the correct coordinator. Marking coordinator unknown. Sent generation was Generation{generationId=-1, memberId='', protocol='null'}
scheduler-1                     | 2026-09-25T22:06:54.040Z  INFO 1 --- [Container-0-C-1] org.apache.kafka.clients.NetworkClient   : [Consumer clientId=consumer-scheduler-service-group-1, groupId=scheduler-service-group] Client requested disconnect from node 2147483646
scheduler-1                     | 2026-09-25T22:06:54.045Z  INFO 1 --- [Container-0-C-1] o.a.k.c.c.internals.ConsumerCoordinator  : [Consumer clientId=consumer-scheduler-service-group-1, groupId=scheduler-service-group] Discovered group coordinator kafka:9092 (id: 2147483646 rack: null isFenced: false)
scheduler-1                     | 2026-09-25T22:06:54.045Z  INFO 1 --- [Container-0-C-1] o.a.k.c.c.internals.ConsumerCoordinator  : [Consumer clientId=consumer-scheduler-service-group-1, groupId=scheduler-service-group] Group coordinator kafka:9092 (id: 2147483646 rack: null isFenced: false) is unavailable or invalid due to cause: coordinator unavailable. isDisconnected: false. Rediscovery will be attempted.
kafka_compose                   | 	remote.log.manager.fetch.quota.window.num = 11
kafka_compose                   | 	remote.log.manager.fetch.quota.window.size.seconds = 1
kafka_compose                   | 	remote.log.manager.follower.thread.pool.size = 2
kafka_compose                   | 	remote.log.manager.task.interval.ms = 30000
kafka_compose                   | 	remote.log.manager.task.retry.backoff.max.ms = 30000
email-sender-1                  | 	retry.backoff.ms = 100
email-sender-1                  | 	sasl.client.callback.handler.class = null
email-sender-1                  | 	sasl.jaas.config = null
summarization-service-1         | 2026-09-25T22:06:52.431Z  INFO 1 --- [ntainer#0-0-C-1] o.a.k.c.c.internals.ConsumerCoordinator  : [Consumer clientId=consumer-summarization-service-group-1, groupId=summarization-service-group] Group coordinator kafka:9092 (id: 2147483646 rack: null isFenced: false) is unavailable or invalid due to cause: coordinator unavailable. isDisconnected: false. Rediscovery will be attempted.
kafka_compose                   | 	remote.log.manager.task.retry.backoff.ms = 500
kafka_compose                   | 	remote.log.manager.task.retry.jitter = 0.2
kafka_compose                   | 	remote.log.manager.thread.pool.size = 2
email-sender-1                  | 	sasl.kerberos.kinit.cmd = /usr/bin/kinit
email-sender-1                  | 	sasl.kerberos.min.time.before.relogin = 60000
email-sender-1                  | 	sasl.kerberos.service.name = null
summarization-service-1         | 2026-09-25T22:06:52.431Z  INFO 1 --- [ntainer#0-0-C-1] o.a.k.c.c.internals.ConsumerCoordinator  : [Consumer clientId=consumer-summarization-service-group-1, groupId=summarization-service-group] Requesting disconnect from last known coordinator kafka:9092 (id: 2147483646 rack: null isFenced: false)
summarization-service-1         | 2026-09-25T22:06:52.552Z  INFO 1 --- [ntainer#0-0-C-1] o.a.k.c.c.internals.ConsumerCoordinator  : [Consumer clientId=consumer-summarization-service-group-1, groupId=summarization-service-group] Discovered group coordinator kafka:9092 (id: 2147483646 rack: null isFenced: false)
summarization-service-1         | 2026-09-25T22:06:52.554Z  INFO 1 --- [ntainer#0-0-C-1] o.a.k.c.c.internals.ConsumerCoordinator  : [Consumer clientId=consumer-summarization-service-group-1, groupId=summarization-service-group] Request joining group due to: rebalance failed due to 'This is not the correct coordinator.' (NotCoordinatorException)
summarization-service-1         | 2026-09-25T22:06:52.555Z  INFO 1 --- [ntainer#0-0-C-1] o.a.k.c.c.internals.ConsumerCoordinator  : [Consumer clientId=consumer-summarization-service-group-1, groupId=summarization-service-group] (Re-)joining group
summarization-service-1         | 2026-09-25T22:06:52.561Z  INFO 1 --- [ntainer#0-0-C-1] o.a.k.c.c.internals.ConsumerCoordinator  : [Consumer clientId=consumer-summarization-service-group-1, groupId=summarization-service-group] Group coordinator kafka:9092 (id: 2147483646 rack: null isFenced: false) is unavailable or invalid due to cause: error response NOT_COORDINATOR. isDisconnected: false. Rediscovery will be attempted.
summarization-service-1         | 2026-09-25T22:06:52.561Z  INFO 1 --- [ntainer#0-0-C-1] o.a.k.c.c.internals.ConsumerCoordinator  : [Consumer clientId=consumer-summarization-service-group-1, groupId=summarization-service-group] Requesting disconnect from last known coordinator kafka:9092 (id: 2147483646 rack: null isFenced: false)
summarization-service-1         | 2026-09-25T22:06:52.562Z  INFO 1 --- [ntainer#0-0-C-1] o.a.k.c.c.internals.ConsumerCoordinator  : [Consumer clientId=consumer-summarization-service-group-1, groupId=summarization-service-group] JoinGroup failed: This is not the correct coordinator. Marking coordinator unknown. Sent generation was Generation{generationId=-1, memberId='', protocol='null'}
summarization-service-1         | 2026-09-25T22:06:52.562Z  INFO 1 --- [ntainer#0-0-C-1] org.apache.kafka.clients.NetworkClient   : [Consumer clientId=consumer-summarization-service-group-1, groupId=summarization-service-group] Client requested disconnect from node 2147483646
summarization-service-1         | 2026-09-25T22:06:52.567Z  INFO 1 --- [ntainer#0-0-C-1] o.a.k.c.c.internals.ConsumerCoordinator  : [Consumer clientId=consumer-summarization-service-group-1, groupId=summarization-service-group] Discovered group coordinator kafka:9092 (id: 2147483646 rack: null isFenced: false)
summarization-service-1         | 2026-09-25T22:06:52.567Z  INFO 1 --- [ntainer#0-0-C-1] o.a.k.c.c.internals.ConsumerCoordinator  : [Consumer clientId=consumer-summarization-service-group-1, groupId=summarization-service-group] Group coordinator kafka:9092 (id: 2147483646 rack: null isFenced: false) is unavailable or invalid due to cause: coordinator unavailable. isDisconnected: false. Rediscovery will be attempted.
email-sender-1                  | 	sasl.kerberos.ticket.renew.jitter = 0.05
email-sender-1                  | 	sasl.kerberos.ticket.renew.window.factor = 0.8
email-sender-1                  | 	sasl.login.callback.handler.class = null
email-sender-1                  | 	sasl.login.class = null
email-sender-1                  | 	sasl.login.connect.timeout.ms = null
email-sender-1                  | 	sasl.login.read.timeout.ms = null
summarization-service-1         | 2026-09-25T22:06:52.568Z  INFO 1 --- [ntainer#0-0-C-1] o.a.k.c.c.internals.ConsumerCoordinator  : [Consumer clientId=consumer-summarization-service-group-1, groupId=summarization-service-group] Requesting disconnect from last known coordinator kafka:9092 (id: 2147483646 rack: null isFenced: false)
summarization-service-1         | 2026-09-25T22:06:52.691Z  WARN 1 --- [ntainer#0-0-C-1] org.apache.kafka.clients.NetworkClient   : [Consumer clientId=consumer-summarization-service-group-1, groupId=summarization-service-group] The metadata response from the cluster reported a recoverable issue with correlation id 44 : {SCHEDULER_SUMMARIZATION_REQUESTS=UNKNOWN_TOPIC_OR_PARTITION}
summarization-service-1         | 2026-09-25T22:06:52.694Z  INFO 1 --- [ntainer#0-0-C-1] o.a.k.c.c.internals.ConsumerCoordinator  : [Consumer clientId=consumer-summarization-service-group-1, groupId=summarization-service-group] Discovered group coordinator kafka:9092 (id: 2147483646 rack: null isFenced: false)
email-sender-1                  | 	sasl.login.refresh.buffer.seconds = 300
email-sender-1                  | 	sasl.login.refresh.min.period.seconds = 60
email-sender-1                  | 	sasl.login.refresh.window.factor = 0.8
email-sender-1                  | 	sasl.login.refresh.window.jitter = 0.05
email-sender-1                  | 	sasl.login.retry.backoff.max.ms = 10000
email-sender-1                  | 	sasl.login.retry.backoff.ms = 100
email-sender-1                  | 	sasl.mechanism = GSSAPI
email-sender-1                  | 	sasl.oauthbearer.assertion.algorithm = RS256
email-sender-1                  | 	sasl.oauthbearer.assertion.claim.aud = null
email-sender-1                  | 	sasl.oauthbearer.assertion.claim.exp.seconds = 300
email-sender-1                  | 	sasl.oauthbearer.assertion.claim.iss = null
email-sender-1                  | 	sasl.oauthbearer.assertion.claim.jti.include = false
email-sender-1                  | 	sasl.oauthbearer.assertion.claim.nbf.seconds = 60
email-sender-1                  | 	sasl.oauthbearer.assertion.claim.sub = null
kafka_compose                   | 	remote.log.metadata.custom.metadata.max.bytes = 128
scheduler-1                     | 2026-09-25T22:06:54.046Z  INFO 1 --- [Container-0-C-1] o.a.k.c.c.internals.ConsumerCoordinator  : [Consumer clientId=consumer-scheduler-service-group-1, groupId=scheduler-service-group] Requesting disconnect from last known coordinator kafka:9092 (id: 2147483646 rack: null isFenced: false)
scheduler-1                     | 2026-09-25T22:06:54.163Z  INFO 1 --- [Container-0-C-1] o.a.k.c.c.internals.ConsumerCoordinator  : [Consumer clientId=consumer-scheduler-service-group-1, groupId=scheduler-service-group] Discovered group coordinator kafka:9092 (id: 2147483646 rack: null isFenced: false)
scheduler-1                     | 2026-09-25T22:06:54.166Z  INFO 1 --- [Container-0-C-1] o.a.k.c.c.internals.ConsumerCoordinator  : [Consumer clientId=consumer-scheduler-service-group-1, groupId=scheduler-service-group] Request joining group due to: rebalance failed due to 'This is not the correct coordinator.' (NotCoordinatorException)
summarization-service-1         | 2026-09-25T22:06:52.697Z  INFO 1 --- [ntainer#0-0-C-1] o.a.k.c.c.internals.ConsumerCoordinator  : [Consumer clientId=consumer-summarization-service-group-1, groupId=summarization-service-group] Request joining group due to: rebalance failed due to 'This is not the correct coordinator.' (NotCoordinatorException)
summarization-service-1         | 2026-09-25T22:06:52.698Z  INFO 1 --- [ntainer#0-0-C-1] o.a.k.c.c.internals.ConsumerCoordinator  : [Consumer clientId=consumer-summarization-service-group-1, groupId=summarization-service-group] (Re-)joining group
summarization-service-1         | 2026-09-25T22:06:52.706Z  INFO 1 --- [ntainer#0-0-C-1] o.a.k.c.c.internals.ConsumerCoordinator  : [Consumer clientId=consumer-summarization-service-group-1, groupId=summarization-service-group] Group coordinator kafka:9092 (id: 2147483646 rack: null isFenced: false) is unavailable or invalid due to cause: error response NOT_COORDINATOR. isDisconnected: false. Rediscovery will be attempted.
scheduler-1                     | 2026-09-25T22:06:54.167Z  INFO 1 --- [Container-0-C-1] o.a.k.c.c.internals.ConsumerCoordinator  : [Consumer clientId=consumer-scheduler-service-group-1, groupId=scheduler-service-group] (Re-)joining group
scheduler-1                     | 2026-09-25T22:06:54.172Z  INFO 1 --- [Container-0-C-1] o.a.k.c.c.internals.ConsumerCoordinator  : [Consumer clientId=consumer-scheduler-service-group-1, groupId=scheduler-service-group] Group coordinator kafka:9092 (id: 2147483646 rack: null isFenced: false) is unavailable or invalid due to cause: error response NOT_COORDINATOR. isDisconnected: false. Rediscovery will be attempted.
scheduler-1                     | 2026-09-25T22:06:54.172Z  INFO 1 --- [Container-0-C-1] o.a.k.c.c.internals.ConsumerCoordinator  : [Consumer clientId=consumer-scheduler-service-group-1, groupId=scheduler-service-group] Requesting disconnect from last known coordinator kafka:9092 (id: 2147483646 rack: null isFenced: false)
scheduler-1                     | 2026-09-25T22:06:54.172Z  INFO 1 --- [Container-0-C-1] o.a.k.c.c.internals.ConsumerCoordinator  : [Consumer clientId=consumer-scheduler-service-group-1, groupId=scheduler-service-group] JoinGroup failed: This is not the correct coordinator. Marking coordinator unknown. Sent generation was Generation{generationId=-1, memberId='', protocol='null'}
kafka_compose                   | 	remote.log.metadata.manager.class.name = org.apache.kafka.server.log.remote.metadata.storage.TopicBasedRemoteLogMetadataManager
kafka_compose                   | 	remote.log.metadata.manager.class.path = null
kafka_compose                   | 	remote.log.metadata.manager.impl.prefix = rlmm.config.
kafka_compose                   | 	remote.log.metadata.manager.listener.name = null
kafka_compose                   | 	remote.log.reader.max.pending.tasks = 100
scheduler-1                     | 2026-09-25T22:06:54.172Z  INFO 1 --- [Container-0-C-1] org.apache.kafka.clients.NetworkClient   : [Consumer clientId=consumer-scheduler-service-group-1, groupId=scheduler-service-group] Client requested disconnect from node 2147483646
email-sender-1                  | 	sasl.oauthbearer.assertion.file = null
scheduler-1                     | 2026-09-25T22:06:54.175Z  INFO 1 --- [Container-0-C-1] o.a.k.c.c.internals.ConsumerCoordinator  : [Consumer clientId=consumer-scheduler-service-group-1, groupId=scheduler-service-group] Discovered group coordinator kafka:9092 (id: 2147483646 rack: null isFenced: false)
kafka_compose                   | 	remote.log.reader.threads = 10
kafka_compose                   | 	remote.log.storage.manager.class.name = null
kafka_compose                   | 	remote.log.storage.manager.class.path = null
summarization-service-1         | 2026-09-25T22:06:52.707Z  INFO 1 --- [ntainer#0-0-C-1] o.a.k.c.c.internals.ConsumerCoordinator  : [Consumer clientId=consumer-summarization-service-group-1, groupId=summarization-service-group] Requesting disconnect from last known coordinator kafka:9092 (id: 2147483646 rack: null isFenced: false)
email-sender-1                  | 	sasl.oauthbearer.assertion.private.key.file = null
kafka_compose                   | 	remote.log.storage.manager.impl.prefix = rsm.config.
kafka_compose                   | 	remote.log.storage.system.enable = false
scheduler-1                     | 2026-09-25T22:06:54.176Z  INFO 1 --- [Container-0-C-1] o.a.k.c.c.internals.ConsumerCoordinator  : [Consumer clientId=consumer-scheduler-service-group-1, groupId=scheduler-service-group] Group coordinator kafka:9092 (id: 2147483646 rack: null isFenced: false) is unavailable or invalid due to cause: coordinator unavailable. isDisconnected: false. Rediscovery will be attempted.
scheduler-1                     | 2026-09-25T22:06:54.176Z  INFO 1 --- [Container-0-C-1] o.a.k.c.c.internals.ConsumerCoordinator  : [Consumer clientId=consumer-scheduler-service-group-1, groupId=scheduler-service-group] Requesting disconnect from last known coordinator kafka:9092 (id: 2147483646 rack: null isFenced: false)
email-sender-1                  | 	sasl.oauthbearer.assertion.private.key.passphrase = null
email-sender-1                  | 	sasl.oauthbearer.assertion.template.file = null
email-sender-1                  | 	sasl.oauthbearer.client.credentials.client.id = null
email-sender-1                  | 	sasl.oauthbearer.client.credentials.client.secret = null
kafka_compose                   | 	replica.fetch.backoff.ms = 1000
kafka_compose                   | 	replica.fetch.max.bytes = 1048576
kafka_compose                   | 	replica.fetch.min.bytes = 1
email-sender-1                  | 	sasl.oauthbearer.clock.skew.seconds = 30
email-sender-1                  | 	sasl.oauthbearer.expected.audience = []
email-sender-1                  | 	sasl.oauthbearer.expected.issuer = null
email-sender-1                  | 	sasl.oauthbearer.header.urlencode = false
scheduler-1                     | 2026-09-25T22:06:54.274Z  INFO 1 --- [Container-0-C-1] o.a.k.c.c.internals.ConsumerCoordinator  : [Consumer clientId=consumer-scheduler-service-group-1, groupId=scheduler-service-group] Discovered group coordinator kafka:9092 (id: 2147483646 rack: null isFenced: false)
scheduler-1                     | 2026-09-25T22:06:54.276Z  INFO 1 --- [Container-0-C-1] o.a.k.c.c.internals.ConsumerCoordinator  : [Consumer clientId=consumer-scheduler-service-group-1, groupId=scheduler-service-group] Request joining group due to: rebalance failed due to 'This is not the correct coordinator.' (NotCoordinatorException)
scheduler-1                     | 2026-09-25T22:06:54.277Z  INFO 1 --- [Container-0-C-1] o.a.k.c.c.internals.ConsumerCoordinator  : [Consumer clientId=consumer-scheduler-service-group-1, groupId=scheduler-service-group] (Re-)joining group
scheduler-1                     | 2026-09-25T22:06:54.294Z  INFO 1 --- [Container-0-C-1] o.a.k.c.c.internals.ConsumerCoordinator  : [Consumer clientId=consumer-scheduler-service-group-1, groupId=scheduler-service-group] Request joining group due to: need to re-join with the given member-id: consumer-scheduler-service-group-1-e12bd5ff-ceb5-4f59-9520-805e7e941bdd
email-sender-1                  | 	sasl.oauthbearer.jwks.endpoint.refresh.ms = 3600000
email-sender-1                  | 	sasl.oauthbearer.jwks.endpoint.retry.backoff.max.ms = 10000
email-sender-1                  | 	sasl.oauthbearer.jwks.endpoint.retry.backoff.ms = 100
email-sender-1                  | 	sasl.oauthbearer.jwks.endpoint.url = null
email-sender-1                  | 	sasl.oauthbearer.jwt.retriever.class = class org.apache.kafka.common.security.oauthbearer.DefaultJwtRetriever
scheduler-1                     | 2026-09-25T22:06:54.295Z  INFO 1 --- [Container-0-C-1] o.a.k.c.c.internals.ConsumerCoordinator  : [Consumer clientId=consumer-scheduler-service-group-1, groupId=scheduler-service-group] (Re-)joining group
kafka_compose                   | 	replica.fetch.response.max.bytes = 10485760
kafka_compose                   | 	replica.fetch.wait.max.ms = 500
summarization-service-1         | 2026-09-25T22:06:52.708Z  INFO 1 --- [ntainer#0-0-C-1] o.a.k.c.c.internals.ConsumerCoordinator  : [Consumer clientId=consumer-summarization-service-group-1, groupId=summarization-service-group] JoinGroup failed: This is not the correct coordinator. Marking coordinator unknown. Sent generation was Generation{generationId=-1, memberId='', protocol='null'}
summarization-service-1         | 2026-09-25T22:06:52.709Z  INFO 1 --- [ntainer#0-0-C-1] org.apache.kafka.clients.NetworkClient   : [Consumer clientId=consumer-summarization-service-group-1, groupId=summarization-service-group] Client requested disconnect from node 2147483646
summarization-service-1         | 2026-09-25T22:06:52.714Z  INFO 1 --- [ntainer#0-0-C-1] o.a.k.c.c.internals.ConsumerCoordinator  : [Consumer clientId=consumer-summarization-service-group-1, groupId=summarization-service-group] Discovered group coordinator kafka:9092 (id: 2147483646 rack: null isFenced: false)
summarization-service-1         | 2026-09-25T22:06:52.714Z  INFO 1 --- [ntainer#0-0-C-1] o.a.k.c.c.internals.ConsumerCoordinator  : [Consumer clientId=consumer-summarization-service-group-1, groupId=summarization-service-group] Group coordinator kafka:9092 (id: 2147483646 rack: null isFenced: false) is unavailable or invalid due to cause: coordinator unavailable. isDisconnected: false. Rediscovery will be attempted.
email-sender-1                  | 	sasl.oauthbearer.jwt.validator.class = class org.apache.kafka.common.security.oauthbearer.DefaultJwtValidator
email-sender-1                  | 	sasl.oauthbearer.scope = null
kafka_compose                   | 	replica.high.watermark.checkpoint.interval.ms = 5000
kafka_compose                   | 	replica.lag.time.max.ms = 30000
kafka_compose                   | 	replica.selector.class = null
kafka_compose                   | 	replica.socket.receive.buffer.bytes = 65536
summarization-service-1         | 2026-09-25T22:06:52.715Z  INFO 1 --- [ntainer#0-0-C-1] o.a.k.c.c.internals.ConsumerCoordinator  : [Consumer clientId=consumer-summarization-service-group-1, groupId=summarization-service-group] Requesting disconnect from last known coordinator kafka:9092 (id: 2147483646 rack: null isFenced: false)
summarization-service-1         | 2026-09-25T22:06:52.832Z  INFO 1 --- [ntainer#0-0-C-1] o.a.k.c.c.internals.ConsumerCoordinator  : [Consumer clientId=consumer-summarization-service-group-1, groupId=summarization-service-group] Discovered group coordinator kafka:9092 (id: 2147483646 rack: null isFenced: false)
summarization-service-1         | 2026-09-25T22:06:52.835Z  INFO 1 --- [ntainer#0-0-C-1] o.a.k.c.c.internals.ConsumerCoordinator  : [Consumer clientId=consumer-summarization-service-group-1, groupId=summarization-service-group] Request joining group due to: rebalance failed due to 'This is not the correct coordinator.' (NotCoordinatorException)
summarization-service-1         | 2026-09-25T22:06:52.836Z  INFO 1 --- [ntainer#0-0-C-1] o.a.k.c.c.internals.ConsumerCoordinator  : [Consumer clientId=consumer-summarization-service-group-1, groupId=summarization-service-group] (Re-)joining group
summarization-service-1         | 2026-09-25T22:06:52.846Z  INFO 1 --- [ntainer#0-0-C-1] o.a.k.c.c.internals.ConsumerCoordinator  : [Consumer clientId=consumer-summarization-service-group-1, groupId=summarization-service-group] Group coordinator kafka:9092 (id: 2147483646 rack: null isFenced: false) is unavailable or invalid due to cause: error response NOT_COORDINATOR. isDisconnected: false. Rediscovery will be attempted.
summarization-service-1         | 2026-09-25T22:06:52.847Z  INFO 1 --- [ntainer#0-0-C-1] o.a.k.c.c.internals.ConsumerCoordinator  : [Consumer clientId=consumer-summarization-service-group-1, groupId=summarization-service-group] Requesting disconnect from last known coordinator kafka:9092 (id: 2147483646 rack: null isFenced: false)
scheduler-1                     | 2026-09-25T22:06:57.300Z  INFO 1 --- [Container-0-C-1] o.a.k.c.c.internals.ConsumerCoordinator  : [Consumer clientId=consumer-scheduler-service-group-1, groupId=scheduler-service-group] Successfully joined group with generation Generation{generationId=1, memberId='consumer-scheduler-service-group-1-e12bd5ff-ceb5-4f59-9520-805e7e941bdd', protocol='range'}
scheduler-1                     | 2026-09-25T22:06:57.348Z  INFO 1 --- [Container-0-C-1] o.a.k.c.c.internals.ConsumerCoordinator  : [Consumer clientId=consumer-scheduler-service-group-1, groupId=scheduler-service-group] Finished assignment for group at generation 1: {consumer-scheduler-service-group-1-e12bd5ff-ceb5-4f59-9520-805e7e941bdd=Assignment(partitions=[SCHEDULER_SUMMARIZATION_REPLIES-0])}
email-sender-1                  | 	sasl.oauthbearer.scope.claim.name = scope
email-sender-1                  | 	sasl.oauthbearer.sub.claim.name = sub
scheduler-1                     | 2026-09-25T22:06:57.368Z  INFO 1 --- [Container-0-C-1] o.a.k.c.c.internals.ConsumerCoordinator  : [Consumer clientId=consumer-scheduler-service-group-1, groupId=scheduler-service-group] Successfully synced group in generation Generation{generationId=1, memberId='consumer-scheduler-service-group-1-e12bd5ff-ceb5-4f59-9520-805e7e941bdd', protocol='range'}
scheduler-1                     | 2026-09-25T22:06:57.370Z  INFO 1 --- [Container-0-C-1] o.a.k.c.c.internals.ConsumerCoordinator  : [Consumer clientId=consumer-scheduler-service-group-1, groupId=scheduler-service-group] Notifying assignor about the new Assignment(partitions=[SCHEDULER_SUMMARIZATION_REPLIES-0])
kafka_compose                   | 	replica.socket.timeout.ms = 30000
kafka_compose                   | 	replication.quota.window.num = 11
email-sender-1                  | 	sasl.oauthbearer.token.endpoint.url = null
email-sender-1                  | 	security.protocol = PLAINTEXT
email-sender-1                  | 	security.providers = null
scheduler-1                     | 2026-09-25T22:06:57.377Z  INFO 1 --- [Container-0-C-1] k.c.c.i.ConsumerRebalanceListenerInvoker : [Consumer clientId=consumer-scheduler-service-group-1, groupId=scheduler-service-group] Adding newly assigned partitions: [SCHEDULER_SUMMARIZATION_REPLIES-0]
scheduler-1                     | 2026-09-25T22:06:57.392Z  INFO 1 --- [Container-0-C-1] o.a.k.c.c.internals.ConsumerCoordinator  : [Consumer clientId=consumer-scheduler-service-group-1, groupId=scheduler-service-group] Found no committed offset for partition SCHEDULER_SUMMARIZATION_REPLIES-0
scheduler-1                     | 2026-09-25T22:06:57.410Z  INFO 1 --- [Container-0-C-1] o.a.k.c.c.internals.ConsumerCoordinator  : [Consumer clientId=consumer-scheduler-service-group-1, groupId=scheduler-service-group] Found no committed offset for partition SCHEDULER_SUMMARIZATION_REPLIES-0
email-sender-1                  | 	send.buffer.bytes = 131072
email-sender-1                  | 	session.timeout.ms = 45000
email-sender-1                  | 	share.acknowledgement.mode = implicit
email-sender-1                  | 	share.acquire.mode = BATCH_OPTIMIZED
email-sender-1                  | 	socket.connection.setup.timeout.max.ms = 30000
email-sender-1                  | 	socket.connection.setup.timeout.ms = 10000
email-sender-1                  | 	ssl.cipher.suites = []
summarization-service-1         | 2026-09-25T22:06:52.847Z  INFO 1 --- [ntainer#0-0-C-1] o.a.k.c.c.internals.ConsumerCoordinator  : [Consumer clientId=consumer-summarization-service-group-1, groupId=summarization-service-group] JoinGroup failed: This is not the correct coordinator. Marking coordinator unknown. Sent generation was Generation{generationId=-1, memberId='', protocol='null'}
summarization-service-1         | 2026-09-25T22:06:52.848Z  INFO 1 --- [ntainer#0-0-C-1] org.apache.kafka.clients.NetworkClient   : [Consumer clientId=consumer-summarization-service-group-1, groupId=summarization-service-group] Client requested disconnect from node 2147483646
kafka_compose                   | 	replication.quota.window.size.seconds = 1
kafka_compose                   | 	request.timeout.ms = 30000
summarization-service-1         | 2026-09-25T22:06:52.856Z  INFO 1 --- [ntainer#0-0-C-1] o.a.k.c.c.internals.ConsumerCoordinator  : [Consumer clientId=consumer-summarization-service-group-1, groupId=summarization-service-group] Discovered group coordinator kafka:9092 (id: 2147483646 rack: null isFenced: false)
scheduler-1                     | 2026-09-25T22:06:57.474Z  INFO 1 --- [Container-0-C-1] o.a.k.c.c.internals.SubscriptionState    : [Consumer clientId=consumer-scheduler-service-group-1, groupId=scheduler-service-group] Resetting offset for partition SCHEDULER_SUMMARIZATION_REPLIES-0 to position FetchPosition{offset=0, offsetEpoch=Optional.empty, currentLeader=LeaderAndEpoch{leader=Optional[kafka:9092 (id: 1 rack: null isFenced: false)], epoch=0}}.
email-sender-1                  | 	ssl.enabled.protocols = [TLSv1.2, TLSv1.3]
email-sender-1                  | 	ssl.endpoint.identification.algorithm = https
kafka_compose                   | 	sasl.client.callback.handler.class = null
kafka_compose                   | 	sasl.enabled.mechanisms = [GSSAPI]
scheduler-1                     | 2026-09-25T22:06:57.540Z  INFO 1 --- [Container-0-C-1] o.s.k.l.KafkaMessageListenerContainer    : scheduler-service-group: partitions assigned: [SCHEDULER_SUMMARIZATION_REPLIES-0]
summarization-service-1         | 2026-09-25T22:06:52.857Z  INFO 1 --- [ntainer#0-0-C-1] o.a.k.c.c.internals.ConsumerCoordinator  : [Consumer clientId=consumer-summarization-service-group-1, groupId=summarization-service-group] Group coordinator kafka:9092 (id: 2147483646 rack: null isFenced: false) is unavailable or invalid due to cause: coordinator unavailable. isDisconnected: false. Rediscovery will be attempted.
kafka_compose                   | 	sasl.jaas.config = null
kafka_compose                   | 	sasl.kerberos.kinit.cmd = /usr/bin/kinit
kafka_compose                   | 	sasl.kerberos.min.time.before.relogin = 60000
summarization-service-1         | 2026-09-25T22:06:52.857Z  INFO 1 --- [ntainer#0-0-C-1] o.a.k.c.c.internals.ConsumerCoordinator  : [Consumer clientId=consumer-summarization-service-group-1, groupId=summarization-service-group] Requesting disconnect from last known coordinator kafka:9092 (id: 2147483646 rack: null isFenced: false)
summarization-service-1         | 2026-09-25T22:06:52.976Z  INFO 1 --- [ntainer#0-0-C-1] o.a.k.c.c.internals.ConsumerCoordinator  : [Consumer clientId=consumer-summarization-service-group-1, groupId=summarization-service-group] Discovered group coordinator kafka:9092 (id: 2147483646 rack: null isFenced: false)
summarization-service-1         | 2026-09-25T22:06:52.979Z  INFO 1 --- [ntainer#0-0-C-1] o.a.k.c.c.internals.ConsumerCoordinator  : [Consumer clientId=consumer-summarization-service-group-1, groupId=summarization-service-group] Request joining group due to: rebalance failed due to 'This is not the correct coordinator.' (NotCoordinatorException)
summarization-service-1         | 2026-09-25T22:06:52.981Z  INFO 1 --- [ntainer#0-0-C-1] o.a.k.c.c.internals.ConsumerCoordinator  : [Consumer clientId=consumer-summarization-service-group-1, groupId=summarization-service-group] (Re-)joining group
summarization-service-1         | 2026-09-25T22:06:52.993Z  INFO 1 --- [ntainer#0-0-C-1] o.a.k.c.c.internals.ConsumerCoordinator  : [Consumer clientId=consumer-summarization-service-group-1, groupId=summarization-service-group] Group coordinator kafka:9092 (id: 2147483646 rack: null isFenced: false) is unavailable or invalid due to cause: error response NOT_COORDINATOR. isDisconnected: false. Rediscovery will be attempted.
summarization-service-1         | 2026-09-25T22:06:52.994Z  INFO 1 --- [ntainer#0-0-C-1] o.a.k.c.c.internals.ConsumerCoordinator  : [Consumer clientId=consumer-summarization-service-group-1, groupId=summarization-service-group] Requesting disconnect from last known coordinator kafka:9092 (id: 2147483646 rack: null isFenced: false)
summarization-service-1         | 2026-09-25T22:06:52.995Z  INFO 1 --- [ntainer#0-0-C-1] o.a.k.c.c.internals.ConsumerCoordinator  : [Consumer clientId=consumer-summarization-service-group-1, groupId=summarization-service-group] JoinGroup failed: This is not the correct coordinator. Marking coordinator unknown. Sent generation was Generation{generationId=-1, memberId='', protocol='null'}
email-sender-1                  | 	ssl.engine.factory.class = null
email-sender-1                  | 	ssl.key.password = null
email-sender-1                  | 	ssl.keymanager.algorithm = SunX509
email-sender-1                  | 	ssl.keystore.certificate.chain = null
summarization-service-1         | 2026-09-25T22:06:52.996Z  INFO 1 --- [ntainer#0-0-C-1] org.apache.kafka.clients.NetworkClient   : [Consumer clientId=consumer-summarization-service-group-1, groupId=summarization-service-group] Client requested disconnect from node 2147483646
summarization-service-1         | 2026-09-25T22:06:53.000Z  INFO 1 --- [ntainer#0-0-C-1] o.a.k.c.c.internals.ConsumerCoordinator  : [Consumer clientId=consumer-summarization-service-group-1, groupId=summarization-service-group] Discovered group coordinator kafka:9092 (id: 2147483646 rack: null isFenced: false)
email-sender-1                  | 	ssl.keystore.key = null
summarization-service-1         | 2026-09-25T22:06:53.000Z  INFO 1 --- [ntainer#0-0-C-1] o.a.k.c.c.internals.ConsumerCoordinator  : [Consumer clientId=consumer-summarization-service-group-1, groupId=summarization-service-group] Group coordinator kafka:9092 (id: 2147483646 rack: null isFenced: false) is unavailable or invalid due to cause: coordinator unavailable. isDisconnected: false. Rediscovery will be attempted.
summarization-service-1         | 2026-09-25T22:06:53.001Z  INFO 1 --- [ntainer#0-0-C-1] o.a.k.c.c.internals.ConsumerCoordinator  : [Consumer clientId=consumer-summarization-service-group-1, groupId=summarization-service-group] Requesting disconnect from last known coordinator kafka:9092 (id: 2147483646 rack: null isFenced: false)
kafka_compose                   | 	sasl.kerberos.principal.to.local.rules = [DEFAULT]
kafka_compose                   | 	sasl.kerberos.service.name = null
summarization-service-1         | 2026-09-25T22:06:53.094Z  INFO 1 --- [ntainer#0-0-C-1] o.a.k.c.c.internals.ConsumerCoordinator  : [Consumer clientId=consumer-summarization-service-group-1, groupId=summarization-service-group] Discovered group coordinator kafka:9092 (id: 2147483646 rack: null isFenced: false)
kafka_compose                   | 	sasl.kerberos.ticket.renew.jitter = 0.05
kafka_compose                   | 	sasl.kerberos.ticket.renew.window.factor = 0.8
kafka_compose                   | 	sasl.login.callback.handler.class = null
summarization-service-1         | 2026-09-25T22:06:53.097Z  INFO 1 --- [ntainer#0-0-C-1] o.a.k.c.c.internals.ConsumerCoordinator  : [Consumer clientId=consumer-summarization-service-group-1, groupId=summarization-service-group] Request joining group due to: rebalance failed due to 'This is not the correct coordinator.' (NotCoordinatorException)
summarization-service-1         | 2026-09-25T22:06:53.099Z  INFO 1 --- [ntainer#0-0-C-1] o.a.k.c.c.internals.ConsumerCoordinator  : [Consumer clientId=consumer-summarization-service-group-1, groupId=summarization-service-group] (Re-)joining group
summarization-service-1         | 2026-09-25T22:06:53.112Z  INFO 1 --- [ntainer#0-0-C-1] o.a.k.c.c.internals.ConsumerCoordinator  : [Consumer clientId=consumer-summarization-service-group-1, groupId=summarization-service-group] Group coordinator kafka:9092 (id: 2147483646 rack: null isFenced: false) is unavailable or invalid due to cause: error response NOT_COORDINATOR. isDisconnected: false. Rediscovery will be attempted.
summarization-service-1         | 2026-09-25T22:06:53.115Z  INFO 1 --- [ntainer#0-0-C-1] o.a.k.c.c.internals.ConsumerCoordinator  : [Consumer clientId=consumer-summarization-service-group-1, groupId=summarization-service-group] Requesting disconnect from last known coordinator kafka:9092 (id: 2147483646 rack: null isFenced: false)
summarization-service-1         | 2026-09-25T22:06:53.116Z  INFO 1 --- [ntainer#0-0-C-1] o.a.k.c.c.internals.ConsumerCoordinator  : [Consumer clientId=consumer-summarization-service-group-1, groupId=summarization-service-group] JoinGroup failed: This is not the correct coordinator. Marking coordinator unknown. Sent generation was Generation{generationId=-1, memberId='', protocol='null'}
summarization-service-1         | 2026-09-25T22:06:53.117Z  INFO 1 --- [ntainer#0-0-C-1] org.apache.kafka.clients.NetworkClient   : [Consumer clientId=consumer-summarization-service-group-1, groupId=summarization-service-group] Client requested disconnect from node 2147483646
email-sender-1                  | 	ssl.keystore.location = null
summarization-service-1         | 2026-09-25T22:06:53.123Z  INFO 1 --- [ntainer#0-0-C-1] o.a.k.c.c.internals.ConsumerCoordinator  : [Consumer clientId=consumer-summarization-service-group-1, groupId=summarization-service-group] Discovered group coordinator kafka:9092 (id: 2147483646 rack: null isFenced: false)
summarization-service-1         | 2026-09-25T22:06:53.124Z  INFO 1 --- [ntainer#0-0-C-1] o.a.k.c.c.internals.ConsumerCoordinator  : [Consumer clientId=consumer-summarization-service-group-1, groupId=summarization-service-group] Group coordinator kafka:9092 (id: 2147483646 rack: null isFenced: false) is unavailable or invalid due to cause: coordinator unavailable. isDisconnected: false. Rediscovery will be attempted.
summarization-service-1         | 2026-09-25T22:06:53.125Z  INFO 1 --- [ntainer#0-0-C-1] o.a.k.c.c.internals.ConsumerCoordinator  : [Consumer clientId=consumer-summarization-service-group-1, groupId=summarization-service-group] Requesting disconnect from last known coordinator kafka:9092 (id: 2147483646 rack: null isFenced: false)
summarization-service-1         | 2026-09-25T22:06:53.223Z  INFO 1 --- [ntainer#0-0-C-1] o.a.k.c.c.internals.ConsumerCoordinator  : [Consumer clientId=consumer-summarization-service-group-1, groupId=summarization-service-group] Discovered group coordinator kafka:9092 (id: 2147483646 rack: null isFenced: false)
summarization-service-1         | 2026-09-25T22:06:53.232Z  INFO 1 --- [ntainer#0-0-C-1] o.a.k.c.c.internals.ConsumerCoordinator  : [Consumer clientId=consumer-summarization-service-group-1, groupId=summarization-service-group] Request joining group due to: rebalance failed due to 'This is not the correct coordinator.' (NotCoordinatorException)
email-sender-1                  | 	ssl.keystore.password = null
email-sender-1                  | 	ssl.keystore.type = JKS
summarization-service-1         | 2026-09-25T22:06:53.234Z  INFO 1 --- [ntainer#0-0-C-1] o.a.k.c.c.internals.ConsumerCoordinator  : [Consumer clientId=consumer-summarization-service-group-1, groupId=summarization-service-group] (Re-)joining group
summarization-service-1         | 2026-09-25T22:06:53.256Z  INFO 1 --- [ntainer#0-0-C-1] o.a.k.c.c.internals.ConsumerCoordinator  : [Consumer clientId=consumer-summarization-service-group-1, groupId=summarization-service-group] Group coordinator kafka:9092 (id: 2147483646 rack: null isFenced: false) is unavailable or invalid due to cause: error response NOT_COORDINATOR. isDisconnected: false. Rediscovery will be attempted.
summarization-service-1         | 2026-09-25T22:06:53.256Z  INFO 1 --- [ntainer#0-0-C-1] o.a.k.c.c.internals.ConsumerCoordinator  : [Consumer clientId=consumer-summarization-service-group-1, groupId=summarization-service-group] Requesting disconnect from last known coordinator kafka:9092 (id: 2147483646 rack: null isFenced: false)
summarization-service-1         | 2026-09-25T22:06:53.257Z  INFO 1 --- [ntainer#0-0-C-1] o.a.k.c.c.internals.ConsumerCoordinator  : [Consumer clientId=consumer-summarization-service-group-1, groupId=summarization-service-group] JoinGroup failed: This is not the correct coordinator. Marking coordinator unknown. Sent generation was Generation{generationId=-1, memberId='', protocol='null'}
kafka_compose                   | 	sasl.login.class = null
kafka_compose                   | 	sasl.login.connect.timeout.ms = null
email-sender-1                  | 	ssl.protocol = TLSv1.3
email-sender-1                  | 	ssl.provider = null
email-sender-1                  | 	ssl.secure.random.implementation = null
email-sender-1                  | 	ssl.trustmanager.algorithm = PKIX
email-sender-1                  | 	ssl.truststore.certificates = null
email-sender-1                  | 	ssl.truststore.location = null
email-sender-1                  | 	ssl.truststore.password = null
kafka_compose                   | 	sasl.login.read.timeout.ms = null
email-sender-1                  | 	ssl.truststore.type = JKS
email-sender-1                  | 	value.deserializer = class org.springframework.kafka.support.serializer.JacksonJsonDeserializer
kafka_compose                   | 	sasl.login.refresh.buffer.seconds = 300
email-sender-1                  | 
email-sender-1                  | 2026-09-25T22:06:49.677Z  INFO 1 --- [           main] o.a.k.c.t.i.KafkaMetricsCollector        : initializing Kafka metrics collector
summarization-service-1         | 2026-09-25T22:06:53.257Z  INFO 1 --- [ntainer#0-0-C-1] org.apache.kafka.clients.NetworkClient   : [Consumer clientId=consumer-summarization-service-group-1, groupId=summarization-service-group] Client requested disconnect from node 2147483646
summarization-service-1         | 2026-09-25T22:06:53.265Z  INFO 1 --- [ntainer#0-0-C-1] o.a.k.c.c.internals.ConsumerCoordinator  : [Consumer clientId=consumer-summarization-service-group-1, groupId=summarization-service-group] Discovered group coordinator kafka:9092 (id: 2147483646 rack: null isFenced: false)
summarization-service-1         | 2026-09-25T22:06:53.265Z  INFO 1 --- [ntainer#0-0-C-1] o.a.k.c.c.internals.ConsumerCoordinator  : [Consumer clientId=consumer-summarization-service-group-1, groupId=summarization-service-group] Group coordinator kafka:9092 (id: 2147483646 rack: null isFenced: false) is unavailable or invalid due to cause: coordinator unavailable. isDisconnected: false. Rediscovery will be attempted.
summarization-service-1         | 2026-09-25T22:06:53.266Z  INFO 1 --- [ntainer#0-0-C-1] o.a.k.c.c.internals.ConsumerCoordinator  : [Consumer clientId=consumer-summarization-service-group-1, groupId=summarization-service-group] Requesting disconnect from last known coordinator kafka:9092 (id: 2147483646 rack: null isFenced: false)
summarization-service-1         | 2026-09-25T22:06:53.379Z  INFO 1 --- [ntainer#0-0-C-1] o.a.k.c.c.internals.ConsumerCoordinator  : [Consumer clientId=consumer-summarization-service-group-1, groupId=summarization-service-group] Discovered group coordinator kafka:9092 (id: 2147483646 rack: null isFenced: false)
summarization-service-1         | 2026-09-25T22:06:53.382Z  INFO 1 --- [ntainer#0-0-C-1] o.a.k.c.c.internals.ConsumerCoordinator  : [Consumer clientId=consumer-summarization-service-group-1, groupId=summarization-service-group] Request joining group due to: rebalance failed due to 'This is not the correct coordinator.' (NotCoordinatorException)
summarization-service-1         | 2026-09-25T22:06:53.386Z  INFO 1 --- [ntainer#0-0-C-1] o.a.k.c.c.internals.ConsumerCoordinator  : [Consumer clientId=consumer-summarization-service-group-1, groupId=summarization-service-group] (Re-)joining group
summarization-service-1         | 2026-09-25T22:06:53.396Z  INFO 1 --- [ntainer#0-0-C-1] o.a.k.c.c.internals.ConsumerCoordinator  : [Consumer clientId=consumer-summarization-service-group-1, groupId=summarization-service-group] Group coordinator kafka:9092 (id: 2147483646 rack: null isFenced: false) is unavailable or invalid due to cause: error response NOT_COORDINATOR. isDisconnected: false. Rediscovery will be attempted.
summarization-service-1         | 2026-09-25T22:06:53.397Z  INFO 1 --- [ntainer#0-0-C-1] o.a.k.c.c.internals.ConsumerCoordinator  : [Consumer clientId=consumer-summarization-service-group-1, groupId=summarization-service-group] Requesting disconnect from last known coordinator kafka:9092 (id: 2147483646 rack: null isFenced: false)
kafka_compose                   | 	sasl.login.refresh.min.period.seconds = 60
kafka_compose                   | 	sasl.login.refresh.window.factor = 0.8
kafka_compose                   | 	sasl.login.refresh.window.jitter = 0.05
kafka_compose                   | 	sasl.login.retry.backoff.max.ms = 10000
kafka_compose                   | 	sasl.login.retry.backoff.ms = 100
kafka_compose                   | 	sasl.mechanism.controller.protocol = GSSAPI
email-sender-1                  | 2026-09-25T22:06:49.710Z  INFO 1 --- [           main] o.a.kafka.common.utils.AppInfoParser     : Kafka version: 4.2.1
email-sender-1                  | 2026-09-25T22:06:49.710Z  INFO 1 --- [           main] o.a.kafka.common.utils.AppInfoParser     : Kafka commitId: 92f61c44867f39dc
email-sender-1                  | 2026-09-25T22:06:49.710Z  INFO 1 --- [           main] o.a.kafka.common.utils.AppInfoParser     : Kafka startTimeMs: 1790374009709
kafka_compose                   | 	sasl.mechanism.inter.broker.protocol = GSSAPI
email-sender-1                  | 2026-09-25T22:06:49.712Z  INFO 1 --- [           main] o.a.k.c.c.i.ClassicKafkaConsumer         : [Consumer clientId=consumer-consumer-service-group-2, groupId=consumer-service-group] Subscribed to topic(s): EMAIL_SENDING_TASKS
email-sender-1                  | 2026-09-25T22:06:49.729Z  INFO 1 --- [           main] t.emailsender.EmailSenderApplication     : Started EmailSenderApplication in 16.557 seconds (process running for 20.044)
summarization-service-1         | 2026-09-25T22:06:53.397Z  INFO 1 --- [ntainer#0-0-C-1] o.a.k.c.c.internals.ConsumerCoordinator  : [Consumer clientId=consumer-summarization-service-group-1, groupId=summarization-service-group] JoinGroup failed: This is not the correct coordinator. Marking coordinator unknown. Sent generation was Generation{generationId=-1, memberId='', protocol='null'}
summarization-service-1         | 2026-09-25T22:06:53.398Z  INFO 1 --- [ntainer#0-0-C-1] o.a.k.c.c.internals.ConsumerCoordinator  : [Consumer clientId=consumer-summarization-service-group-1, groupId=summarization-service-group] Request joining group due to: rebalance failed due to 'This is not the correct coordinator.' (NotCoordinatorException)
kafka_compose                   | 	sasl.oauthbearer.assertion.algorithm = RS256
email-sender-1                  | 2026-09-25T22:06:49.748Z  INFO 1 --- [ntainer#0-0-C-1] org.apache.kafka.clients.Metadata        : [Consumer clientId=consumer-summary-email-service-group-1, groupId=summary-email-service-group] Cluster ID: 4L6g3nShT-eMCtK--X86sw
email-sender-1                  | 2026-09-25T22:06:49.760Z  INFO 1 --- [ntainer#1-0-C-1] org.apache.kafka.clients.Metadata        : [Consumer clientId=consumer-consumer-service-group-2, groupId=consumer-service-group] Cluster ID: 4L6g3nShT-eMCtK--X86sw
email-sender-1                  | 2026-09-25T22:06:49.880Z  INFO 1 --- [ntainer#0-0-C-1] o.a.k.c.c.internals.ConsumerCoordinator  : [Consumer clientId=consumer-summary-email-service-group-1, groupId=summary-email-service-group] Discovered group coordinator kafka:9092 (id: 2147483646 rack: null isFenced: false)
email-sender-1                  | 2026-09-25T22:06:49.886Z  INFO 1 --- [ntainer#0-0-C-1] o.a.k.c.c.internals.ConsumerCoordinator  : [Consumer clientId=consumer-summary-email-service-group-1, groupId=summary-email-service-group] (Re-)joining group
email-sender-1                  | 2026-09-25T22:06:49.918Z  INFO 1 --- [ntainer#1-0-C-1] o.a.k.c.c.internals.ConsumerCoordinator  : [Consumer clientId=consumer-consumer-service-group-2, groupId=consumer-service-group] Discovered group coordinator kafka:9092 (id: 2147483646 rack: null isFenced: false)
email-sender-1                  | 2026-09-25T22:06:49.926Z  INFO 1 --- [ntainer#1-0-C-1] o.a.k.c.c.internals.ConsumerCoordinator  : [Consumer clientId=consumer-consumer-service-group-2, groupId=consumer-service-group] (Re-)joining group
email-sender-1                  | 2026-09-25T22:06:49.952Z  INFO 1 --- [ntainer#0-0-C-1] o.a.k.c.c.internals.ConsumerCoordinator  : [Consumer clientId=consumer-summary-email-service-group-1, groupId=summary-email-service-group] Group coordinator kafka:9092 (id: 2147483646 rack: null isFenced: false) is unavailable or invalid due to cause: error response NOT_COORDINATOR. isDisconnected: false. Rediscovery will be attempted.
email-sender-1                  | 2026-09-25T22:06:49.953Z  INFO 1 --- [ntainer#0-0-C-1] o.a.k.c.c.internals.ConsumerCoordinator  : [Consumer clientId=consumer-summary-email-service-group-1, groupId=summary-email-service-group] Requesting disconnect from last known coordinator kafka:9092 (id: 2147483646 rack: null isFenced: false)
email-sender-1                  | 2026-09-25T22:06:49.964Z  INFO 1 --- [ntainer#1-0-C-1] o.a.k.c.c.internals.ConsumerCoordinator  : [Consumer clientId=consumer-consumer-service-group-2, groupId=consumer-service-group] Group coordinator kafka:9092 (id: 2147483646 rack: null isFenced: false) is unavailable or invalid due to cause: error response NOT_COORDINATOR. isDisconnected: false. Rediscovery will be attempted.
email-sender-1                  | 2026-09-25T22:06:49.964Z  INFO 1 --- [ntainer#1-0-C-1] o.a.k.c.c.internals.ConsumerCoordinator  : [Consumer clientId=consumer-consumer-service-group-2, groupId=consumer-service-group] Requesting disconnect from last known coordinator kafka:9092 (id: 2147483646 rack: null isFenced: false)
email-sender-1                  | 2026-09-25T22:06:49.975Z  INFO 1 --- [ntainer#1-0-C-1] o.a.k.c.c.internals.ConsumerCoordinator  : [Consumer clientId=consumer-consumer-service-group-2, groupId=consumer-service-group] JoinGroup failed: This is not the correct coordinator. Marking coordinator unknown. Sent generation was Generation{generationId=-1, memberId='', protocol='null'}
email-sender-1                  | 2026-09-25T22:06:49.975Z  INFO 1 --- [ntainer#0-0-C-1] o.a.k.c.c.internals.ConsumerCoordinator  : [Consumer clientId=consumer-summary-email-service-group-1, groupId=summary-email-service-group] JoinGroup failed: This is not the correct coordinator. Marking coordinator unknown. Sent generation was Generation{generationId=-1, memberId='', protocol='null'}
email-sender-1                  | 2026-09-25T22:06:49.976Z  INFO 1 --- [ntainer#0-0-C-1] org.apache.kafka.clients.NetworkClient   : [Consumer clientId=consumer-summary-email-service-group-1, groupId=summary-email-service-group] Client requested disconnect from node 2147483646
email-sender-1                  | 2026-09-25T22:06:49.982Z  INFO 1 --- [ntainer#1-0-C-1] org.apache.kafka.clients.NetworkClient   : [Consumer clientId=consumer-consumer-service-group-2, groupId=consumer-service-group] Client requested disconnect from node 2147483646
kafka_compose                   | 	sasl.oauthbearer.assertion.claim.aud = null
kafka_compose                   | 	sasl.oauthbearer.assertion.claim.exp.seconds = 300
kafka_compose                   | 	sasl.oauthbearer.assertion.claim.iss = null
kafka_compose                   | 	sasl.oauthbearer.assertion.claim.jti.include = false
kafka_compose                   | 	sasl.oauthbearer.assertion.claim.nbf.seconds = 60
email-sender-1                  | 2026-09-25T22:06:49.992Z  INFO 1 --- [ntainer#0-0-C-1] o.a.k.c.c.internals.ConsumerCoordinator  : [Consumer clientId=consumer-summary-email-service-group-1, groupId=summary-email-service-group] Discovered group coordinator kafka:9092 (id: 2147483646 rack: null isFenced: false)
kafka_compose                   | 	sasl.oauthbearer.assertion.claim.sub = null
kafka_compose                   | 	sasl.oauthbearer.assertion.file = null
kafka_compose                   | 	sasl.oauthbearer.assertion.private.key.file = null
kafka_compose                   | 	sasl.oauthbearer.assertion.private.key.passphrase = null
kafka_compose                   | 	sasl.oauthbearer.assertion.template.file = null
email-sender-1                  | 2026-09-25T22:06:49.994Z  INFO 1 --- [ntainer#0-0-C-1] o.a.k.c.c.internals.ConsumerCoordinator  : [Consumer clientId=consumer-summary-email-service-group-1, groupId=summary-email-service-group] Group coordinator kafka:9092 (id: 2147483646 rack: null isFenced: false) is unavailable or invalid due to cause: coordinator unavailable. isDisconnected: false. Rediscovery will be attempted.
kafka_compose                   | 	sasl.oauthbearer.client.credentials.client.id = null
kafka_compose                   | 	sasl.oauthbearer.client.credentials.client.secret = null
kafka_compose                   | 	sasl.oauthbearer.clock.skew.seconds = 30
summarization-service-1         | 2026-09-25T22:06:53.399Z  INFO 1 --- [ntainer#0-0-C-1] org.apache.kafka.clients.NetworkClient   : [Consumer clientId=consumer-summarization-service-group-1, groupId=summarization-service-group] Client requested disconnect from node 2147483646
kafka_compose                   | 	sasl.oauthbearer.expected.audience = []
kafka_compose                   | 	sasl.oauthbearer.expected.issuer = null
summarization-service-1         | 2026-09-25T22:06:53.404Z  INFO 1 --- [ntainer#0-0-C-1] o.a.k.c.c.internals.ConsumerCoordinator  : [Consumer clientId=consumer-summarization-service-group-1, groupId=summarization-service-group] Discovered group coordinator kafka:9092 (id: 2147483646 rack: null isFenced: false)
summarization-service-1         | 2026-09-25T22:06:53.405Z  INFO 1 --- [ntainer#0-0-C-1] o.a.k.c.c.internals.ConsumerCoordinator  : [Consumer clientId=consumer-summarization-service-group-1, groupId=summarization-service-group] Group coordinator kafka:9092 (id: 2147483646 rack: null isFenced: false) is unavailable or invalid due to cause: coordinator unavailable. isDisconnected: false. Rediscovery will be attempted.
kafka_compose                   | 	sasl.oauthbearer.jwks.endpoint.refresh.ms = 3600000
kafka_compose                   | 	sasl.oauthbearer.jwks.endpoint.retry.backoff.max.ms = 10000
summarization-service-1         | 2026-09-25T22:06:53.406Z  INFO 1 --- [ntainer#0-0-C-1] o.a.k.c.c.internals.ConsumerCoordinator  : [Consumer clientId=consumer-summarization-service-group-1, groupId=summarization-service-group] Requesting disconnect from last known coordinator kafka:9092 (id: 2147483646 rack: null isFenced: false)
kafka_compose                   | 	sasl.oauthbearer.jwks.endpoint.retry.backoff.ms = 100
summarization-service-1         | 2026-09-25T22:06:53.524Z  INFO 1 --- [ntainer#0-0-C-1] o.a.k.c.c.internals.ConsumerCoordinator  : [Consumer clientId=consumer-summarization-service-group-1, groupId=summarization-service-group] Discovered group coordinator kafka:9092 (id: 2147483646 rack: null isFenced: false)
kafka_compose                   | 	sasl.oauthbearer.jwks.endpoint.url = null
summarization-service-1         | 2026-09-25T22:06:53.526Z  INFO 1 --- [ntainer#0-0-C-1] o.a.k.c.c.internals.ConsumerCoordinator  : [Consumer clientId=consumer-summarization-service-group-1, groupId=summarization-service-group] (Re-)joining group
kafka_compose                   | 	sasl.oauthbearer.jwt.retriever.class = class org.apache.kafka.common.security.oauthbearer.DefaultJwtRetriever
kafka_compose                   | 	sasl.oauthbearer.jwt.validator.class = class org.apache.kafka.common.security.oauthbearer.DefaultJwtValidator
kafka_compose                   | 	sasl.oauthbearer.scope = null
kafka_compose                   | 	sasl.oauthbearer.scope.claim.name = scope
kafka_compose                   | 	sasl.oauthbearer.sub.claim.name = sub
kafka_compose                   | 	sasl.oauthbearer.token.endpoint.url = null
email-sender-1                  | 2026-09-25T22:06:49.997Z  INFO 1 --- [ntainer#0-0-C-1] o.a.k.c.c.internals.ConsumerCoordinator  : [Consumer clientId=consumer-summary-email-service-group-1, groupId=summary-email-service-group] Requesting disconnect from last known coordinator kafka:9092 (id: 2147483646 rack: null isFenced: false)
summarization-service-1         | 2026-09-25T22:06:53.535Z  WARN 1 --- [ntainer#0-0-C-1] org.apache.kafka.clients.NetworkClient   : [Consumer clientId=consumer-summarization-service-group-1, groupId=summarization-service-group] The metadata response from the cluster reported a recoverable issue with correlation id 71 : {SCHEDULER_SUMMARIZATION_REQUESTS=UNKNOWN_TOPIC_OR_PARTITION}
summarization-service-1         | 2026-09-25T22:06:53.538Z  INFO 1 --- [ntainer#0-0-C-1] o.a.k.c.c.internals.ConsumerCoordinator  : [Consumer clientId=consumer-summarization-service-group-1, groupId=summarization-service-group] Group coordinator kafka:9092 (id: 2147483646 rack: null isFenced: false) is unavailable or invalid due to cause: error response NOT_COORDINATOR. isDisconnected: false. Rediscovery will be attempted.
summarization-service-1         | 2026-09-25T22:06:53.539Z  INFO 1 --- [ntainer#0-0-C-1] o.a.k.c.c.internals.ConsumerCoordinator  : [Consumer clientId=consumer-summarization-service-group-1, groupId=summarization-service-group] Requesting disconnect from last known coordinator kafka:9092 (id: 2147483646 rack: null isFenced: false)
summarization-service-1         | 2026-09-25T22:06:53.539Z  INFO 1 --- [ntainer#0-0-C-1] o.a.k.c.c.internals.ConsumerCoordinator  : [Consumer clientId=consumer-summarization-service-group-1, groupId=summarization-service-group] JoinGroup failed: This is not the correct coordinator. Marking coordinator unknown. Sent generation was Generation{generationId=-1, memberId='', protocol='null'}
summarization-service-1         | 2026-09-25T22:06:53.540Z  INFO 1 --- [ntainer#0-0-C-1] o.a.k.c.c.internals.ConsumerCoordinator  : [Consumer clientId=consumer-summarization-service-group-1, groupId=summarization-service-group] Request joining group due to: rebalance failed due to 'This is not the correct coordinator.' (NotCoordinatorException)
summarization-service-1         | 2026-09-25T22:06:53.540Z  INFO 1 --- [ntainer#0-0-C-1] org.apache.kafka.clients.NetworkClient   : [Consumer clientId=consumer-summarization-service-group-1, groupId=summarization-service-group] Client requested disconnect from node 2147483646
summarization-service-1         | 2026-09-25T22:06:53.547Z  INFO 1 --- [ntainer#0-0-C-1] o.a.k.c.c.internals.ConsumerCoordinator  : [Consumer clientId=consumer-summarization-service-group-1, groupId=summarization-service-group] Discovered group coordinator kafka:9092 (id: 2147483646 rack: null isFenced: false)
summarization-service-1         | 2026-09-25T22:06:53.548Z  INFO 1 --- [ntainer#0-0-C-1] o.a.k.c.c.internals.ConsumerCoordinator  : [Consumer clientId=consumer-summarization-service-group-1, groupId=summarization-service-group] Group coordinator kafka:9092 (id: 2147483646 rack: null isFenced: false) is unavailable or invalid due to cause: coordinator unavailable. isDisconnected: false. Rediscovery will be attempted.
email-sender-1                  | 2026-09-25T22:06:49.997Z  INFO 1 --- [ntainer#1-0-C-1] o.a.k.c.c.internals.ConsumerCoordinator  : [Consumer clientId=consumer-consumer-service-group-2, groupId=consumer-service-group] Discovered group coordinator kafka:9092 (id: 2147483646 rack: null isFenced: false)
email-sender-1                  | 2026-09-25T22:06:49.998Z  INFO 1 --- [ntainer#1-0-C-1] o.a.k.c.c.internals.ConsumerCoordinator  : [Consumer clientId=consumer-consumer-service-group-2, groupId=consumer-service-group] Group coordinator kafka:9092 (id: 2147483646 rack: null isFenced: false) is unavailable or invalid due to cause: coordinator unavailable. isDisconnected: false. Rediscovery will be attempted.
email-sender-1                  | 2026-09-25T22:06:49.999Z  INFO 1 --- [ntainer#1-0-C-1] o.a.k.c.c.internals.ConsumerCoordinator  : [Consumer clientId=consumer-consumer-service-group-2, groupId=consumer-service-group] Requesting disconnect from last known coordinator kafka:9092 (id: 2147483646 rack: null isFenced: false)
email-sender-1                  | 2026-09-25T22:06:50.124Z  INFO 1 --- [ntainer#0-0-C-1] o.a.k.c.c.internals.ConsumerCoordinator  : [Consumer clientId=consumer-summary-email-service-group-1, groupId=summary-email-service-group] Discovered group coordinator kafka:9092 (id: 2147483646 rack: null isFenced: false)
email-sender-1                  | 2026-09-25T22:06:50.126Z  INFO 1 --- [ntainer#1-0-C-1] o.a.k.c.c.internals.ConsumerCoordinator  : [Consumer clientId=consumer-consumer-service-group-2, groupId=consumer-service-group] Discovered group coordinator kafka:9092 (id: 2147483646 rack: null isFenced: false)
email-sender-1                  | 2026-09-25T22:06:50.132Z  INFO 1 --- [ntainer#0-0-C-1] o.a.k.c.c.internals.ConsumerCoordinator  : [Consumer clientId=consumer-summary-email-service-group-1, groupId=summary-email-service-group] Request joining group due to: rebalance failed due to 'This is not the correct coordinator.' (NotCoordinatorException)
kafka_compose                   | 	sasl.server.callback.handler.class = null
kafka_compose                   | 	sasl.server.max.receive.size = 524288
email-sender-1                  | 2026-09-25T22:06:50.132Z  INFO 1 --- [ntainer#1-0-C-1] o.a.k.c.c.internals.ConsumerCoordinator  : [Consumer clientId=consumer-consumer-service-group-2, groupId=consumer-service-group] Request joining group due to: rebalance failed due to 'This is not the correct coordinator.' (NotCoordinatorException)
kafka_compose                   | 	security.inter.broker.protocol = PLAINTEXT
kafka_compose                   | 	security.providers = null
summarization-service-1         | 2026-09-25T22:06:53.548Z  INFO 1 --- [ntainer#0-0-C-1] o.a.k.c.c.internals.ConsumerCoordinator  : [Consumer clientId=consumer-summarization-service-group-1, groupId=summarization-service-group] Requesting disconnect from last known coordinator kafka:9092 (id: 2147483646 rack: null isFenced: false)
email-sender-1                  | 2026-09-25T22:06:50.134Z  INFO 1 --- [ntainer#1-0-C-1] o.a.k.c.c.internals.ConsumerCoordinator  : [Consumer clientId=consumer-consumer-service-group-2, groupId=consumer-service-group] (Re-)joining group
email-sender-1                  | 2026-09-25T22:06:50.134Z  INFO 1 --- [ntainer#0-0-C-1] o.a.k.c.c.internals.ConsumerCoordinator  : [Consumer clientId=consumer-summary-email-service-group-1, groupId=summary-email-service-group] (Re-)joining group
email-sender-1                  | 2026-09-25T22:06:50.154Z  INFO 1 --- [ntainer#1-0-C-1] o.a.k.c.c.internals.ConsumerCoordinator  : [Consumer clientId=consumer-consumer-service-group-2, groupId=consumer-service-group] Group coordinator kafka:9092 (id: 2147483646 rack: null isFenced: false) is unavailable or invalid due to cause: error response NOT_COORDINATOR. isDisconnected: false. Rediscovery will be attempted.
email-sender-1                  | 2026-09-25T22:06:50.155Z  INFO 1 --- [ntainer#1-0-C-1] o.a.k.c.c.internals.ConsumerCoordinator  : [Consumer clientId=consumer-consumer-service-group-2, groupId=consumer-service-group] Requesting disconnect from last known coordinator kafka:9092 (id: 2147483646 rack: null isFenced: false)
email-sender-1                  | 2026-09-25T22:06:50.155Z  INFO 1 --- [ntainer#1-0-C-1] o.a.k.c.c.internals.ConsumerCoordinator  : [Consumer clientId=consumer-consumer-service-group-2, groupId=consumer-service-group] JoinGroup failed: This is not the correct coordinator. Marking coordinator unknown. Sent generation was Generation{generationId=-1, memberId='', protocol='null'}
email-sender-1                  | 2026-09-25T22:06:50.156Z  INFO 1 --- [ntainer#1-0-C-1] org.apache.kafka.clients.NetworkClient   : [Consumer clientId=consumer-consumer-service-group-2, groupId=consumer-service-group] Client requested disconnect from node 2147483646
email-sender-1                  | 2026-09-25T22:06:50.160Z  INFO 1 --- [ntainer#0-0-C-1] o.a.k.c.c.internals.ConsumerCoordinator  : [Consumer clientId=consumer-summary-email-service-group-1, groupId=summary-email-service-group] Group coordinator kafka:9092 (id: 2147483646 rack: null isFenced: false) is unavailable or invalid due to cause: error response NOT_COORDINATOR. isDisconnected: false. Rediscovery will be attempted.
kafka_compose                   | 	server.max.startup.time.ms = 9223372036854775807
kafka_compose                   | 	share.coordinator.append.linger.ms = -1
kafka_compose                   | 	share.coordinator.cached.buffer.max.bytes = 1048588
summarization-service-1         | 2026-09-25T22:06:53.669Z  INFO 1 --- [ntainer#0-0-C-1] o.a.k.c.c.internals.ConsumerCoordinator  : [Consumer clientId=consumer-summarization-service-group-1, groupId=summarization-service-group] Discovered group coordinator kafka:9092 (id: 2147483646 rack: null isFenced: false)
summarization-service-1         | 2026-09-25T22:06:53.670Z  INFO 1 --- [ntainer#0-0-C-1] o.a.k.c.c.internals.ConsumerCoordinator  : [Consumer clientId=consumer-summarization-service-group-1, groupId=summarization-service-group] (Re-)joining group
kafka_compose                   | 	share.coordinator.cold.partition.snapshot.interval.ms = 300000
kafka_compose                   | 	share.coordinator.load.buffer.size = 5242880
summarization-service-1         | 2026-09-25T22:06:53.679Z  INFO 1 --- [ntainer#0-0-C-1] o.a.k.c.c.internals.ConsumerCoordinator  : [Consumer clientId=consumer-summarization-service-group-1, groupId=summarization-service-group] Group coordinator kafka:9092 (id: 2147483646 rack: null isFenced: false) is unavailable or invalid due to cause: error response NOT_COORDINATOR. isDisconnected: false. Rediscovery will be attempted.
summarization-service-1         | 2026-09-25T22:06:53.679Z  INFO 1 --- [ntainer#0-0-C-1] o.a.k.c.c.internals.ConsumerCoordinator  : [Consumer clientId=consumer-summarization-service-group-1, groupId=summarization-service-group] Requesting disconnect from last known coordinator kafka:9092 (id: 2147483646 rack: null isFenced: false)
summarization-service-1         | 2026-09-25T22:06:53.682Z  INFO 1 --- [ntainer#0-0-C-1] o.a.k.c.c.internals.ConsumerCoordinator  : [Consumer clientId=consumer-summarization-service-group-1, groupId=summarization-service-group] JoinGroup failed: This is not the correct coordinator. Marking coordinator unknown. Sent generation was Generation{generationId=-1, memberId='', protocol='null'}
summarization-service-1         | 2026-09-25T22:06:53.685Z  INFO 1 --- [ntainer#0-0-C-1] org.apache.kafka.clients.NetworkClient   : [Consumer clientId=consumer-summarization-service-group-1, groupId=summarization-service-group] Client requested disconnect from node 2147483646
summarization-service-1         | 2026-09-25T22:06:53.692Z  INFO 1 --- [ntainer#0-0-C-1] o.a.k.c.c.internals.ConsumerCoordinator  : [Consumer clientId=consumer-summarization-service-group-1, groupId=summarization-service-group] Discovered group coordinator kafka:9092 (id: 2147483646 rack: null isFenced: false)
kafka_compose                   | 	share.coordinator.snapshot.update.records.per.snapshot = 500
kafka_compose                   | 	share.coordinator.state.topic.compression.codec = 0
kafka_compose                   | 	share.coordinator.state.topic.min.isr = 2
email-sender-1                  | 2026-09-25T22:06:50.160Z  INFO 1 --- [ntainer#0-0-C-1] o.a.k.c.c.internals.ConsumerCoordinator  : [Consumer clientId=consumer-summary-email-service-group-1, groupId=summary-email-service-group] Requesting disconnect from last known coordinator kafka:9092 (id: 2147483646 rack: null isFenced: false)
email-sender-1                  | 2026-09-25T22:06:50.161Z  INFO 1 --- [ntainer#0-0-C-1] o.a.k.c.c.internals.ConsumerCoordinator  : [Consumer clientId=consumer-summary-email-service-group-1, groupId=summary-email-service-group] JoinGroup failed: This is not the correct coordinator. Marking coordinator unknown. Sent generation was Generation{generationId=-1, memberId='', protocol='null'}
email-sender-1                  | 2026-09-25T22:06:50.161Z  INFO 1 --- [ntainer#0-0-C-1] org.apache.kafka.clients.NetworkClient   : [Consumer clientId=consumer-summary-email-service-group-1, groupId=summary-email-service-group] Client requested disconnect from node 2147483646
email-sender-1                  | 2026-09-25T22:06:50.170Z  INFO 1 --- [ntainer#1-0-C-1] o.a.k.c.c.internals.ConsumerCoordinator  : [Consumer clientId=consumer-consumer-service-group-2, groupId=consumer-service-group] Discovered group coordinator kafka:9092 (id: 2147483646 rack: null isFenced: false)
email-sender-1                  | 2026-09-25T22:06:50.171Z  INFO 1 --- [ntainer#1-0-C-1] o.a.k.c.c.internals.ConsumerCoordinator  : [Consumer clientId=consumer-consumer-service-group-2, groupId=consumer-service-group] Group coordinator kafka:9092 (id: 2147483646 rack: null isFenced: false) is unavailable or invalid due to cause: coordinator unavailable. isDisconnected: false. Rediscovery will be attempted.
email-sender-1                  | 2026-09-25T22:06:50.171Z  INFO 1 --- [ntainer#0-0-C-1] o.a.k.c.c.internals.ConsumerCoordinator  : [Consumer clientId=consumer-summary-email-service-group-1, groupId=summary-email-service-group] Discovered group coordinator kafka:9092 (id: 2147483646 rack: null isFenced: false)
summarization-service-1         | 2026-09-25T22:06:53.692Z  INFO 1 --- [ntainer#0-0-C-1] o.a.k.c.c.internals.ConsumerCoordinator  : [Consumer clientId=consumer-summarization-service-group-1, groupId=summarization-service-group] Group coordinator kafka:9092 (id: 2147483646 rack: null isFenced: false) is unavailable or invalid due to cause: coordinator unavailable. isDisconnected: false. Rediscovery will be attempted.
summarization-service-1         | 2026-09-25T22:06:53.693Z  INFO 1 --- [ntainer#0-0-C-1] o.a.k.c.c.internals.ConsumerCoordinator  : [Consumer clientId=consumer-summarization-service-group-1, groupId=summarization-service-group] Requesting disconnect from last known coordinator kafka:9092 (id: 2147483646 rack: null isFenced: false)
summarization-service-1         | 2026-09-25T22:06:53.792Z  INFO 1 --- [ntainer#0-0-C-1] o.a.k.c.c.internals.ConsumerCoordinator  : [Consumer clientId=consumer-summarization-service-group-1, groupId=summarization-service-group] Discovered group coordinator kafka:9092 (id: 2147483646 rack: null isFenced: false)
summarization-service-1         | 2026-09-25T22:06:53.794Z  INFO 1 --- [ntainer#0-0-C-1] o.a.k.c.c.internals.ConsumerCoordinator  : [Consumer clientId=consumer-summarization-service-group-1, groupId=summarization-service-group] Request joining group due to: rebalance failed due to 'This is not the correct coordinator.' (NotCoordinatorException)
summarization-service-1         | 2026-09-25T22:06:53.796Z  INFO 1 --- [ntainer#0-0-C-1] o.a.k.c.c.internals.ConsumerCoordinator  : [Consumer clientId=consumer-summarization-service-group-1, groupId=summarization-service-group] (Re-)joining group
summarization-service-1         | 2026-09-25T22:06:53.802Z  INFO 1 --- [ntainer#0-0-C-1] o.a.k.c.c.internals.ConsumerCoordinator  : [Consumer clientId=consumer-summarization-service-group-1, groupId=summarization-service-group] Group coordinator kafka:9092 (id: 2147483646 rack: null isFenced: false) is unavailable or invalid due to cause: error response NOT_COORDINATOR. isDisconnected: false. Rediscovery will be attempted.
summarization-service-1         | 2026-09-25T22:06:53.802Z  INFO 1 --- [ntainer#0-0-C-1] o.a.k.c.c.internals.ConsumerCoordinator  : [Consumer clientId=consumer-summarization-service-group-1, groupId=summarization-service-group] Requesting disconnect from last known coordinator kafka:9092 (id: 2147483646 rack: null isFenced: false)
summarization-service-1         | 2026-09-25T22:06:53.803Z  INFO 1 --- [ntainer#0-0-C-1] o.a.k.c.c.internals.ConsumerCoordinator  : [Consumer clientId=consumer-summarization-service-group-1, groupId=summarization-service-group] JoinGroup failed: This is not the correct coordinator. Marking coordinator unknown. Sent generation was Generation{generationId=-1, memberId='', protocol='null'}
summarization-service-1         | 2026-09-25T22:06:53.804Z  INFO 1 --- [ntainer#0-0-C-1] org.apache.kafka.clients.NetworkClient   : [Consumer clientId=consumer-summarization-service-group-1, groupId=summarization-service-group] Client requested disconnect from node 2147483646
summarization-service-1         | 2026-09-25T22:06:53.808Z  INFO 1 --- [ntainer#0-0-C-1] o.a.k.c.c.internals.ConsumerCoordinator  : [Consumer clientId=consumer-summarization-service-group-1, groupId=summarization-service-group] Discovered group coordinator kafka:9092 (id: 2147483646 rack: null isFenced: false)
summarization-service-1         | 2026-09-25T22:06:53.809Z  INFO 1 --- [ntainer#0-0-C-1] o.a.k.c.c.internals.ConsumerCoordinator  : [Consumer clientId=consumer-summarization-service-group-1, groupId=summarization-service-group] Group coordinator kafka:9092 (id: 2147483646 rack: null isFenced: false) is unavailable or invalid due to cause: coordinator unavailable. isDisconnected: false. Rediscovery will be attempted.
summarization-service-1         | 2026-09-25T22:06:53.809Z  INFO 1 --- [ntainer#0-0-C-1] o.a.k.c.c.internals.ConsumerCoordinator  : [Consumer clientId=consumer-summarization-service-group-1, groupId=summarization-service-group] Requesting disconnect from last known coordinator kafka:9092 (id: 2147483646 rack: null isFenced: false)
summarization-service-1         | 2026-09-25T22:06:53.896Z  INFO 1 --- [ntainer#0-0-C-1] o.a.k.c.c.internals.ConsumerCoordinator  : [Consumer clientId=consumer-summarization-service-group-1, groupId=summarization-service-group] Discovered group coordinator kafka:9092 (id: 2147483646 rack: null isFenced: false)
summarization-service-1         | 2026-09-25T22:06:53.897Z  INFO 1 --- [ntainer#0-0-C-1] o.a.k.c.c.internals.ConsumerCoordinator  : [Consumer clientId=consumer-summarization-service-group-1, groupId=summarization-service-group] Request joining group due to: rebalance failed due to 'This is not the correct coordinator.' (NotCoordinatorException)
summarization-service-1         | 2026-09-25T22:06:53.898Z  INFO 1 --- [ntainer#0-0-C-1] o.a.k.c.c.internals.ConsumerCoordinator  : [Consumer clientId=consumer-summarization-service-group-1, groupId=summarization-service-group] (Re-)joining group
summarization-service-1         | 2026-09-25T22:06:53.902Z  INFO 1 --- [ntainer#0-0-C-1] o.a.k.c.c.internals.ConsumerCoordinator  : [Consumer clientId=consumer-summarization-service-group-1, groupId=summarization-service-group] Group coordinator kafka:9092 (id: 2147483646 rack: null isFenced: false) is unavailable or invalid due to cause: error response NOT_COORDINATOR. isDisconnected: false. Rediscovery will be attempted.
summarization-service-1         | 2026-09-25T22:06:53.902Z  INFO 1 --- [ntainer#0-0-C-1] o.a.k.c.c.internals.ConsumerCoordinator  : [Consumer clientId=consumer-summarization-service-group-1, groupId=summarization-service-group] Requesting disconnect from last known coordinator kafka:9092 (id: 2147483646 rack: null isFenced: false)
summarization-service-1         | 2026-09-25T22:06:53.902Z  INFO 1 --- [ntainer#0-0-C-1] o.a.k.c.c.internals.ConsumerCoordinator  : [Consumer clientId=consumer-summarization-service-group-1, groupId=summarization-service-group] JoinGroup failed: This is not the correct coordinator. Marking coordinator unknown. Sent generation was Generation{generationId=-1, memberId='', protocol='null'}
summarization-service-1         | 2026-09-25T22:06:53.903Z  INFO 1 --- [ntainer#0-0-C-1] org.apache.kafka.clients.NetworkClient   : [Consumer clientId=consumer-summarization-service-group-1, groupId=summarization-service-group] Client requested disconnect from node 2147483646
summarization-service-1         | 2026-09-25T22:06:53.907Z  INFO 1 --- [ntainer#0-0-C-1] o.a.k.c.c.internals.ConsumerCoordinator  : [Consumer clientId=consumer-summarization-service-group-1, groupId=summarization-service-group] Discovered group coordinator kafka:9092 (id: 2147483646 rack: null isFenced: false)
summarization-service-1         | 2026-09-25T22:06:53.908Z  INFO 1 --- [ntainer#0-0-C-1] o.a.k.c.c.internals.ConsumerCoordinator  : [Consumer clientId=consumer-summarization-service-group-1, groupId=summarization-service-group] Group coordinator kafka:9092 (id: 2147483646 rack: null isFenced: false) is unavailable or invalid due to cause: coordinator unavailable. isDisconnected: false. Rediscovery will be attempted.
email-sender-1                  | 2026-09-25T22:06:50.173Z  INFO 1 --- [ntainer#0-0-C-1] o.a.k.c.c.internals.ConsumerCoordinator  : [Consumer clientId=consumer-summary-email-service-group-1, groupId=summary-email-service-group] Group coordinator kafka:9092 (id: 2147483646 rack: null isFenced: false) is unavailable or invalid due to cause: coordinator unavailable. isDisconnected: false. Rediscovery will be attempted.
email-sender-1                  | 2026-09-25T22:06:50.175Z  INFO 1 --- [ntainer#0-0-C-1] o.a.k.c.c.internals.ConsumerCoordinator  : [Consumer clientId=consumer-summary-email-service-group-1, groupId=summary-email-service-group] Requesting disconnect from last known coordinator kafka:9092 (id: 2147483646 rack: null isFenced: false)
email-sender-1                  | 2026-09-25T22:06:50.172Z  INFO 1 --- [ntainer#1-0-C-1] o.a.k.c.c.internals.ConsumerCoordinator  : [Consumer clientId=consumer-consumer-service-group-2, groupId=consumer-service-group] Requesting disconnect from last known coordinator kafka:9092 (id: 2147483646 rack: null isFenced: false)
summarization-service-1         | 2026-09-25T22:06:53.908Z  INFO 1 --- [ntainer#0-0-C-1] o.a.k.c.c.internals.ConsumerCoordinator  : [Consumer clientId=consumer-summarization-service-group-1, groupId=summarization-service-group] Requesting disconnect from last known coordinator kafka:9092 (id: 2147483646 rack: null isFenced: false)
summarization-service-1         | 2026-09-25T22:06:54.022Z  INFO 1 --- [ntainer#0-0-C-1] o.a.k.c.c.internals.ConsumerCoordinator  : [Consumer clientId=consumer-summarization-service-group-1, groupId=summarization-service-group] Discovered group coordinator kafka:9092 (id: 2147483646 rack: null isFenced: false)
summarization-service-1         | 2026-09-25T22:06:54.025Z  INFO 1 --- [ntainer#0-0-C-1] o.a.k.c.c.internals.ConsumerCoordinator  : [Consumer clientId=consumer-summarization-service-group-1, groupId=summarization-service-group] Request joining group due to: rebalance failed due to 'This is not the correct coordinator.' (NotCoordinatorException)
summarization-service-1         | 2026-09-25T22:06:54.027Z  INFO 1 --- [ntainer#0-0-C-1] o.a.k.c.c.internals.ConsumerCoordinator  : [Consumer clientId=consumer-summarization-service-group-1, groupId=summarization-service-group] (Re-)joining group
summarization-service-1         | 2026-09-25T22:06:54.036Z  INFO 1 --- [ntainer#0-0-C-1] o.a.k.c.c.internals.ConsumerCoordinator  : [Consumer clientId=consumer-summarization-service-group-1, groupId=summarization-service-group] Group coordinator kafka:9092 (id: 2147483646 rack: null isFenced: false) is unavailable or invalid due to cause: error response NOT_COORDINATOR. isDisconnected: false. Rediscovery will be attempted.
summarization-service-1         | 2026-09-25T22:06:54.037Z  INFO 1 --- [ntainer#0-0-C-1] o.a.k.c.c.internals.ConsumerCoordinator  : [Consumer clientId=consumer-summarization-service-group-1, groupId=summarization-service-group] Requesting disconnect from last known coordinator kafka:9092 (id: 2147483646 rack: null isFenced: false)
summarization-service-1         | 2026-09-25T22:06:54.037Z  INFO 1 --- [ntainer#0-0-C-1] o.a.k.c.c.internals.ConsumerCoordinator  : [Consumer clientId=consumer-summarization-service-group-1, groupId=summarization-service-group] JoinGroup failed: This is not the correct coordinator. Marking coordinator unknown. Sent generation was Generation{generationId=-1, memberId='', protocol='null'}
summarization-service-1         | 2026-09-25T22:06:54.038Z  INFO 1 --- [ntainer#0-0-C-1] org.apache.kafka.clients.NetworkClient   : [Consumer clientId=consumer-summarization-service-group-1, groupId=summarization-service-group] Client requested disconnect from node 2147483646
kafka_compose                   | 	share.coordinator.state.topic.num.partitions = 50
kafka_compose                   | 	share.coordinator.state.topic.prune.interval.ms = 300000
kafka_compose                   | 	share.coordinator.state.topic.replication.factor = 3
email-sender-1                  | 2026-09-25T22:06:50.279Z  INFO 1 --- [ntainer#1-0-C-1] o.a.k.c.c.internals.ConsumerCoordinator  : [Consumer clientId=consumer-consumer-service-group-2, groupId=consumer-service-group] Discovered group coordinator kafka:9092 (id: 2147483646 rack: null isFenced: false)
email-sender-1                  | 2026-09-25T22:06:50.283Z  INFO 1 --- [ntainer#1-0-C-1] o.a.k.c.c.internals.ConsumerCoordinator  : [Consumer clientId=consumer-consumer-service-group-2, groupId=consumer-service-group] Request joining group due to: rebalance failed due to 'This is not the correct coordinator.' (NotCoordinatorException)
summarization-service-1         | 2026-09-25T22:06:54.043Z  INFO 1 --- [ntainer#0-0-C-1] o.a.k.c.c.internals.ConsumerCoordinator  : [Consumer clientId=consumer-summarization-service-group-1, groupId=summarization-service-group] Discovered group coordinator kafka:9092 (id: 2147483646 rack: null isFenced: false)
summarization-service-1         | 2026-09-25T22:06:54.044Z  INFO 1 --- [ntainer#0-0-C-1] o.a.k.c.c.internals.ConsumerCoordinator  : [Consumer clientId=consumer-summarization-service-group-1, groupId=summarization-service-group] Group coordinator kafka:9092 (id: 2147483646 rack: null isFenced: false) is unavailable or invalid due to cause: coordinator unavailable. isDisconnected: false. Rediscovery will be attempted.
summarization-service-1         | 2026-09-25T22:06:54.044Z  INFO 1 --- [ntainer#0-0-C-1] o.a.k.c.c.internals.ConsumerCoordinator  : [Consumer clientId=consumer-summarization-service-group-1, groupId=summarization-service-group] Requesting disconnect from last known coordinator kafka:9092 (id: 2147483646 rack: null isFenced: false)
kafka_compose                   | 	share.coordinator.state.topic.segment.bytes = 104857600
kafka_compose                   | 	share.coordinator.threads = 1
kafka_compose                   | 	share.coordinator.write.timeout.ms = 5000
kafka_compose                   | 	share.fetch.purgatory.purge.interval.requests = 1000
kafka_compose                   | 	socket.connection.setup.timeout.max.ms = 30000
kafka_compose                   | 	socket.connection.setup.timeout.ms = 10000
email-sender-1                  | 2026-09-25T22:06:50.287Z  INFO 1 --- [ntainer#1-0-C-1] o.a.k.c.c.internals.ConsumerCoordinator  : [Consumer clientId=consumer-consumer-service-group-2, groupId=consumer-service-group] (Re-)joining group
email-sender-1                  | 2026-09-25T22:06:50.301Z  INFO 1 --- [ntainer#0-0-C-1] o.a.k.c.c.internals.ConsumerCoordinator  : [Consumer clientId=consumer-summary-email-service-group-1, groupId=summary-email-service-group] Discovered group coordinator kafka:9092 (id: 2147483646 rack: null isFenced: false)
email-sender-1                  | 2026-09-25T22:06:50.305Z  INFO 1 --- [ntainer#1-0-C-1] o.a.k.c.c.internals.ConsumerCoordinator  : [Consumer clientId=consumer-consumer-service-group-2, groupId=consumer-service-group] Group coordinator kafka:9092 (id: 2147483646 rack: null isFenced: false) is unavailable or invalid due to cause: error response NOT_COORDINATOR. isDisconnected: false. Rediscovery will be attempted.
summarization-service-1         | 2026-09-25T22:06:54.132Z  INFO 1 --- [ntainer#0-0-C-1] o.a.k.c.c.internals.ConsumerCoordinator  : [Consumer clientId=consumer-summarization-service-group-1, groupId=summarization-service-group] Discovered group coordinator kafka:9092 (id: 2147483646 rack: null isFenced: false)
summarization-service-1         | 2026-09-25T22:06:54.134Z  INFO 1 --- [ntainer#0-0-C-1] o.a.k.c.c.internals.ConsumerCoordinator  : [Consumer clientId=consumer-summarization-service-group-1, groupId=summarization-service-group] Request joining group due to: rebalance failed due to 'This is not the correct coordinator.' (NotCoordinatorException)
summarization-service-1         | 2026-09-25T22:06:54.135Z  INFO 1 --- [ntainer#0-0-C-1] o.a.k.c.c.internals.ConsumerCoordinator  : [Consumer clientId=consumer-summarization-service-group-1, groupId=summarization-service-group] (Re-)joining group
kafka_compose                   | 	socket.listen.backlog.size = 50
kafka_compose                   | 	socket.receive.buffer.bytes = 102400
email-sender-1                  | 2026-09-25T22:06:50.306Z  INFO 1 --- [ntainer#1-0-C-1] o.a.k.c.c.internals.ConsumerCoordinator  : [Consumer clientId=consumer-consumer-service-group-2, groupId=consumer-service-group] Requesting disconnect from last known coordinator kafka:9092 (id: 2147483646 rack: null isFenced: false)
email-sender-1                  | 2026-09-25T22:06:50.307Z  INFO 1 --- [ntainer#1-0-C-1] o.a.k.c.c.internals.ConsumerCoordinator  : [Consumer clientId=consumer-consumer-service-group-2, groupId=consumer-service-group] JoinGroup failed: This is not the correct coordinator. Marking coordinator unknown. Sent generation was Generation{generationId=-1, memberId='', protocol='null'}
email-sender-1                  | 2026-09-25T22:06:50.308Z  INFO 1 --- [ntainer#1-0-C-1] org.apache.kafka.clients.NetworkClient   : [Consumer clientId=consumer-consumer-service-group-2, groupId=consumer-service-group] Client requested disconnect from node 2147483646
email-sender-1                  | 2026-09-25T22:06:50.309Z  INFO 1 --- [ntainer#0-0-C-1] o.a.k.c.c.internals.ConsumerCoordinator  : [Consumer clientId=consumer-summary-email-service-group-1, groupId=summary-email-service-group] Request joining group due to: rebalance failed due to 'This is not the correct coordinator.' (NotCoordinatorException)
email-sender-1                  | 2026-09-25T22:06:50.317Z  INFO 1 --- [ntainer#1-0-C-1] o.a.k.c.c.internals.ConsumerCoordinator  : [Consumer clientId=consumer-consumer-service-group-2, groupId=consumer-service-group] Discovered group coordinator kafka:9092 (id: 2147483646 rack: null isFenced: false)
email-sender-1                  | 2026-09-25T22:06:50.323Z  INFO 1 --- [ntainer#1-0-C-1] o.a.k.c.c.internals.ConsumerCoordinator  : [Consumer clientId=consumer-consumer-service-group-2, groupId=consumer-service-group] Group coordinator kafka:9092 (id: 2147483646 rack: null isFenced: false) is unavailable or invalid due to cause: coordinator unavailable. isDisconnected: false. Rediscovery will be attempted.
kafka_compose                   | 	socket.request.max.bytes = 104857600
kafka_compose                   | 	socket.send.buffer.bytes = 102400
kafka_compose                   | 	ssl.allow.dn.changes = false
email-sender-1                  | 2026-09-25T22:06:50.324Z  INFO 1 --- [ntainer#1-0-C-1] o.a.k.c.c.internals.ConsumerCoordinator  : [Consumer clientId=consumer-consumer-service-group-2, groupId=consumer-service-group] Requesting disconnect from last known coordinator kafka:9092 (id: 2147483646 rack: null isFenced: false)
email-sender-1                  | 2026-09-25T22:06:50.323Z  INFO 1 --- [ntainer#0-0-C-1] o.a.k.c.c.internals.ConsumerCoordinator  : [Consumer clientId=consumer-summary-email-service-group-1, groupId=summary-email-service-group] (Re-)joining group
email-sender-1                  | 2026-09-25T22:06:50.348Z  INFO 1 --- [ntainer#0-0-C-1] o.a.k.c.c.internals.ConsumerCoordinator  : [Consumer clientId=consumer-summary-email-service-group-1, groupId=summary-email-service-group] Group coordinator kafka:9092 (id: 2147483646 rack: null isFenced: false) is unavailable or invalid due to cause: error response NOT_COORDINATOR. isDisconnected: false. Rediscovery will be attempted.
email-sender-1                  | 2026-09-25T22:06:50.348Z  INFO 1 --- [ntainer#0-0-C-1] o.a.k.c.c.internals.ConsumerCoordinator  : [Consumer clientId=consumer-summary-email-service-group-1, groupId=summary-email-service-group] Requesting disconnect from last known coordinator kafka:9092 (id: 2147483646 rack: null isFenced: false)
email-sender-1                  | 2026-09-25T22:06:50.349Z  INFO 1 --- [ntainer#0-0-C-1] o.a.k.c.c.internals.ConsumerCoordinator  : [Consumer clientId=consumer-summary-email-service-group-1, groupId=summary-email-service-group] JoinGroup failed: This is not the correct coordinator. Marking coordinator unknown. Sent generation was Generation{generationId=-1, memberId='', protocol='null'}
email-sender-1                  | 2026-09-25T22:06:50.350Z  INFO 1 --- [ntainer#0-0-C-1] org.apache.kafka.clients.NetworkClient   : [Consumer clientId=consumer-summary-email-service-group-1, groupId=summary-email-service-group] Client requested disconnect from node 2147483646
email-sender-1                  | 2026-09-25T22:06:50.361Z  INFO 1 --- [ntainer#0-0-C-1] o.a.k.c.c.internals.ConsumerCoordinator  : [Consumer clientId=consumer-summary-email-service-group-1, groupId=summary-email-service-group] Discovered group coordinator kafka:9092 (id: 2147483646 rack: null isFenced: false)
email-sender-1                  | 2026-09-25T22:06:50.364Z  INFO 1 --- [ntainer#0-0-C-1] o.a.k.c.c.internals.ConsumerCoordinator  : [Consumer clientId=consumer-summary-email-service-group-1, groupId=summary-email-service-group] Group coordinator kafka:9092 (id: 2147483646 rack: null isFenced: false) is unavailable or invalid due to cause: coordinator unavailable. isDisconnected: false. Rediscovery will be attempted.
email-sender-1                  | 2026-09-25T22:06:50.365Z  INFO 1 --- [ntainer#0-0-C-1] o.a.k.c.c.internals.ConsumerCoordinator  : [Consumer clientId=consumer-summary-email-service-group-1, groupId=summary-email-service-group] Requesting disconnect from last known coordinator kafka:9092 (id: 2147483646 rack: null isFenced: false)
email-sender-1                  | 2026-09-25T22:06:50.448Z  INFO 1 --- [ntainer#1-0-C-1] o.a.k.c.c.internals.ConsumerCoordinator  : [Consumer clientId=consumer-consumer-service-group-2, groupId=consumer-service-group] Discovered group coordinator kafka:9092 (id: 2147483646 rack: null isFenced: false)
email-sender-1                  | 2026-09-25T22:06:50.451Z  INFO 1 --- [ntainer#1-0-C-1] o.a.k.c.c.internals.ConsumerCoordinator  : [Consumer clientId=consumer-consumer-service-group-2, groupId=consumer-service-group] Request joining group due to: rebalance failed due to 'This is not the correct coordinator.' (NotCoordinatorException)
kafka_compose                   | 	ssl.allow.san.changes = false
kafka_compose                   | 	ssl.cipher.suites = []
summarization-service-1         | 2026-09-25T22:06:54.141Z  INFO 1 --- [ntainer#0-0-C-1] o.a.k.c.c.internals.ConsumerCoordinator  : [Consumer clientId=consumer-summarization-service-group-1, groupId=summarization-service-group] Group coordinator kafka:9092 (id: 2147483646 rack: null isFenced: false) is unavailable or invalid due to cause: error response NOT_COORDINATOR. isDisconnected: false. Rediscovery will be attempted.
summarization-service-1         | 2026-09-25T22:06:54.141Z  INFO 1 --- [ntainer#0-0-C-1] o.a.k.c.c.internals.ConsumerCoordinator  : [Consumer clientId=consumer-summarization-service-group-1, groupId=summarization-service-group] Requesting disconnect from last known coordinator kafka:9092 (id: 2147483646 rack: null isFenced: false)
summarization-service-1         | 2026-09-25T22:06:54.141Z  INFO 1 --- [ntainer#0-0-C-1] o.a.k.c.c.internals.ConsumerCoordinator  : [Consumer clientId=consumer-summarization-service-group-1, groupId=summarization-service-group] JoinGroup failed: This is not the correct coordinator. Marking coordinator unknown. Sent generation was Generation{generationId=-1, memberId='', protocol='null'}
summarization-service-1         | 2026-09-25T22:06:54.141Z  INFO 1 --- [ntainer#0-0-C-1] org.apache.kafka.clients.NetworkClient   : [Consumer clientId=consumer-summarization-service-group-1, groupId=summarization-service-group] Client requested disconnect from node 2147483646
summarization-service-1         | 2026-09-25T22:06:54.145Z  INFO 1 --- [ntainer#0-0-C-1] o.a.k.c.c.internals.ConsumerCoordinator  : [Consumer clientId=consumer-summarization-service-group-1, groupId=summarization-service-group] Discovered group coordinator kafka:9092 (id: 2147483646 rack: null isFenced: false)
summarization-service-1         | 2026-09-25T22:06:54.145Z  INFO 1 --- [ntainer#0-0-C-1] o.a.k.c.c.internals.ConsumerCoordinator  : [Consumer clientId=consumer-summarization-service-group-1, groupId=summarization-service-group] Group coordinator kafka:9092 (id: 2147483646 rack: null isFenced: false) is unavailable or invalid due to cause: coordinator unavailable. isDisconnected: false. Rediscovery will be attempted.
summarization-service-1         | 2026-09-25T22:06:54.145Z  INFO 1 --- [ntainer#0-0-C-1] o.a.k.c.c.internals.ConsumerCoordinator  : [Consumer clientId=consumer-summarization-service-group-1, groupId=summarization-service-group] Requesting disconnect from last known coordinator kafka:9092 (id: 2147483646 rack: null isFenced: false)
summarization-service-1         | 2026-09-25T22:06:54.239Z  INFO 1 --- [ntainer#0-0-C-1] o.a.k.c.c.internals.ConsumerCoordinator  : [Consumer clientId=consumer-summarization-service-group-1, groupId=summarization-service-group] Discovered group coordinator kafka:9092 (id: 2147483646 rack: null isFenced: false)
summarization-service-1         | 2026-09-25T22:06:54.241Z  INFO 1 --- [ntainer#0-0-C-1] o.a.k.c.c.internals.ConsumerCoordinator  : [Consumer clientId=consumer-summarization-service-group-1, groupId=summarization-service-group] Request joining group due to: rebalance failed due to 'This is not the correct coordinator.' (NotCoordinatorException)
summarization-service-1         | 2026-09-25T22:06:54.243Z  INFO 1 --- [ntainer#0-0-C-1] o.a.k.c.c.internals.ConsumerCoordinator  : [Consumer clientId=consumer-summarization-service-group-1, groupId=summarization-service-group] (Re-)joining group
summarization-service-1         | 2026-09-25T22:06:54.257Z  INFO 1 --- [ntainer#0-0-C-1] o.a.k.c.c.internals.ConsumerCoordinator  : [Consumer clientId=consumer-summarization-service-group-1, groupId=summarization-service-group] Request joining group due to: need to re-join with the given member-id: consumer-summarization-service-group-1-04d70dd6-a0a6-4fb6-a064-58199e80eeec
kafka_compose                   | 	ssl.client.auth = none
kafka_compose                   | 	ssl.enabled.protocols = [TLSv1.2, TLSv1.3]
email-sender-1                  | 2026-09-25T22:06:50.454Z  INFO 1 --- [ntainer#1-0-C-1] o.a.k.c.c.internals.ConsumerCoordinator  : [Consumer clientId=consumer-consumer-service-group-2, groupId=consumer-service-group] (Re-)joining group
email-sender-1                  | 2026-09-25T22:06:50.463Z  INFO 1 --- [ntainer#1-0-C-1] o.a.k.c.c.internals.ConsumerCoordinator  : [Consumer clientId=consumer-consumer-service-group-2, groupId=consumer-service-group] Group coordinator kafka:9092 (id: 2147483646 rack: null isFenced: false) is unavailable or invalid due to cause: error response NOT_COORDINATOR. isDisconnected: false. Rediscovery will be attempted.
email-sender-1                  | 2026-09-25T22:06:50.466Z  INFO 1 --- [ntainer#1-0-C-1] o.a.k.c.c.internals.ConsumerCoordinator  : [Consumer clientId=consumer-consumer-service-group-2, groupId=consumer-service-group] Requesting disconnect from last known coordinator kafka:9092 (id: 2147483646 rack: null isFenced: false)
email-sender-1                  | 2026-09-25T22:06:50.466Z  INFO 1 --- [ntainer#1-0-C-1] o.a.k.c.c.internals.ConsumerCoordinator  : [Consumer clientId=consumer-consumer-service-group-2, groupId=consumer-service-group] JoinGroup failed: This is not the correct coordinator. Marking coordinator unknown. Sent generation was Generation{generationId=-1, memberId='', protocol='null'}
email-sender-1                  | 2026-09-25T22:06:50.467Z  INFO 1 --- [ntainer#1-0-C-1] org.apache.kafka.clients.NetworkClient   : [Consumer clientId=consumer-consumer-service-group-2, groupId=consumer-service-group] Client requested disconnect from node 2147483646
email-sender-1                  | 2026-09-25T22:06:50.470Z  INFO 1 --- [ntainer#0-0-C-1] o.a.k.c.c.internals.ConsumerCoordinator  : [Consumer clientId=consumer-summary-email-service-group-1, groupId=summary-email-service-group] Discovered group coordinator kafka:9092 (id: 2147483646 rack: null isFenced: false)
email-sender-1                  | 2026-09-25T22:06:50.474Z  INFO 1 --- [ntainer#1-0-C-1] o.a.k.c.c.internals.ConsumerCoordinator  : [Consumer clientId=consumer-consumer-service-group-2, groupId=consumer-service-group] Discovered group coordinator kafka:9092 (id: 2147483646 rack: null isFenced: false)
email-sender-1                  | 2026-09-25T22:06:50.475Z  INFO 1 --- [ntainer#1-0-C-1] o.a.k.c.c.internals.ConsumerCoordinator  : [Consumer clientId=consumer-consumer-service-group-2, groupId=consumer-service-group] Group coordinator kafka:9092 (id: 2147483646 rack: null isFenced: false) is unavailable or invalid due to cause: coordinator unavailable. isDisconnected: false. Rediscovery will be attempted.
email-sender-1                  | 2026-09-25T22:06:50.475Z  INFO 1 --- [ntainer#1-0-C-1] o.a.k.c.c.internals.ConsumerCoordinator  : [Consumer clientId=consumer-consumer-service-group-2, groupId=consumer-service-group] Requesting disconnect from last known coordinator kafka:9092 (id: 2147483646 rack: null isFenced: false)
kafka_compose                   | 	ssl.endpoint.identification.algorithm = https
kafka_compose                   | 	ssl.engine.factory.class = null
kafka_compose                   | 	ssl.key.password = null
email-sender-1                  | 2026-09-25T22:06:50.476Z  INFO 1 --- [ntainer#0-0-C-1] o.a.k.c.c.internals.ConsumerCoordinator  : [Consumer clientId=consumer-summary-email-service-group-1, groupId=summary-email-service-group] Request joining group due to: rebalance failed due to 'This is not the correct coordinator.' (NotCoordinatorException)
email-sender-1                  | 2026-09-25T22:06:50.479Z  INFO 1 --- [ntainer#0-0-C-1] o.a.k.c.c.internals.ConsumerCoordinator  : [Consumer clientId=consumer-summary-email-service-group-1, groupId=summary-email-service-group] (Re-)joining group
email-sender-1                  | 2026-09-25T22:06:50.490Z  INFO 1 --- [ntainer#0-0-C-1] o.a.k.c.c.internals.ConsumerCoordinator  : [Consumer clientId=consumer-summary-email-service-group-1, groupId=summary-email-service-group] Group coordinator kafka:9092 (id: 2147483646 rack: null isFenced: false) is unavailable or invalid due to cause: error response NOT_COORDINATOR. isDisconnected: false. Rediscovery will be attempted.
email-sender-1                  | 2026-09-25T22:06:50.490Z  INFO 1 --- [ntainer#0-0-C-1] o.a.k.c.c.internals.ConsumerCoordinator  : [Consumer clientId=consumer-summary-email-service-group-1, groupId=summary-email-service-group] Requesting disconnect from last known coordinator kafka:9092 (id: 2147483646 rack: null isFenced: false)
email-sender-1                  | 2026-09-25T22:06:50.490Z  INFO 1 --- [ntainer#0-0-C-1] o.a.k.c.c.internals.ConsumerCoordinator  : [Consumer clientId=consumer-summary-email-service-group-1, groupId=summary-email-service-group] JoinGroup failed: This is not the correct coordinator. Marking coordinator unknown. Sent generation was Generation{generationId=-1, memberId='', protocol='null'}
kafka_compose                   | 	ssl.keymanager.algorithm = SunX509
kafka_compose                   | 	ssl.keystore.certificate.chain = null
email-sender-1                  | 2026-09-25T22:06:50.491Z  INFO 1 --- [ntainer#0-0-C-1] org.apache.kafka.clients.NetworkClient   : [Consumer clientId=consumer-summary-email-service-group-1, groupId=summary-email-service-group] Client requested disconnect from node 2147483646
email-sender-1                  | 2026-09-25T22:06:50.496Z  INFO 1 --- [ntainer#0-0-C-1] o.a.k.c.c.internals.ConsumerCoordinator  : [Consumer clientId=consumer-summary-email-service-group-1, groupId=summary-email-service-group] Discovered group coordinator kafka:9092 (id: 2147483646 rack: null isFenced: false)
email-sender-1                  | 2026-09-25T22:06:50.497Z  INFO 1 --- [ntainer#0-0-C-1] o.a.k.c.c.internals.ConsumerCoordinator  : [Consumer clientId=consumer-summary-email-service-group-1, groupId=summary-email-service-group] Group coordinator kafka:9092 (id: 2147483646 rack: null isFenced: false) is unavailable or invalid due to cause: coordinator unavailable. isDisconnected: false. Rediscovery will be attempted.
email-sender-1                  | 2026-09-25T22:06:50.497Z  INFO 1 --- [ntainer#0-0-C-1] o.a.k.c.c.internals.ConsumerCoordinator  : [Consumer clientId=consumer-summary-email-service-group-1, groupId=summary-email-service-group] Requesting disconnect from last known coordinator kafka:9092 (id: 2147483646 rack: null isFenced: false)
email-sender-1                  | 2026-09-25T22:06:50.572Z  INFO 1 --- [ntainer#1-0-C-1] o.a.k.c.c.internals.ConsumerCoordinator  : [Consumer clientId=consumer-consumer-service-group-2, groupId=consumer-service-group] Discovered group coordinator kafka:9092 (id: 2147483646 rack: null isFenced: false)
email-sender-1                  | 2026-09-25T22:06:50.575Z  INFO 1 --- [ntainer#1-0-C-1] o.a.k.c.c.internals.ConsumerCoordinator  : [Consumer clientId=consumer-consumer-service-group-2, groupId=consumer-service-group] Request joining group due to: rebalance failed due to 'This is not the correct coordinator.' (NotCoordinatorException)
email-sender-1                  | 2026-09-25T22:06:50.581Z  INFO 1 --- [ntainer#1-0-C-1] o.a.k.c.c.internals.ConsumerCoordinator  : [Consumer clientId=consumer-consumer-service-group-2, groupId=consumer-service-group] (Re-)joining group
email-sender-1                  | 2026-09-25T22:06:50.591Z  INFO 1 --- [ntainer#0-0-C-1] o.a.k.c.c.internals.ConsumerCoordinator  : [Consumer clientId=consumer-summary-email-service-group-1, groupId=summary-email-service-group] Discovered group coordinator kafka:9092 (id: 2147483646 rack: null isFenced: false)
summarization-service-1         | 2026-09-25T22:06:54.258Z  INFO 1 --- [ntainer#0-0-C-1] o.a.k.c.c.internals.ConsumerCoordinator  : [Consumer clientId=consumer-summarization-service-group-1, groupId=summarization-service-group] (Re-)joining group
summarization-service-1         | 2026-09-25T22:06:57.285Z  INFO 1 --- [ntainer#0-0-C-1] o.a.k.c.c.internals.ConsumerCoordinator  : [Consumer clientId=consumer-summarization-service-group-1, groupId=summarization-service-group] Successfully joined group with generation Generation{generationId=1, memberId='consumer-summarization-service-group-1-04d70dd6-a0a6-4fb6-a064-58199e80eeec', protocol='range'}
summarization-service-1         | 2026-09-25T22:06:57.315Z  INFO 1 --- [ntainer#0-0-C-1] o.a.k.c.c.internals.ConsumerCoordinator  : [Consumer clientId=consumer-summarization-service-group-1, groupId=summarization-service-group] Finished assignment for group at generation 1: {consumer-summarization-service-group-1-04d70dd6-a0a6-4fb6-a064-58199e80eeec=Assignment(partitions=[SCHEDULER_SUMMARIZATION_REQUESTS-0])}
email-sender-1                  | 2026-09-25T22:06:50.594Z  INFO 1 --- [ntainer#0-0-C-1] o.a.k.c.c.internals.ConsumerCoordinator  : [Consumer clientId=consumer-summary-email-service-group-1, groupId=summary-email-service-group] Request joining group due to: rebalance failed due to 'This is not the correct coordinator.' (NotCoordinatorException)
email-sender-1                  | 2026-09-25T22:06:50.607Z  INFO 1 --- [ntainer#0-0-C-1] o.a.k.c.c.internals.ConsumerCoordinator  : [Consumer clientId=consumer-summary-email-service-group-1, groupId=summary-email-service-group] (Re-)joining group
email-sender-1                  | 2026-09-25T22:06:50.610Z  INFO 1 --- [ntainer#1-0-C-1] o.a.k.c.c.internals.ConsumerCoordinator  : [Consumer clientId=consumer-consumer-service-group-2, groupId=consumer-service-group] Group coordinator kafka:9092 (id: 2147483646 rack: null isFenced: false) is unavailable or invalid due to cause: error response NOT_COORDINATOR. isDisconnected: false. Rediscovery will be attempted.
summarization-service-1         | 2026-09-25T22:06:57.346Z  INFO 1 --- [ntainer#0-0-C-1] o.a.k.c.c.internals.ConsumerCoordinator  : [Consumer clientId=consumer-summarization-service-group-1, groupId=summarization-service-group] Successfully synced group in generation Generation{generationId=1, memberId='consumer-summarization-service-group-1-04d70dd6-a0a6-4fb6-a064-58199e80eeec', protocol='range'}
summarization-service-1         | 2026-09-25T22:06:57.348Z  INFO 1 --- [ntainer#0-0-C-1] o.a.k.c.c.internals.ConsumerCoordinator  : [Consumer clientId=consumer-summarization-service-group-1, groupId=summarization-service-group] Notifying assignor about the new Assignment(partitions=[SCHEDULER_SUMMARIZATION_REQUESTS-0])
summarization-service-1         | 2026-09-25T22:06:57.353Z  INFO 1 --- [ntainer#0-0-C-1] k.c.c.i.ConsumerRebalanceListenerInvoker : [Consumer clientId=consumer-summarization-service-group-1, groupId=summarization-service-group] Adding newly assigned partitions: [SCHEDULER_SUMMARIZATION_REQUESTS-0]
summarization-service-1         | 2026-09-25T22:06:57.385Z  INFO 1 --- [ntainer#0-0-C-1] o.a.k.c.c.internals.ConsumerCoordinator  : [Consumer clientId=consumer-summarization-service-group-1, groupId=summarization-service-group] Found no committed offset for partition SCHEDULER_SUMMARIZATION_REQUESTS-0
summarization-service-1         | 2026-09-25T22:06:57.405Z  INFO 1 --- [ntainer#0-0-C-1] o.a.k.c.c.internals.ConsumerCoordinator  : [Consumer clientId=consumer-summarization-service-group-1, groupId=summarization-service-group] Found no committed offset for partition SCHEDULER_SUMMARIZATION_REQUESTS-0
email-sender-1                  | 2026-09-25T22:06:50.611Z  INFO 1 --- [ntainer#1-0-C-1] o.a.k.c.c.internals.ConsumerCoordinator  : [Consumer clientId=consumer-consumer-service-group-2, groupId=consumer-service-group] Requesting disconnect from last known coordinator kafka:9092 (id: 2147483646 rack: null isFenced: false)
email-sender-1                  | 2026-09-25T22:06:50.612Z  INFO 1 --- [ntainer#1-0-C-1] o.a.k.c.c.internals.ConsumerCoordinator  : [Consumer clientId=consumer-consumer-service-group-2, groupId=consumer-service-group] JoinGroup failed: This is not the correct coordinator. Marking coordinator unknown. Sent generation was Generation{generationId=-1, memberId='', protocol='null'}
kafka_compose                   | 	ssl.keystore.key = null
email-sender-1                  | 2026-09-25T22:06:50.613Z  INFO 1 --- [ntainer#1-0-C-1] org.apache.kafka.clients.NetworkClient   : [Consumer clientId=consumer-consumer-service-group-2, groupId=consumer-service-group] Client requested disconnect from node 2147483646
email-sender-1                  | 2026-09-25T22:06:50.626Z  INFO 1 --- [ntainer#0-0-C-1] o.a.k.c.c.internals.ConsumerCoordinator  : [Consumer clientId=consumer-summary-email-service-group-1, groupId=summary-email-service-group] Group coordinator kafka:9092 (id: 2147483646 rack: null isFenced: false) is unavailable or invalid due to cause: error response NOT_COORDINATOR. isDisconnected: false. Rediscovery will be attempted.
email-sender-1                  | 2026-09-25T22:06:50.627Z  INFO 1 --- [ntainer#0-0-C-1] o.a.k.c.c.internals.ConsumerCoordinator  : [Consumer clientId=consumer-summary-email-service-group-1, groupId=summary-email-service-group] Requesting disconnect from last known coordinator kafka:9092 (id: 2147483646 rack: null isFenced: false)
kafka_compose                   | 	ssl.keystore.location = null
kafka_compose                   | 	ssl.keystore.password = null
kafka_compose                   | 	ssl.keystore.type = JKS
email-sender-1                  | 2026-09-25T22:06:50.629Z  INFO 1 --- [ntainer#0-0-C-1] o.a.k.c.c.internals.ConsumerCoordinator  : [Consumer clientId=consumer-summary-email-service-group-1, groupId=summary-email-service-group] JoinGroup failed: This is not the correct coordinator. Marking coordinator unknown. Sent generation was Generation{generationId=-1, memberId='', protocol='null'}
email-sender-1                  | 2026-09-25T22:06:50.669Z  INFO 1 --- [ntainer#1-0-C-1] o.a.k.c.c.internals.ConsumerCoordinator  : [Consumer clientId=consumer-consumer-service-group-2, groupId=consumer-service-group] Discovered group coordinator kafka:9092 (id: 2147483646 rack: null isFenced: false)
email-sender-1                  | 2026-09-25T22:06:50.631Z  INFO 1 --- [ntainer#0-0-C-1] org.apache.kafka.clients.NetworkClient   : [Consumer clientId=consumer-summary-email-service-group-1, groupId=summary-email-service-group] Client requested disconnect from node 2147483646
email-sender-1                  | 2026-09-25T22:06:50.670Z  INFO 1 --- [ntainer#1-0-C-1] o.a.k.c.c.internals.ConsumerCoordinator  : [Consumer clientId=consumer-consumer-service-group-2, groupId=consumer-service-group] Group coordinator kafka:9092 (id: 2147483646 rack: null isFenced: false) is unavailable or invalid due to cause: coordinator unavailable. isDisconnected: false. Rediscovery will be attempted.
email-sender-1                  | 2026-09-25T22:06:50.672Z  INFO 1 --- [ntainer#1-0-C-1] o.a.k.c.c.internals.ConsumerCoordinator  : [Consumer clientId=consumer-consumer-service-group-2, groupId=consumer-service-group] Requesting disconnect from last known coordinator kafka:9092 (id: 2147483646 rack: null isFenced: false)
email-sender-1                  | 2026-09-25T22:06:50.689Z  INFO 1 --- [ntainer#0-0-C-1] o.a.k.c.c.internals.ConsumerCoordinator  : [Consumer clientId=consumer-summary-email-service-group-1, groupId=summary-email-service-group] Discovered group coordinator kafka:9092 (id: 2147483646 rack: null isFenced: false)
email-sender-1                  | 2026-09-25T22:06:50.690Z  INFO 1 --- [ntainer#0-0-C-1] o.a.k.c.c.internals.ConsumerCoordinator  : [Consumer clientId=consumer-summary-email-service-group-1, groupId=summary-email-service-group] Group coordinator kafka:9092 (id: 2147483646 rack: null isFenced: false) is unavailable or invalid due to cause: coordinator unavailable. isDisconnected: false. Rediscovery will be attempted.
summarization-service-1         | 2026-09-25T22:06:57.471Z  INFO 1 --- [ntainer#0-0-C-1] o.a.k.c.c.internals.SubscriptionState    : [Consumer clientId=consumer-summarization-service-group-1, groupId=summarization-service-group] Resetting offset for partition SCHEDULER_SUMMARIZATION_REQUESTS-0 to position FetchPosition{offset=0, offsetEpoch=Optional.empty, currentLeader=LeaderAndEpoch{leader=Optional[kafka:9092 (id: 1 rack: null isFenced: false)], epoch=0}}.
summarization-service-1         | 2026-09-25T22:06:57.546Z  INFO 1 --- [ntainer#0-0-C-1] o.s.k.l.KafkaMessageListenerContainer    : summarization-service-group: partitions assigned: [SCHEDULER_SUMMARIZATION_REQUESTS-0]
email-sender-1                  | 2026-09-25T22:06:50.690Z  INFO 1 --- [ntainer#0-0-C-1] o.a.k.c.c.internals.ConsumerCoordinator  : [Consumer clientId=consumer-summary-email-service-group-1, groupId=summary-email-service-group] Requesting disconnect from last known coordinator kafka:9092 (id: 2147483646 rack: null isFenced: false)
kafka_compose                   | 	ssl.principal.mapping.rules = DEFAULT
kafka_compose                   | 	ssl.protocol = TLSv1.3
kafka_compose                   | 	ssl.provider = null
email-sender-1                  | 2026-09-25T22:06:50.766Z  INFO 1 --- [ntainer#1-0-C-1] o.a.k.c.c.internals.ConsumerCoordinator  : [Consumer clientId=consumer-consumer-service-group-2, groupId=consumer-service-group] Discovered group coordinator kafka:9092 (id: 2147483646 rack: null isFenced: false)
email-sender-1                  | 2026-09-25T22:06:50.768Z  INFO 1 --- [ntainer#1-0-C-1] o.a.k.c.c.internals.ConsumerCoordinator  : [Consumer clientId=consumer-consumer-service-group-2, groupId=consumer-service-group] Request joining group due to: rebalance failed due to 'This is not the correct coordinator.' (NotCoordinatorException)
email-sender-1                  | 2026-09-25T22:06:50.775Z  INFO 1 --- [ntainer#1-0-C-1] o.a.k.c.c.internals.ConsumerCoordinator  : [Consumer clientId=consumer-consumer-service-group-2, groupId=consumer-service-group] (Re-)joining group
kafka_compose                   | 	ssl.secure.random.implementation = null
kafka_compose                   | 	ssl.trustmanager.algorithm = PKIX
email-sender-1                  | 2026-09-25T22:06:50.787Z  INFO 1 --- [ntainer#1-0-C-1] o.a.k.c.c.internals.ConsumerCoordinator  : [Consumer clientId=consumer-consumer-service-group-2, groupId=consumer-service-group] Group coordinator kafka:9092 (id: 2147483646 rack: null isFenced: false) is unavailable or invalid due to cause: error response NOT_COORDINATOR. isDisconnected: false. Rediscovery will be attempted.
email-sender-1                  | 2026-09-25T22:06:50.788Z  INFO 1 --- [ntainer#1-0-C-1] o.a.k.c.c.internals.ConsumerCoordinator  : [Consumer clientId=consumer-consumer-service-group-2, groupId=consumer-service-group] Requesting disconnect from last known coordinator kafka:9092 (id: 2147483646 rack: null isFenced: false)
email-sender-1                  | 2026-09-25T22:06:50.788Z  INFO 1 --- [ntainer#1-0-C-1] o.a.k.c.c.internals.ConsumerCoordinator  : [Consumer clientId=consumer-consumer-service-group-2, groupId=consumer-service-group] JoinGroup failed: This is not the correct coordinator. Marking coordinator unknown. Sent generation was Generation{generationId=-1, memberId='', protocol='null'}
email-sender-1                  | 2026-09-25T22:06:50.789Z  INFO 1 --- [ntainer#1-0-C-1] org.apache.kafka.clients.NetworkClient   : [Consumer clientId=consumer-consumer-service-group-2, groupId=consumer-service-group] Client requested disconnect from node 2147483646
email-sender-1                  | 2026-09-25T22:06:50.791Z  INFO 1 --- [ntainer#0-0-C-1] o.a.k.c.c.internals.ConsumerCoordinator  : [Consumer clientId=consumer-summary-email-service-group-1, groupId=summary-email-service-group] Discovered group coordinator kafka:9092 (id: 2147483646 rack: null isFenced: false)
kafka_compose                   | 	ssl.truststore.certificates = null
kafka_compose                   | 	ssl.truststore.location = null
kafka_compose                   | 	ssl.truststore.password = null
email-sender-1                  | 2026-09-25T22:06:50.794Z  INFO 1 --- [ntainer#1-0-C-1] o.a.k.c.c.internals.ConsumerCoordinator  : [Consumer clientId=consumer-consumer-service-group-2, groupId=consumer-service-group] Discovered group coordinator kafka:9092 (id: 2147483646 rack: null isFenced: false)
email-sender-1                  | 2026-09-25T22:06:50.796Z  INFO 1 --- [ntainer#1-0-C-1] o.a.k.c.c.internals.ConsumerCoordinator  : [Consumer clientId=consumer-consumer-service-group-2, groupId=consumer-service-group] Group coordinator kafka:9092 (id: 2147483646 rack: null isFenced: false) is unavailable or invalid due to cause: coordinator unavailable. isDisconnected: false. Rediscovery will be attempted.
email-sender-1                  | 2026-09-25T22:06:50.796Z  INFO 1 --- [ntainer#1-0-C-1] o.a.k.c.c.internals.ConsumerCoordinator  : [Consumer clientId=consumer-consumer-service-group-2, groupId=consumer-service-group] Requesting disconnect from last known coordinator kafka:9092 (id: 2147483646 rack: null isFenced: false)
kafka_compose                   | 	ssl.truststore.type = JKS
kafka_compose                   | 	telemetry.max.bytes = 1048576
kafka_compose                   | 	transaction.abort.timed.out.transaction.cleanup.interval.ms = 10000
email-sender-1                  | 2026-09-25T22:06:50.796Z  INFO 1 --- [ntainer#0-0-C-1] o.a.k.c.c.internals.ConsumerCoordinator  : [Consumer clientId=consumer-summary-email-service-group-1, groupId=summary-email-service-group] Request joining group due to: rebalance failed due to 'This is not the correct coordinator.' (NotCoordinatorException)
email-sender-1                  | 2026-09-25T22:06:50.800Z  INFO 1 --- [ntainer#0-0-C-1] o.a.k.c.c.internals.ConsumerCoordinator  : [Consumer clientId=consumer-summary-email-service-group-1, groupId=summary-email-service-group] (Re-)joining group
email-sender-1                  | 2026-09-25T22:06:50.809Z  INFO 1 --- [ntainer#0-0-C-1] o.a.k.c.c.internals.ConsumerCoordinator  : [Consumer clientId=consumer-summary-email-service-group-1, groupId=summary-email-service-group] Group coordinator kafka:9092 (id: 2147483646 rack: null isFenced: false) is unavailable or invalid due to cause: error response NOT_COORDINATOR. isDisconnected: false. Rediscovery will be attempted.
kafka_compose                   | 	transaction.max.timeout.ms = 900000
kafka_compose                   | 	transaction.partition.verification.enable = true
email-sender-1                  | 2026-09-25T22:06:50.809Z  INFO 1 --- [ntainer#0-0-C-1] o.a.k.c.c.internals.ConsumerCoordinator  : [Consumer clientId=consumer-summary-email-service-group-1, groupId=summary-email-service-group] Requesting disconnect from last known coordinator kafka:9092 (id: 2147483646 rack: null isFenced: false)
email-sender-1                  | 2026-09-25T22:06:50.809Z  INFO 1 --- [ntainer#0-0-C-1] o.a.k.c.c.internals.ConsumerCoordinator  : [Consumer clientId=consumer-summary-email-service-group-1, groupId=summary-email-service-group] JoinGroup failed: This is not the correct coordinator. Marking coordinator unknown. Sent generation was Generation{generationId=-1, memberId='', protocol='null'}
email-sender-1                  | 2026-09-25T22:06:50.810Z  INFO 1 --- [ntainer#0-0-C-1] org.apache.kafka.clients.NetworkClient   : [Consumer clientId=consumer-summary-email-service-group-1, groupId=summary-email-service-group] Client requested disconnect from node 2147483646
kafka_compose                   | 	transaction.remove.expired.transaction.cleanup.interval.ms = 3600000
kafka_compose                   | 	transaction.state.log.load.buffer.size = 5242880
kafka_compose                   | 	transaction.state.log.min.isr = 2
kafka_compose                   | 	transaction.state.log.num.partitions = 50
kafka_compose                   | 	transaction.state.log.replication.factor = 3
kafka_compose                   | 	transaction.state.log.segment.bytes = 104857600
kafka_compose                   | 	transaction.two.phase.commit.enable = false
email-sender-1                  | 2026-09-25T22:06:50.820Z  INFO 1 --- [ntainer#0-0-C-1] o.a.k.c.c.internals.ConsumerCoordinator  : [Consumer clientId=consumer-summary-email-service-group-1, groupId=summary-email-service-group] Discovered group coordinator kafka:9092 (id: 2147483646 rack: null isFenced: false)
email-sender-1                  | 2026-09-25T22:06:50.824Z  INFO 1 --- [ntainer#0-0-C-1] o.a.k.c.c.internals.ConsumerCoordinator  : [Consumer clientId=consumer-summary-email-service-group-1, groupId=summary-email-service-group] Group coordinator kafka:9092 (id: 2147483646 rack: null isFenced: false) is unavailable or invalid due to cause: coordinator unavailable. isDisconnected: false. Rediscovery will be attempted.
email-sender-1                  | 2026-09-25T22:06:50.825Z  INFO 1 --- [ntainer#0-0-C-1] o.a.k.c.c.internals.ConsumerCoordinator  : [Consumer clientId=consumer-summary-email-service-group-1, groupId=summary-email-service-group] Requesting disconnect from last known coordinator kafka:9092 (id: 2147483646 rack: null isFenced: false)
email-sender-1                  | 2026-09-25T22:06:50.904Z  INFO 1 --- [ntainer#1-0-C-1] o.a.k.c.c.internals.ConsumerCoordinator  : [Consumer clientId=consumer-consumer-service-group-2, groupId=consumer-service-group] Discovered group coordinator kafka:9092 (id: 2147483646 rack: null isFenced: false)
email-sender-1                  | 2026-09-25T22:06:50.907Z  INFO 1 --- [ntainer#1-0-C-1] o.a.k.c.c.internals.ConsumerCoordinator  : [Consumer clientId=consumer-consumer-service-group-2, groupId=consumer-service-group] Request joining group due to: rebalance failed due to 'This is not the correct coordinator.' (NotCoordinatorException)
kafka_compose                   | 	transactional.id.expiration.ms = 604800000
kafka_compose                   | 	unclean.leader.election.enable = false
kafka_compose                   | 	unclean.leader.election.interval.ms = 300000
email-sender-1                  | 2026-09-25T22:06:50.909Z  INFO 1 --- [ntainer#1-0-C-1] o.a.k.c.c.internals.ConsumerCoordinator  : [Consumer clientId=consumer-consumer-service-group-2, groupId=consumer-service-group] (Re-)joining group
email-sender-1                  | 2026-09-25T22:06:50.923Z  INFO 1 --- [ntainer#1-0-C-1] o.a.k.c.c.internals.ConsumerCoordinator  : [Consumer clientId=consumer-consumer-service-group-2, groupId=consumer-service-group] Group coordinator kafka:9092 (id: 2147483646 rack: null isFenced: false) is unavailable or invalid due to cause: error response NOT_COORDINATOR. isDisconnected: false. Rediscovery will be attempted.
email-sender-1                  | 2026-09-25T22:06:50.924Z  INFO 1 --- [ntainer#1-0-C-1] o.a.k.c.c.internals.ConsumerCoordinator  : [Consumer clientId=consumer-consumer-service-group-2, groupId=consumer-service-group] Requesting disconnect from last known coordinator kafka:9092 (id: 2147483646 rack: null isFenced: false)
email-sender-1                  | 2026-09-25T22:06:50.924Z  INFO 1 --- [ntainer#1-0-C-1] o.a.k.c.c.internals.ConsumerCoordinator  : [Consumer clientId=consumer-consumer-service-group-2, groupId=consumer-service-group] JoinGroup failed: This is not the correct coordinator. Marking coordinator unknown. Sent generation was Generation{generationId=-1, memberId='', protocol='null'}
email-sender-1                  | 2026-09-25T22:06:50.927Z  INFO 1 --- [ntainer#1-0-C-1] org.apache.kafka.clients.NetworkClient   : [Consumer clientId=consumer-consumer-service-group-2, groupId=consumer-service-group] Client requested disconnect from node 2147483646
kafka_compose                   | 	unstable.api.versions.enable = false
kafka_compose                   | 	unstable.feature.versions.enable = false
kafka_compose                   |  (org.apache.kafka.common.config.AbstractConfig)
email-sender-1                  | 2026-09-25T22:06:50.933Z  INFO 1 --- [ntainer#1-0-C-1] o.a.k.c.c.internals.ConsumerCoordinator  : [Consumer clientId=consumer-consumer-service-group-2, groupId=consumer-service-group] Discovered group coordinator kafka:9092 (id: 2147483646 rack: null isFenced: false)
email-sender-1                  | 2026-09-25T22:06:50.934Z  INFO 1 --- [ntainer#1-0-C-1] o.a.k.c.c.internals.ConsumerCoordinator  : [Consumer clientId=consumer-consumer-service-group-2, groupId=consumer-service-group] Group coordinator kafka:9092 (id: 2147483646 rack: null isFenced: false) is unavailable or invalid due to cause: coordinator unavailable. isDisconnected: false. Rediscovery will be attempted.
kafka_compose                   | [2026-09-25 22:06:00,037] INFO [broker-1-ThrottledChannelReaper-Fetch]: Starting (org.apache.kafka.server.quota.ClientQuotaManager$ThrottledChannelReaper)
kafka_compose                   | [2026-09-25 22:06:00,038] INFO [broker-1-ThrottledChannelReaper-Produce]: Starting (org.apache.kafka.server.quota.ClientQuotaManager$ThrottledChannelReaper)
kafka_compose                   | [2026-09-25 22:06:00,045] INFO [broker-1-ThrottledChannelReaper-Request]: Starting (org.apache.kafka.server.quota.ClientQuotaManager$ThrottledChannelReaper)
email-sender-1                  | 2026-09-25T22:06:50.934Z  INFO 1 --- [ntainer#1-0-C-1] o.a.k.c.c.internals.ConsumerCoordinator  : [Consumer clientId=consumer-consumer-service-group-2, groupId=consumer-service-group] Requesting disconnect from last known coordinator kafka:9092 (id: 2147483646 rack: null isFenced: false)
email-sender-1                  | 2026-09-25T22:06:50.935Z  INFO 1 --- [ntainer#0-0-C-1] o.a.k.c.c.internals.ConsumerCoordinator  : [Consumer clientId=consumer-summary-email-service-group-1, groupId=summary-email-service-group] Discovered group coordinator kafka:9092 (id: 2147483646 rack: null isFenced: false)
kafka_compose                   | [2026-09-25 22:06:00,078] INFO [broker-1-ThrottledChannelReaper-ControllerMutation]: Starting (org.apache.kafka.server.quota.ClientQuotaManager$ThrottledChannelReaper)
kafka_compose                   | [2026-09-25 22:06:00,090] INFO [MetadataLoader id=1] InitializeNewPublishers: initializing DynamicClientQuotaPublisher controller id=1 with a snapshot at offset 9 (org.apache.kafka.image.loader.MetadataLoader)
email-sender-1                  | 2026-09-25T22:06:50.938Z  INFO 1 --- [ntainer#0-0-C-1] o.a.k.c.c.internals.ConsumerCoordinator  : [Consumer clientId=consumer-summary-email-service-group-1, groupId=summary-email-service-group] Request joining group due to: rebalance failed due to 'This is not the correct coordinator.' (NotCoordinatorException)
email-sender-1                  | 2026-09-25T22:06:50.941Z  INFO 1 --- [ntainer#0-0-C-1] o.a.k.c.c.internals.ConsumerCoordinator  : [Consumer clientId=consumer-summary-email-service-group-1, groupId=summary-email-service-group] (Re-)joining group
email-sender-1                  | 2026-09-25T22:06:50.948Z  INFO 1 --- [ntainer#0-0-C-1] o.a.k.c.c.internals.ConsumerCoordinator  : [Consumer clientId=consumer-summary-email-service-group-1, groupId=summary-email-service-group] Group coordinator kafka:9092 (id: 2147483646 rack: null isFenced: false) is unavailable or invalid due to cause: error response NOT_COORDINATOR. isDisconnected: false. Rediscovery will be attempted.
email-sender-1                  | 2026-09-25T22:06:50.949Z  INFO 1 --- [ntainer#0-0-C-1] o.a.k.c.c.internals.ConsumerCoordinator  : [Consumer clientId=consumer-summary-email-service-group-1, groupId=summary-email-service-group] Requesting disconnect from last known coordinator kafka:9092 (id: 2147483646 rack: null isFenced: false)
email-sender-1                  | 2026-09-25T22:06:50.949Z  INFO 1 --- [ntainer#0-0-C-1] o.a.k.c.c.internals.ConsumerCoordinator  : [Consumer clientId=consumer-summary-email-service-group-1, groupId=summary-email-service-group] JoinGroup failed: This is not the correct coordinator. Marking coordinator unknown. Sent generation was Generation{generationId=-1, memberId='', protocol='null'}
kafka_compose                   | [2026-09-25 22:06:00,093] INFO [MetadataLoader id=1] InitializeNewPublishers: initializing DynamicTopicClusterQuotaPublisher controller id=1 with a snapshot at offset 9 (org.apache.kafka.image.loader.MetadataLoader)
kafka_compose                   | [2026-09-25 22:06:00,103] INFO [MetadataLoader id=1] InitializeNewPublishers: initializing ScramPublisher controller id=1 with a snapshot at offset 9 (org.apache.kafka.image.loader.MetadataLoader)
email-sender-1                  | 2026-09-25T22:06:50.950Z  INFO 1 --- [ntainer#0-0-C-1] org.apache.kafka.clients.NetworkClient   : [Consumer clientId=consumer-summary-email-service-group-1, groupId=summary-email-service-group] Client requested disconnect from node 2147483646
email-sender-1                  | 2026-09-25T22:06:50.957Z  INFO 1 --- [ntainer#0-0-C-1] o.a.k.c.c.internals.ConsumerCoordinator  : [Consumer clientId=consumer-summary-email-service-group-1, groupId=summary-email-service-group] Discovered group coordinator kafka:9092 (id: 2147483646 rack: null isFenced: false)
email-sender-1                  | 2026-09-25T22:06:50.958Z  INFO 1 --- [ntainer#0-0-C-1] o.a.k.c.c.internals.ConsumerCoordinator  : [Consumer clientId=consumer-summary-email-service-group-1, groupId=summary-email-service-group] Group coordinator kafka:9092 (id: 2147483646 rack: null isFenced: false) is unavailable or invalid due to cause: coordinator unavailable. isDisconnected: false. Rediscovery will be attempted.
kafka_compose                   | [2026-09-25 22:06:00,107] INFO [MetadataLoader id=1] InitializeNewPublishers: initializing DelegationTokenPublisher controller id=1 with a snapshot at offset 9 (org.apache.kafka.image.loader.MetadataLoader)
kafka_compose                   | [2026-09-25 22:06:00,108] INFO [MetadataLoader id=1] InitializeNewPublishers: initializing ControllerMetadataMetricsPublisher with a snapshot at offset 9 (org.apache.kafka.image.loader.MetadataLoader)
email-sender-1                  | 2026-09-25T22:06:50.959Z  INFO 1 --- [ntainer#0-0-C-1] o.a.k.c.c.internals.ConsumerCoordinator  : [Consumer clientId=consumer-summary-email-service-group-1, groupId=summary-email-service-group] Requesting disconnect from last known coordinator kafka:9092 (id: 2147483646 rack: null isFenced: false)
email-sender-1                  | 2026-09-25T22:06:51.056Z  INFO 1 --- [ntainer#1-0-C-1] o.a.k.c.c.internals.ConsumerCoordinator  : [Consumer clientId=consumer-consumer-service-group-2, groupId=consumer-service-group] Discovered group coordinator kafka:9092 (id: 2147483646 rack: null isFenced: false)
kafka_compose                   | [2026-09-25 22:06:00,108] INFO [ControllerRegistrationManager id=1 incarnation=xSeeuxhbTRKbxxtSXBbX3Q] sendControllerRegistration: attempting to send ControllerRegistrationRequestData(controllerId=1, incarnationId=xSeeuxhbTRKbxxtSXBbX3Q, zkMigrationReady=false, listeners=[Listener(name='CONTROLLER', host='kafka', port=29093, securityProtocol=0)], features=[Feature(name='group.version', minSupportedVersion=0, maxSupportedVersion=1), Feature(name='kraft.version', minSupportedVersion=0, maxSupportedVersion=1), Feature(name='metadata.version', minSupportedVersion=7, maxSupportedVersion=30), Feature(name='share.version', minSupportedVersion=0, maxSupportedVersion=1), Feature(name='streams.version', minSupportedVersion=0, maxSupportedVersion=1), Feature(name='transaction.version', minSupportedVersion=0, maxSupportedVersion=2), Feature(name='eligible.leader.replicas.version', minSupportedVersion=0, maxSupportedVersion=1)]) (kafka.server.ControllerRegistrationManager)
email-sender-1                  | 2026-09-25T22:06:51.060Z  INFO 1 --- [ntainer#1-0-C-1] o.a.k.c.c.internals.ConsumerCoordinator  : [Consumer clientId=consumer-consumer-service-group-2, groupId=consumer-service-group] Request joining group due to: rebalance failed due to 'This is not the correct coordinator.' (NotCoordinatorException)
email-sender-1                  | 2026-09-25T22:06:51.061Z  INFO 1 --- [ntainer#0-0-C-1] o.a.k.c.c.internals.ConsumerCoordinator  : [Consumer clientId=consumer-summary-email-service-group-1, groupId=summary-email-service-group] Discovered group coordinator kafka:9092 (id: 2147483646 rack: null isFenced: false)
email-sender-1                  | 2026-09-25T22:06:51.063Z  INFO 1 --- [ntainer#1-0-C-1] o.a.k.c.c.internals.ConsumerCoordinator  : [Consumer clientId=consumer-consumer-service-group-2, groupId=consumer-service-group] (Re-)joining group
kafka_compose                   | [2026-09-25 22:06:00,109] INFO [MetadataLoader id=1] InitializeNewPublishers: initializing AclPublisher controller id=1 with a snapshot at offset 9 (org.apache.kafka.image.loader.MetadataLoader)
kafka_compose                   | [2026-09-25 22:06:00,145] INFO [BrokerServer id=1] Waiting for controller quorum voters future (kafka.server.BrokerServer)
email-sender-1                  | 2026-09-25T22:06:51.069Z  INFO 1 --- [ntainer#0-0-C-1] o.a.k.c.c.internals.ConsumerCoordinator  : [Consumer clientId=consumer-summary-email-service-group-1, groupId=summary-email-service-group] Request joining group due to: rebalance failed due to 'This is not the correct coordinator.' (NotCoordinatorException)
email-sender-1                  | 2026-09-25T22:06:51.076Z  INFO 1 --- [ntainer#0-0-C-1] o.a.k.c.c.internals.ConsumerCoordinator  : [Consumer clientId=consumer-summary-email-service-group-1, groupId=summary-email-service-group] (Re-)joining group
email-sender-1                  | 2026-09-25T22:06:51.076Z  INFO 1 --- [ntainer#1-0-C-1] o.a.k.c.c.internals.ConsumerCoordinator  : [Consumer clientId=consumer-consumer-service-group-2, groupId=consumer-service-group] Group coordinator kafka:9092 (id: 2147483646 rack: null isFenced: false) is unavailable or invalid due to cause: error response NOT_COORDINATOR. isDisconnected: false. Rediscovery will be attempted.
kafka_compose                   | [2026-09-25 22:06:00,146] INFO [BrokerServer id=1] Finished waiting for controller quorum voters future (kafka.server.BrokerServer)
kafka_compose                   | [2026-09-25 22:06:00,173] INFO [broker-1-to-controller-forwarding-channel-manager]: Starting (org.apache.kafka.server.NodeToControllerRequestThread)
kafka_compose                   | [2026-09-25 22:06:00,176] INFO Recorded new KRaft controller, from now on will use node kafka:29093 (id: 1 rack: null isFenced: false) (org.apache.kafka.server.NodeToControllerRequestThread)
email-sender-1                  | 2026-09-25T22:06:51.083Z  INFO 1 --- [ntainer#1-0-C-1] o.a.k.c.c.internals.ConsumerCoordinator  : [Consumer clientId=consumer-consumer-service-group-2, groupId=consumer-service-group] Requesting disconnect from last known coordinator kafka:9092 (id: 2147483646 rack: null isFenced: false)
email-sender-1                  | 2026-09-25T22:06:51.084Z  INFO 1 --- [ntainer#1-0-C-1] o.a.k.c.c.internals.ConsumerCoordinator  : [Consumer clientId=consumer-consumer-service-group-2, groupId=consumer-service-group] JoinGroup failed: This is not the correct coordinator. Marking coordinator unknown. Sent generation was Generation{generationId=-1, memberId='', protocol='null'}
email-sender-1                  | 2026-09-25T22:06:51.085Z  INFO 1 --- [ntainer#1-0-C-1] org.apache.kafka.clients.NetworkClient   : [Consumer clientId=consumer-consumer-service-group-2, groupId=consumer-service-group] Client requested disconnect from node 2147483646
email-sender-1                  | 2026-09-25T22:06:51.093Z  INFO 1 --- [ntainer#0-0-C-1] o.a.k.c.c.internals.ConsumerCoordinator  : [Consumer clientId=consumer-summary-email-service-group-1, groupId=summary-email-service-group] Group coordinator kafka:9092 (id: 2147483646 rack: null isFenced: false) is unavailable or invalid due to cause: error response NOT_COORDINATOR. isDisconnected: false. Rediscovery will be attempted.
email-sender-1                  | 2026-09-25T22:06:51.093Z  INFO 1 --- [ntainer#0-0-C-1] o.a.k.c.c.internals.ConsumerCoordinator  : [Consumer clientId=consumer-summary-email-service-group-1, groupId=summary-email-service-group] Requesting disconnect from last known coordinator kafka:9092 (id: 2147483646 rack: null isFenced: false)
email-sender-1                  | 2026-09-25T22:06:51.094Z  INFO 1 --- [ntainer#0-0-C-1] o.a.k.c.c.internals.ConsumerCoordinator  : [Consumer clientId=consumer-summary-email-service-group-1, groupId=summary-email-service-group] JoinGroup failed: This is not the correct coordinator. Marking coordinator unknown. Sent generation was Generation{generationId=-1, memberId='', protocol='null'}
email-sender-1                  | 2026-09-25T22:06:51.094Z  INFO 1 --- [ntainer#0-0-C-1] org.apache.kafka.clients.NetworkClient   : [Consumer clientId=consumer-summary-email-service-group-1, groupId=summary-email-service-group] Client requested disconnect from node 2147483646
email-sender-1                  | 2026-09-25T22:06:51.099Z  INFO 1 --- [ntainer#1-0-C-1] o.a.k.c.c.internals.ConsumerCoordinator  : [Consumer clientId=consumer-consumer-service-group-2, groupId=consumer-service-group] Discovered group coordinator kafka:9092 (id: 2147483646 rack: null isFenced: false)
kafka_compose                   | [2026-09-25 22:06:00,214] INFO [client-metrics-reaper]: Starting (org.apache.kafka.server.util.timer.SystemTimerReaper$Reaper)
kafka_compose                   | [2026-09-25 22:06:00,419] INFO Updated connection-accept-rate max connection creation rate to 2147483647 (kafka.network.ConnectionQuotas)
kafka_compose                   | [2026-09-25 22:06:00,444] INFO [ControllerRegistrationManager id=1 incarnation=xSeeuxhbTRKbxxtSXBbX3Q] Our registration has been persisted to the metadata log. (kafka.server.ControllerRegistrationManager)
email-sender-1                  | 2026-09-25T22:06:51.105Z  INFO 1 --- [ntainer#1-0-C-1] o.a.k.c.c.internals.ConsumerCoordinator  : [Consumer clientId=consumer-consumer-service-group-2, groupId=consumer-service-group] Group coordinator kafka:9092 (id: 2147483646 rack: null isFenced: false) is unavailable or invalid due to cause: coordinator unavailable. isDisconnected: false. Rediscovery will be attempted.
email-sender-1                  | 2026-09-25T22:06:51.103Z  INFO 1 --- [ntainer#0-0-C-1] o.a.k.c.c.internals.ConsumerCoordinator  : [Consumer clientId=consumer-summary-email-service-group-1, groupId=summary-email-service-group] Discovered group coordinator kafka:9092 (id: 2147483646 rack: null isFenced: false)
kafka_compose                   | [2026-09-25 22:06:00,450] INFO [SocketServer listenerType=BROKER, nodeId=1] Created data-plane acceptor and processors for endpoint : ListenerName(PLAINTEXT) (kafka.network.SocketServer)
kafka_compose                   | [2026-09-25 22:06:00,454] INFO [ControllerRegistrationManager id=1 incarnation=xSeeuxhbTRKbxxtSXBbX3Q] RegistrationResponseHandler: controller acknowledged ControllerRegistrationRequest. (kafka.server.ControllerRegistrationManager)
kafka_compose                   | [2026-09-25 22:06:00,456] INFO Updated connection-accept-rate max connection creation rate to 2147483647 (kafka.network.ConnectionQuotas)
kafka_compose                   | [2026-09-25 22:06:00,495] INFO [SocketServer listenerType=BROKER, nodeId=1] Created data-plane acceptor and processors for endpoint : ListenerName(PLAINTEXT_HOST) (kafka.network.SocketServer)
kafka_compose                   | [2026-09-25 22:06:00,515] INFO [broker-1-to-controller-alter-partition-channel-manager]: Starting (org.apache.kafka.server.NodeToControllerRequestThread)
email-sender-1                  | 2026-09-25T22:06:51.106Z  INFO 1 --- [ntainer#0-0-C-1] o.a.k.c.c.internals.ConsumerCoordinator  : [Consumer clientId=consumer-summary-email-service-group-1, groupId=summary-email-service-group] Group coordinator kafka:9092 (id: 2147483646 rack: null isFenced: false) is unavailable or invalid due to cause: coordinator unavailable. isDisconnected: false. Rediscovery will be attempted.
kafka_compose                   | [2026-09-25 22:06:00,517] INFO Recorded new KRaft controller, from now on will use node kafka:29093 (id: 1 rack: null isFenced: false) (org.apache.kafka.server.NodeToControllerRequestThread)
kafka_compose                   | [2026-09-25 22:06:00,539] INFO [broker-1-to-controller-directory-assignments-channel-manager]: Starting (org.apache.kafka.server.NodeToControllerRequestThread)
email-sender-1                  | 2026-09-25T22:06:51.108Z  INFO 1 --- [ntainer#0-0-C-1] o.a.k.c.c.internals.ConsumerCoordinator  : [Consumer clientId=consumer-summary-email-service-group-1, groupId=summary-email-service-group] Requesting disconnect from last known coordinator kafka:9092 (id: 2147483646 rack: null isFenced: false)
email-sender-1                  | 2026-09-25T22:06:51.107Z  INFO 1 --- [ntainer#1-0-C-1] o.a.k.c.c.internals.ConsumerCoordinator  : [Consumer clientId=consumer-consumer-service-group-2, groupId=consumer-service-group] Requesting disconnect from last known coordinator kafka:9092 (id: 2147483646 rack: null isFenced: false)
kafka_compose                   | [2026-09-25 22:06:00,540] INFO Recorded new KRaft controller, from now on will use node kafka:29093 (id: 1 rack: null isFenced: false) (org.apache.kafka.server.NodeToControllerRequestThread)
kafka_compose                   | [2026-09-25 22:06:00,556] INFO [ExpirationReaper-1-Produce]: Starting (org.apache.kafka.server.purgatory.DelayedOperationPurgatory$ExpiredOperationReaper)
email-sender-1                  | 2026-09-25T22:06:51.201Z  INFO 1 --- [ntainer#1-0-C-1] o.a.k.c.c.internals.ConsumerCoordinator  : [Consumer clientId=consumer-consumer-service-group-2, groupId=consumer-service-group] Discovered group coordinator kafka:9092 (id: 2147483646 rack: null isFenced: false)
email-sender-1                  | 2026-09-25T22:06:51.208Z  INFO 1 --- [ntainer#1-0-C-1] o.a.k.c.c.internals.ConsumerCoordinator  : [Consumer clientId=consumer-consumer-service-group-2, groupId=consumer-service-group] Request joining group due to: rebalance failed due to 'This is not the correct coordinator.' (NotCoordinatorException)
kafka_compose                   | [2026-09-25 22:06:00,560] INFO [ExpirationReaper-1-Fetch]: Starting (org.apache.kafka.server.purgatory.DelayedOperationPurgatory$ExpiredOperationReaper)
email-sender-1                  | 2026-09-25T22:06:51.210Z  INFO 1 --- [ntainer#1-0-C-1] o.a.k.c.c.internals.ConsumerCoordinator  : [Consumer clientId=consumer-consumer-service-group-2, groupId=consumer-service-group] (Re-)joining group
email-sender-1                  | 2026-09-25T22:06:51.224Z  INFO 1 --- [ntainer#0-0-C-1] o.a.k.c.c.internals.ConsumerCoordinator  : [Consumer clientId=consumer-summary-email-service-group-1, groupId=summary-email-service-group] Discovered group coordinator kafka:9092 (id: 2147483646 rack: null isFenced: false)
email-sender-1                  | 2026-09-25T22:06:51.228Z  INFO 1 --- [ntainer#0-0-C-1] o.a.k.c.c.internals.ConsumerCoordinator  : [Consumer clientId=consumer-summary-email-service-group-1, groupId=summary-email-service-group] Request joining group due to: rebalance failed due to 'This is not the correct coordinator.' (NotCoordinatorException)
email-sender-1                  | 2026-09-25T22:06:51.230Z  INFO 1 --- [ntainer#0-0-C-1] o.a.k.c.c.internals.ConsumerCoordinator  : [Consumer clientId=consumer-summary-email-service-group-1, groupId=summary-email-service-group] (Re-)joining group
email-sender-1                  | 2026-09-25T22:06:51.231Z  INFO 1 --- [ntainer#1-0-C-1] o.a.k.c.c.internals.ConsumerCoordinator  : [Consumer clientId=consumer-consumer-service-group-2, groupId=consumer-service-group] Group coordinator kafka:9092 (id: 2147483646 rack: null isFenced: false) is unavailable or invalid due to cause: error response NOT_COORDINATOR. isDisconnected: false. Rediscovery will be attempted.
email-sender-1                  | 2026-09-25T22:06:51.236Z  INFO 1 --- [ntainer#1-0-C-1] o.a.k.c.c.internals.ConsumerCoordinator  : [Consumer clientId=consumer-consumer-service-group-2, groupId=consumer-service-group] Requesting disconnect from last known coordinator kafka:9092 (id: 2147483646 rack: null isFenced: false)
kafka_compose                   | [2026-09-25 22:06:00,566] INFO [ExpirationReaper-1-DeleteRecords]: Starting (org.apache.kafka.server.purgatory.DelayedOperationPurgatory$ExpiredOperationReaper)
kafka_compose                   | [2026-09-25 22:06:00,569] INFO [ExpirationReaper-1-RemoteFetch]: Starting (org.apache.kafka.server.purgatory.DelayedOperationPurgatory$ExpiredOperationReaper)
kafka_compose                   | [2026-09-25 22:06:00,574] INFO [ExpirationReaper-1-RemoteListOffsets]: Starting (org.apache.kafka.server.purgatory.DelayedOperationPurgatory$ExpiredOperationReaper)
kafka_compose                   | [2026-09-25 22:06:00,577] INFO [ExpirationReaper-1-ShareFetch]: Starting (org.apache.kafka.server.purgatory.DelayedOperationPurgatory$ExpiredOperationReaper)
kafka_compose                   | [2026-09-25 22:06:00,598] INFO [share-coordinator-reaper]: Starting (org.apache.kafka.server.util.timer.SystemTimerReaper$Reaper)
email-sender-1                  | 2026-09-25T22:06:51.239Z  INFO 1 --- [ntainer#1-0-C-1] o.a.k.c.c.internals.ConsumerCoordinator  : [Consumer clientId=consumer-consumer-service-group-2, groupId=consumer-service-group] JoinGroup failed: This is not the correct coordinator. Marking coordinator unknown. Sent generation was Generation{generationId=-1, memberId='', protocol='null'}
email-sender-1                  | 2026-09-25T22:06:51.241Z  INFO 1 --- [ntainer#1-0-C-1] org.apache.kafka.clients.NetworkClient   : [Consumer clientId=consumer-consumer-service-group-2, groupId=consumer-service-group] Client requested disconnect from node 2147483646
email-sender-1                  | 2026-09-25T22:06:51.265Z  INFO 1 --- [ntainer#0-0-C-1] o.a.k.c.c.internals.ConsumerCoordinator  : [Consumer clientId=consumer-summary-email-service-group-1, groupId=summary-email-service-group] Group coordinator kafka:9092 (id: 2147483646 rack: null isFenced: false) is unavailable or invalid due to cause: error response NOT_COORDINATOR. isDisconnected: false. Rediscovery will be attempted.
kafka_compose                   | [2026-09-25 22:06:00,618] INFO [share-coordinator-event-processor-0]: Starting (org.apache.kafka.coordinator.common.runtime.MultiThreadedEventProcessor$EventProcessorThread)
kafka_compose                   | [2026-09-25 22:06:00,628] INFO [persister-state-manager-reaper]: Starting (org.apache.kafka.server.util.timer.SystemTimerReaper$Reaper)
email-sender-1                  | 2026-09-25T22:06:51.266Z  INFO 1 --- [ntainer#0-0-C-1] o.a.k.c.c.internals.ConsumerCoordinator  : [Consumer clientId=consumer-summary-email-service-group-1, groupId=summary-email-service-group] Requesting disconnect from last known coordinator kafka:9092 (id: 2147483646 rack: null isFenced: false)
email-sender-1                  | 2026-09-25T22:06:51.267Z  INFO 1 --- [ntainer#0-0-C-1] o.a.k.c.c.internals.ConsumerCoordinator  : [Consumer clientId=consumer-summary-email-service-group-1, groupId=summary-email-service-group] JoinGroup failed: This is not the correct coordinator. Marking coordinator unknown. Sent generation was Generation{generationId=-1, memberId='', protocol='null'}
email-sender-1                  | 2026-09-25T22:06:51.268Z  INFO 1 --- [ntainer#1-0-C-1] o.a.k.c.c.internals.ConsumerCoordinator  : [Consumer clientId=consumer-consumer-service-group-2, groupId=consumer-service-group] Discovered group coordinator kafka:9092 (id: 2147483646 rack: null isFenced: false)
email-sender-1                  | 2026-09-25T22:06:51.269Z  INFO 1 --- [ntainer#1-0-C-1] o.a.k.c.c.internals.ConsumerCoordinator  : [Consumer clientId=consumer-consumer-service-group-2, groupId=consumer-service-group] Group coordinator kafka:9092 (id: 2147483646 rack: null isFenced: false) is unavailable or invalid due to cause: coordinator unavailable. isDisconnected: false. Rediscovery will be attempted.
email-sender-1                  | 2026-09-25T22:06:51.270Z  INFO 1 --- [ntainer#1-0-C-1] o.a.k.c.c.internals.ConsumerCoordinator  : [Consumer clientId=consumer-consumer-service-group-2, groupId=consumer-service-group] Requesting disconnect from last known coordinator kafka:9092 (id: 2147483646 rack: null isFenced: false)
email-sender-1                  | 2026-09-25T22:06:51.271Z  INFO 1 --- [ntainer#0-0-C-1] org.apache.kafka.clients.NetworkClient   : [Consumer clientId=consumer-summary-email-service-group-1, groupId=summary-email-service-group] Client requested disconnect from node 2147483646
kafka_compose                   | [2026-09-25 22:06:00,630] INFO [PersisterStateManager]: Starting (org.apache.kafka.server.share.persister.PersisterStateManager$SendThread)
kafka_compose                   | [2026-09-25 22:06:00,633] INFO [network-partition-metadata-client-reaper]: Starting (org.apache.kafka.server.util.timer.SystemTimerReaper$Reaper)
kafka_compose                   | [2026-09-25 22:06:00,631] INFO [group-coordinator-reaper]: Starting (org.apache.kafka.server.util.timer.SystemTimerReaper$Reaper)
kafka_compose                   | [2026-09-25 22:06:00,659] INFO [group-coordinator-event-processor-0]: Starting (org.apache.kafka.coordinator.common.runtime.MultiThreadedEventProcessor$EventProcessorThread)
kafka_compose                   | [2026-09-25 22:06:00,659] INFO [group-coordinator-event-processor-1]: Starting (org.apache.kafka.coordinator.common.runtime.MultiThreadedEventProcessor$EventProcessorThread)
kafka_compose                   | [2026-09-25 22:06:00,660] INFO [group-coordinator-event-processor-2]: Starting (org.apache.kafka.coordinator.common.runtime.MultiThreadedEventProcessor$EventProcessorThread)
kafka_compose                   | [2026-09-25 22:06:00,663] INFO [group-coordinator-event-processor-3]: Starting (org.apache.kafka.coordinator.common.runtime.MultiThreadedEventProcessor$EventProcessorThread)
kafka_compose                   | [2026-09-25 22:06:00,695] INFO Unable to read the broker epoch in /tmp/kafka-logs. (kafka.log.LogManager)
kafka_compose                   | [2026-09-25 22:06:00,697] INFO [broker-1-to-controller-heartbeat-channel-manager]: Starting (org.apache.kafka.server.NodeToControllerRequestThread)
kafka_compose                   | [2026-09-25 22:06:00,698] INFO Recorded new KRaft controller, from now on will use node kafka:29093 (id: 1 rack: null isFenced: false) (org.apache.kafka.server.NodeToControllerRequestThread)
kafka_compose                   | [2026-09-25 22:06:00,702] INFO [BrokerLifecycleManager id=1] Incarnation x5OgRzVSR-Kwe7MJty38pg of broker 1 in cluster 4L6g3nShT-eMCtK--X86sw is now STARTING. (org.apache.kafka.server.BrokerLifecycleManager)
kafka_compose                   | [2026-09-25 22:06:00,728] INFO [share-group-lock-timeout-reaper]: Starting (org.apache.kafka.server.util.timer.SystemTimerReaper$Reaper)
kafka_compose                   | [2026-09-25 22:06:00,747] INFO [ExpirationReaper-1-AlterAcls]: Starting (org.apache.kafka.server.purgatory.DelayedOperationPurgatory$ExpiredOperationReaper)
email-sender-1                  | 2026-09-25T22:06:51.284Z  INFO 1 --- [ntainer#0-0-C-1] o.a.k.c.c.internals.ConsumerCoordinator  : [Consumer clientId=consumer-summary-email-service-group-1, groupId=summary-email-service-group] Discovered group coordinator kafka:9092 (id: 2147483646 rack: null isFenced: false)
email-sender-1                  | 2026-09-25T22:06:51.285Z  INFO 1 --- [ntainer#0-0-C-1] o.a.k.c.c.internals.ConsumerCoordinator  : [Consumer clientId=consumer-summary-email-service-group-1, groupId=summary-email-service-group] Group coordinator kafka:9092 (id: 2147483646 rack: null isFenced: false) is unavailable or invalid due to cause: coordinator unavailable. isDisconnected: false. Rediscovery will be attempted.
email-sender-1                  | 2026-09-25T22:06:51.285Z  INFO 1 --- [ntainer#0-0-C-1] o.a.k.c.c.internals.ConsumerCoordinator  : [Consumer clientId=consumer-summary-email-service-group-1, groupId=summary-email-service-group] Requesting disconnect from last known coordinator kafka:9092 (id: 2147483646 rack: null isFenced: false)
kafka_compose                   | [2026-09-25 22:06:00,807] INFO [BrokerServer id=1] Waiting for the broker metadata publishers to be installed (kafka.server.BrokerServer)
kafka_compose                   | [2026-09-25 22:06:00,810] INFO [BrokerServer id=1] Finished waiting for the broker metadata publishers to be installed (kafka.server.BrokerServer)
email-sender-1                  | 2026-09-25T22:06:51.407Z  INFO 1 --- [ntainer#1-0-C-1] o.a.k.c.c.internals.ConsumerCoordinator  : [Consumer clientId=consumer-consumer-service-group-2, groupId=consumer-service-group] Discovered group coordinator kafka:9092 (id: 2147483646 rack: null isFenced: false)
email-sender-1                  | 2026-09-25T22:06:51.415Z  INFO 1 --- [ntainer#1-0-C-1] o.a.k.c.c.internals.ConsumerCoordinator  : [Consumer clientId=consumer-consumer-service-group-2, groupId=consumer-service-group] Request joining group due to: rebalance failed due to 'This is not the correct coordinator.' (NotCoordinatorException)
kafka_compose                   | [2026-09-25 22:06:00,811] INFO [BrokerServer id=1] Waiting for the controller to acknowledge that we are caught up (kafka.server.BrokerServer)
kafka_compose                   | [2026-09-25 22:06:00,812] INFO [MetadataLoader id=1] InitializeNewPublishers: initializing MetadataVersionPublisher(id=1) with a snapshot at offset 11 (org.apache.kafka.image.loader.MetadataLoader)
email-sender-1                  | 2026-09-25T22:06:51.417Z  INFO 1 --- [ntainer#1-0-C-1] o.a.k.c.c.internals.ConsumerCoordinator  : [Consumer clientId=consumer-consumer-service-group-2, groupId=consumer-service-group] (Re-)joining group
email-sender-1                  | 2026-09-25T22:06:51.425Z  INFO 1 --- [ntainer#0-0-C-1] o.a.k.c.c.internals.ConsumerCoordinator  : [Consumer clientId=consumer-summary-email-service-group-1, groupId=summary-email-service-group] Discovered group coordinator kafka:9092 (id: 2147483646 rack: null isFenced: false)
email-sender-1                  | 2026-09-25T22:06:51.429Z  INFO 1 --- [ntainer#0-0-C-1] o.a.k.c.c.internals.ConsumerCoordinator  : [Consumer clientId=consumer-summary-email-service-group-1, groupId=summary-email-service-group] Request joining group due to: rebalance failed due to 'This is not the correct coordinator.' (NotCoordinatorException)
email-sender-1                  | 2026-09-25T22:06:51.433Z  INFO 1 --- [ntainer#0-0-C-1] o.a.k.c.c.internals.ConsumerCoordinator  : [Consumer clientId=consumer-summary-email-service-group-1, groupId=summary-email-service-group] (Re-)joining group
email-sender-1                  | 2026-09-25T22:06:51.445Z  INFO 1 --- [ntainer#1-0-C-1] o.a.k.c.c.internals.ConsumerCoordinator  : [Consumer clientId=consumer-consumer-service-group-2, groupId=consumer-service-group] Group coordinator kafka:9092 (id: 2147483646 rack: null isFenced: false) is unavailable or invalid due to cause: error response NOT_COORDINATOR. isDisconnected: false. Rediscovery will be attempted.
email-sender-1                  | 2026-09-25T22:06:51.446Z  INFO 1 --- [ntainer#1-0-C-1] o.a.k.c.c.internals.ConsumerCoordinator  : [Consumer clientId=consumer-consumer-service-group-2, groupId=consumer-service-group] Requesting disconnect from last known coordinator kafka:9092 (id: 2147483646 rack: null isFenced: false)
email-sender-1                  | 2026-09-25T22:06:51.447Z  INFO 1 --- [ntainer#1-0-C-1] o.a.k.c.c.internals.ConsumerCoordinator  : [Consumer clientId=consumer-consumer-service-group-2, groupId=consumer-service-group] JoinGroup failed: This is not the correct coordinator. Marking coordinator unknown. Sent generation was Generation{generationId=-1, memberId='', protocol='null'}
email-sender-1                  | 2026-09-25T22:06:51.449Z  INFO 1 --- [ntainer#1-0-C-1] org.apache.kafka.clients.NetworkClient   : [Consumer clientId=consumer-consumer-service-group-2, groupId=consumer-service-group] Client requested disconnect from node 2147483646
email-sender-1                  | 2026-09-25T22:06:51.460Z  INFO 1 --- [ntainer#0-0-C-1] o.a.k.c.c.internals.ConsumerCoordinator  : [Consumer clientId=consumer-summary-email-service-group-1, groupId=summary-email-service-group] Group coordinator kafka:9092 (id: 2147483646 rack: null isFenced: false) is unavailable or invalid due to cause: error response NOT_COORDINATOR. isDisconnected: false. Rediscovery will be attempted.
kafka_compose                   | [2026-09-25 22:06:00,813] INFO [MetadataLoader id=1] InitializeNewPublishers: initializing BrokerMetadataPublisher with a snapshot at offset 11 (org.apache.kafka.image.loader.MetadataLoader)
kafka_compose                   | [2026-09-25 22:06:00,821] INFO [BrokerLifecycleManager id=1] Successfully registered broker 1 with broker epoch 12 (org.apache.kafka.server.BrokerLifecycleManager)
kafka_compose                   | [2026-09-25 22:06:00,821] INFO [BrokerMetadataPublisher id=1] Publishing initial metadata at offset OffsetAndEpoch[offset=11, epoch=1] with metadata.version Optional[4.3-IV0]. (kafka.server.metadata.BrokerMetadataPublisher)
kafka_compose                   | [2026-09-25 22:06:00,827] INFO Loading logs from log dirs ArrayBuffer(/tmp/kafka-logs) (kafka.log.LogManager)
kafka_compose                   | [2026-09-25 22:06:00,853] INFO No logs found to be loaded in /tmp/kafka-logs (kafka.log.LogManager)
email-sender-1                  | 2026-09-25T22:06:51.460Z  INFO 1 --- [ntainer#0-0-C-1] o.a.k.c.c.internals.ConsumerCoordinator  : [Consumer clientId=consumer-summary-email-service-group-1, groupId=summary-email-service-group] Requesting disconnect from last known coordinator kafka:9092 (id: 2147483646 rack: null isFenced: false)
email-sender-1                  | 2026-09-25T22:06:51.461Z  INFO 1 --- [ntainer#0-0-C-1] o.a.k.c.c.internals.ConsumerCoordinator  : [Consumer clientId=consumer-summary-email-service-group-1, groupId=summary-email-service-group] JoinGroup failed: This is not the correct coordinator. Marking coordinator unknown. Sent generation was Generation{generationId=-1, memberId='', protocol='null'}
email-sender-1                  | 2026-09-25T22:06:51.461Z  INFO 1 --- [ntainer#0-0-C-1] org.apache.kafka.clients.NetworkClient   : [Consumer clientId=consumer-summary-email-service-group-1, groupId=summary-email-service-group] Client requested disconnect from node 2147483646
email-sender-1                  | 2026-09-25T22:06:51.466Z  INFO 1 --- [ntainer#1-0-C-1] o.a.k.c.c.internals.ConsumerCoordinator  : [Consumer clientId=consumer-consumer-service-group-2, groupId=consumer-service-group] Discovered group coordinator kafka:9092 (id: 2147483646 rack: null isFenced: false)
email-sender-1                  | 2026-09-25T22:06:51.466Z  INFO 1 --- [ntainer#1-0-C-1] o.a.k.c.c.internals.ConsumerCoordinator  : [Consumer clientId=consumer-consumer-service-group-2, groupId=consumer-service-group] Group coordinator kafka:9092 (id: 2147483646 rack: null isFenced: false) is unavailable or invalid due to cause: coordinator unavailable. isDisconnected: false. Rediscovery will be attempted.
email-sender-1                  | 2026-09-25T22:06:51.467Z  INFO 1 --- [ntainer#0-0-C-1] o.a.k.c.c.internals.ConsumerCoordinator  : [Consumer clientId=consumer-summary-email-service-group-1, groupId=summary-email-service-group] Discovered group coordinator kafka:9092 (id: 2147483646 rack: null isFenced: false)
email-sender-1                  | 2026-09-25T22:06:51.467Z  INFO 1 --- [ntainer#0-0-C-1] o.a.k.c.c.internals.ConsumerCoordinator  : [Consumer clientId=consumer-summary-email-service-group-1, groupId=summary-email-service-group] Group coordinator kafka:9092 (id: 2147483646 rack: null isFenced: false) is unavailable or invalid due to cause: coordinator unavailable. isDisconnected: false. Rediscovery will be attempted.
email-sender-1                  | 2026-09-25T22:06:51.468Z  INFO 1 --- [ntainer#0-0-C-1] o.a.k.c.c.internals.ConsumerCoordinator  : [Consumer clientId=consumer-summary-email-service-group-1, groupId=summary-email-service-group] Requesting disconnect from last known coordinator kafka:9092 (id: 2147483646 rack: null isFenced: false)
email-sender-1                  | 2026-09-25T22:06:51.467Z  INFO 1 --- [ntainer#1-0-C-1] o.a.k.c.c.internals.ConsumerCoordinator  : [Consumer clientId=consumer-consumer-service-group-2, groupId=consumer-service-group] Requesting disconnect from last known coordinator kafka:9092 (id: 2147483646 rack: null isFenced: false)
email-sender-1                  | 2026-09-25T22:06:51.562Z  INFO 1 --- [ntainer#0-0-C-1] o.a.k.c.c.internals.ConsumerCoordinator  : [Consumer clientId=consumer-summary-email-service-group-1, groupId=summary-email-service-group] Discovered group coordinator kafka:9092 (id: 2147483646 rack: null isFenced: false)
email-sender-1                  | 2026-09-25T22:06:51.565Z  INFO 1 --- [ntainer#0-0-C-1] o.a.k.c.c.internals.ConsumerCoordinator  : [Consumer clientId=consumer-summary-email-service-group-1, groupId=summary-email-service-group] Request joining group due to: rebalance failed due to 'This is not the correct coordinator.' (NotCoordinatorException)
email-sender-1                  | 2026-09-25T22:06:51.567Z  INFO 1 --- [ntainer#0-0-C-1] o.a.k.c.c.internals.ConsumerCoordinator  : [Consumer clientId=consumer-summary-email-service-group-1, groupId=summary-email-service-group] (Re-)joining group
email-sender-1                  | 2026-09-25T22:06:51.575Z  INFO 1 --- [ntainer#0-0-C-1] o.a.k.c.c.internals.ConsumerCoordinator  : [Consumer clientId=consumer-summary-email-service-group-1, groupId=summary-email-service-group] Group coordinator kafka:9092 (id: 2147483646 rack: null isFenced: false) is unavailable or invalid due to cause: error response NOT_COORDINATOR. isDisconnected: false. Rediscovery will be attempted.
email-sender-1                  | 2026-09-25T22:06:51.576Z  INFO 1 --- [ntainer#0-0-C-1] o.a.k.c.c.internals.ConsumerCoordinator  : [Consumer clientId=consumer-summary-email-service-group-1, groupId=summary-email-service-group] Requesting disconnect from last known coordinator kafka:9092 (id: 2147483646 rack: null isFenced: false)
email-sender-1                  | 2026-09-25T22:06:51.577Z  INFO 1 --- [ntainer#1-0-C-1] o.a.k.c.c.internals.ConsumerCoordinator  : [Consumer clientId=consumer-consumer-service-group-2, groupId=consumer-service-group] Discovered group coordinator kafka:9092 (id: 2147483646 rack: null isFenced: false)
email-sender-1                  | 2026-09-25T22:06:51.577Z  INFO 1 --- [ntainer#0-0-C-1] o.a.k.c.c.internals.ConsumerCoordinator  : [Consumer clientId=consumer-summary-email-service-group-1, groupId=summary-email-service-group] JoinGroup failed: This is not the correct coordinator. Marking coordinator unknown. Sent generation was Generation{generationId=-1, memberId='', protocol='null'}
email-sender-1                  | 2026-09-25T22:06:51.577Z  INFO 1 --- [ntainer#0-0-C-1] org.apache.kafka.clients.NetworkClient   : [Consumer clientId=consumer-summary-email-service-group-1, groupId=summary-email-service-group] Client requested disconnect from node 2147483646
email-sender-1                  | 2026-09-25T22:06:51.581Z  INFO 1 --- [ntainer#1-0-C-1] o.a.k.c.c.internals.ConsumerCoordinator  : [Consumer clientId=consumer-consumer-service-group-2, groupId=consumer-service-group] Request joining group due to: rebalance failed due to 'This is not the correct coordinator.' (NotCoordinatorException)
kafka_compose                   | [2026-09-25 22:06:00,922] INFO Loaded 0 logs in 66ms (kafka.log.LogManager)
kafka_compose                   | [2026-09-25 22:06:00,933] INFO Starting log cleanup with a period of 300000 ms. (kafka.log.LogManager)
kafka_compose                   | [2026-09-25 22:06:00,941] INFO Starting log flusher with a default period of 9223372036854775807 ms. (kafka.log.LogManager)
kafka_compose                   | [2026-09-25 22:06:01,155] INFO [LogDirFailureHandler]: Starting (kafka.server.ReplicaManager$LogDirFailureHandler)
kafka_compose                   | [2026-09-25 22:06:01,171] INFO [AddPartitionsToTxnSenderThread-1]: Starting (org.apache.kafka.server.transaction.AddPartitionsToTxnManager)
email-sender-1                  | 2026-09-25T22:06:51.583Z  INFO 1 --- [ntainer#0-0-C-1] o.a.k.c.c.internals.ConsumerCoordinator  : [Consumer clientId=consumer-summary-email-service-group-1, groupId=summary-email-service-group] Discovered group coordinator kafka:9092 (id: 2147483646 rack: null isFenced: false)
email-sender-1                  | 2026-09-25T22:06:51.584Z  INFO 1 --- [ntainer#0-0-C-1] o.a.k.c.c.internals.ConsumerCoordinator  : [Consumer clientId=consumer-summary-email-service-group-1, groupId=summary-email-service-group] Group coordinator kafka:9092 (id: 2147483646 rack: null isFenced: false) is unavailable or invalid due to cause: coordinator unavailable. isDisconnected: false. Rediscovery will be attempted.
kafka_compose                   | [2026-09-25 22:06:01,172] INFO [GroupCoordinator id=1] Starting up. (org.apache.kafka.coordinator.group.GroupCoordinatorService)
kafka_compose                   | [2026-09-25 22:06:01,174] INFO [GroupCoordinator id=1] Startup complete. (org.apache.kafka.coordinator.group.GroupCoordinatorService)
kafka_compose                   | [2026-09-25 22:06:01,185] INFO [TransactionCoordinator id=1] Starting up. (kafka.coordinator.transaction.TransactionCoordinator)
kafka_compose                   | [2026-09-25 22:06:01,206] INFO [TransactionCoordinator id=1] Startup complete. (kafka.coordinator.transaction.TransactionCoordinator)
kafka_compose                   | [2026-09-25 22:06:01,207] INFO [TxnMarkerSenderThread-1]: Starting (kafka.coordinator.transaction.TransactionMarkerChannelManager)
kafka_compose                   | [2026-09-25 22:06:01,207] INFO [ShareCoordinator id=1] Starting up. (org.apache.kafka.coordinator.share.ShareCoordinatorService)
email-sender-1                  | 2026-09-25T22:06:51.584Z  INFO 1 --- [ntainer#0-0-C-1] o.a.k.c.c.internals.ConsumerCoordinator  : [Consumer clientId=consumer-summary-email-service-group-1, groupId=summary-email-service-group] Requesting disconnect from last known coordinator kafka:9092 (id: 2147483646 rack: null isFenced: false)
email-sender-1                  | 2026-09-25T22:06:51.584Z  INFO 1 --- [ntainer#1-0-C-1] o.a.k.c.c.internals.ConsumerCoordinator  : [Consumer clientId=consumer-consumer-service-group-2, groupId=consumer-service-group] (Re-)joining group
email-sender-1                  | 2026-09-25T22:06:51.597Z  INFO 1 --- [ntainer#1-0-C-1] o.a.k.c.c.internals.ConsumerCoordinator  : [Consumer clientId=consumer-consumer-service-group-2, groupId=consumer-service-group] Group coordinator kafka:9092 (id: 2147483646 rack: null isFenced: false) is unavailable or invalid due to cause: error response NOT_COORDINATOR. isDisconnected: false. Rediscovery will be attempted.
kafka_compose                   | [2026-09-25 22:06:01,209] INFO [ShareCoordinator id=1] Startup complete. (org.apache.kafka.coordinator.share.ShareCoordinatorService)
kafka_compose                   | [2026-09-25 22:06:01,234] INFO [DynamicConfigPublisher broker id=1] Updating cluster configuration : min.insync.replicas -> 1 (kafka.server.metadata.DynamicConfigPublisher)
kafka_compose                   | [2026-09-25 22:06:01,244] INFO AbstractConfig values: 
email-sender-1                  | 2026-09-25T22:06:51.597Z  INFO 1 --- [ntainer#1-0-C-1] o.a.k.c.c.internals.ConsumerCoordinator  : [Consumer clientId=consumer-consumer-service-group-2, groupId=consumer-service-group] Requesting disconnect from last known coordinator kafka:9092 (id: 2147483646 rack: null isFenced: false)
email-sender-1                  | 2026-09-25T22:06:51.598Z  INFO 1 --- [ntainer#1-0-C-1] o.a.k.c.c.internals.ConsumerCoordinator  : [Consumer clientId=consumer-consumer-service-group-2, groupId=consumer-service-group] JoinGroup failed: This is not the correct coordinator. Marking coordinator unknown. Sent generation was Generation{generationId=-1, memberId='', protocol='null'}
email-sender-1                  | 2026-09-25T22:06:51.598Z  INFO 1 --- [ntainer#1-0-C-1] org.apache.kafka.clients.NetworkClient   : [Consumer clientId=consumer-consumer-service-group-2, groupId=consumer-service-group] Client requested disconnect from node 2147483646
email-sender-1                  | 2026-09-25T22:06:51.605Z  INFO 1 --- [ntainer#1-0-C-1] o.a.k.c.c.internals.ConsumerCoordinator  : [Consumer clientId=consumer-consumer-service-group-2, groupId=consumer-service-group] Discovered group coordinator kafka:9092 (id: 2147483646 rack: null isFenced: false)
email-sender-1                  | 2026-09-25T22:06:51.607Z  INFO 1 --- [ntainer#1-0-C-1] o.a.k.c.c.internals.ConsumerCoordinator  : [Consumer clientId=consumer-consumer-service-group-2, groupId=consumer-service-group] Group coordinator kafka:9092 (id: 2147483646 rack: null isFenced: false) is unavailable or invalid due to cause: coordinator unavailable. isDisconnected: false. Rediscovery will be attempted.
email-sender-1                  | 2026-09-25T22:06:51.608Z  INFO 1 --- [ntainer#1-0-C-1] o.a.k.c.c.internals.ConsumerCoordinator  : [Consumer clientId=consumer-consumer-service-group-2, groupId=consumer-service-group] Requesting disconnect from last known coordinator kafka:9092 (id: 2147483646 rack: null isFenced: false)
kafka_compose                   | 	group.consumer.assignment.interval.ms = 1000
kafka_compose                   | 	group.consumer.assignors = [uniform, range]
email-sender-1                  | 2026-09-25T22:06:51.705Z  INFO 1 --- [ntainer#0-0-C-1] o.a.k.c.c.internals.ConsumerCoordinator  : [Consumer clientId=consumer-summary-email-service-group-1, groupId=summary-email-service-group] Discovered group coordinator kafka:9092 (id: 2147483646 rack: null isFenced: false)
email-sender-1                  | 2026-09-25T22:06:51.708Z  INFO 1 --- [ntainer#0-0-C-1] o.a.k.c.c.internals.ConsumerCoordinator  : [Consumer clientId=consumer-summary-email-service-group-1, groupId=summary-email-service-group] Request joining group due to: rebalance failed due to 'This is not the correct coordinator.' (NotCoordinatorException)
email-sender-1                  | 2026-09-25T22:06:51.710Z  INFO 1 --- [ntainer#0-0-C-1] o.a.k.c.c.internals.ConsumerCoordinator  : [Consumer clientId=consumer-summary-email-service-group-1, groupId=summary-email-service-group] (Re-)joining group
email-sender-1                  | 2026-09-25T22:06:51.722Z  INFO 1 --- [ntainer#0-0-C-1] o.a.k.c.c.internals.ConsumerCoordinator  : [Consumer clientId=consumer-summary-email-service-group-1, groupId=summary-email-service-group] Group coordinator kafka:9092 (id: 2147483646 rack: null isFenced: false) is unavailable or invalid due to cause: error response NOT_COORDINATOR. isDisconnected: false. Rediscovery will be attempted.
email-sender-1                  | 2026-09-25T22:06:51.723Z  INFO 1 --- [ntainer#0-0-C-1] o.a.k.c.c.internals.ConsumerCoordinator  : [Consumer clientId=consumer-summary-email-service-group-1, groupId=summary-email-service-group] Requesting disconnect from last known coordinator kafka:9092 (id: 2147483646 rack: null isFenced: false)
kafka_compose                   | 	group.consumer.heartbeat.interval.ms = 5000
kafka_compose                   | 	group.consumer.max.assignment.interval.ms = 15000
email-sender-1                  | 2026-09-25T22:06:51.724Z  INFO 1 --- [ntainer#0-0-C-1] o.a.k.c.c.internals.ConsumerCoordinator  : [Consumer clientId=consumer-summary-email-service-group-1, groupId=summary-email-service-group] JoinGroup failed: This is not the correct coordinator. Marking coordinator unknown. Sent generation was Generation{generationId=-1, memberId='', protocol='null'}
email-sender-1                  | 2026-09-25T22:06:51.724Z  INFO 1 --- [ntainer#0-0-C-1] org.apache.kafka.clients.NetworkClient   : [Consumer clientId=consumer-summary-email-service-group-1, groupId=summary-email-service-group] Client requested disconnect from node 2147483646
email-sender-1                  | 2026-09-25T22:06:51.732Z  INFO 1 --- [ntainer#1-0-C-1] o.a.k.c.c.internals.ConsumerCoordinator  : [Consumer clientId=consumer-consumer-service-group-2, groupId=consumer-service-group] Discovered group coordinator kafka:9092 (id: 2147483646 rack: null isFenced: false)
kafka_compose                   | 	group.consumer.max.heartbeat.interval.ms = 15000
kafka_compose                   | 	group.consumer.max.session.timeout.ms = 60000
email-sender-1                  | 2026-09-25T22:06:51.735Z  INFO 1 --- [ntainer#0-0-C-1] o.a.k.c.c.internals.ConsumerCoordinator  : [Consumer clientId=consumer-summary-email-service-group-1, groupId=summary-email-service-group] Discovered group coordinator kafka:9092 (id: 2147483646 rack: null isFenced: false)
email-sender-1                  | 2026-09-25T22:06:51.737Z  INFO 1 --- [ntainer#0-0-C-1] o.a.k.c.c.internals.ConsumerCoordinator  : [Consumer clientId=consumer-summary-email-service-group-1, groupId=summary-email-service-group] Group coordinator kafka:9092 (id: 2147483646 rack: null isFenced: false) is unavailable or invalid due to cause: coordinator unavailable. isDisconnected: false. Rediscovery will be attempted.
kafka_compose                   | 	group.consumer.max.size = 2147483647
kafka_compose                   | 	group.consumer.migration.policy = bidirectional
kafka_compose                   | 	group.consumer.min.assignment.interval.ms = 0
kafka_compose                   | 	group.consumer.min.heartbeat.interval.ms = 5000
email-sender-1                  | 2026-09-25T22:06:51.738Z  INFO 1 --- [ntainer#0-0-C-1] o.a.k.c.c.internals.ConsumerCoordinator  : [Consumer clientId=consumer-summary-email-service-group-1, groupId=summary-email-service-group] Requesting disconnect from last known coordinator kafka:9092 (id: 2147483646 rack: null isFenced: false)
email-sender-1                  | 2026-09-25T22:06:51.738Z  INFO 1 --- [ntainer#1-0-C-1] o.a.k.c.c.internals.ConsumerCoordinator  : [Consumer clientId=consumer-consumer-service-group-2, groupId=consumer-service-group] Request joining group due to: rebalance failed due to 'This is not the correct coordinator.' (NotCoordinatorException)
email-sender-1                  | 2026-09-25T22:06:51.741Z  INFO 1 --- [ntainer#1-0-C-1] o.a.k.c.c.internals.ConsumerCoordinator  : [Consumer clientId=consumer-consumer-service-group-2, groupId=consumer-service-group] (Re-)joining group
kafka_compose                   | 	group.consumer.min.session.timeout.ms = 45000
kafka_compose                   | 	group.consumer.regex.refresh.interval.ms = 600000
kafka_compose                   | 	group.consumer.session.timeout.ms = 45000
email-sender-1                  | 2026-09-25T22:06:51.760Z  INFO 1 --- [ntainer#1-0-C-1] o.a.k.c.c.internals.ConsumerCoordinator  : [Consumer clientId=consumer-consumer-service-group-2, groupId=consumer-service-group] Group coordinator kafka:9092 (id: 2147483646 rack: null isFenced: false) is unavailable or invalid due to cause: error response NOT_COORDINATOR. isDisconnected: false. Rediscovery will be attempted.
email-sender-1                  | 2026-09-25T22:06:51.761Z  INFO 1 --- [ntainer#1-0-C-1] o.a.k.c.c.internals.ConsumerCoordinator  : [Consumer clientId=consumer-consumer-service-group-2, groupId=consumer-service-group] Requesting disconnect from last known coordinator kafka:9092 (id: 2147483646 rack: null isFenced: false)
kafka_compose                   | 	group.coordinator.append.linger.ms = -1
kafka_compose                   | 	group.coordinator.background.threads = 2
kafka_compose                   | 	group.coordinator.cached.buffer.max.bytes = 1048588
kafka_compose                   | 	group.coordinator.rebalance.protocols = [classic, consumer, streams]
kafka_compose                   | 	group.coordinator.threads = 4
email-sender-1                  | 2026-09-25T22:06:51.761Z  INFO 1 --- [ntainer#1-0-C-1] o.a.k.c.c.internals.ConsumerCoordinator  : [Consumer clientId=consumer-consumer-service-group-2, groupId=consumer-service-group] JoinGroup failed: This is not the correct coordinator. Marking coordinator unknown. Sent generation was Generation{generationId=-1, memberId='', protocol='null'}
email-sender-1                  | 2026-09-25T22:06:51.762Z  INFO 1 --- [ntainer#1-0-C-1] org.apache.kafka.clients.NetworkClient   : [Consumer clientId=consumer-consumer-service-group-2, groupId=consumer-service-group] Client requested disconnect from node 2147483646
email-sender-1                  | 2026-09-25T22:06:51.768Z  INFO 1 --- [ntainer#1-0-C-1] o.a.k.c.c.internals.ConsumerCoordinator  : [Consumer clientId=consumer-consumer-service-group-2, groupId=consumer-service-group] Discovered group coordinator kafka:9092 (id: 2147483646 rack: null isFenced: false)
email-sender-1                  | 2026-09-25T22:06:51.768Z  INFO 1 --- [ntainer#1-0-C-1] o.a.k.c.c.internals.ConsumerCoordinator  : [Consumer clientId=consumer-consumer-service-group-2, groupId=consumer-service-group] Group coordinator kafka:9092 (id: 2147483646 rack: null isFenced: false) is unavailable or invalid due to cause: coordinator unavailable. isDisconnected: false. Rediscovery will be attempted.
email-sender-1                  | 2026-09-25T22:06:51.769Z  INFO 1 --- [ntainer#1-0-C-1] o.a.k.c.c.internals.ConsumerCoordinator  : [Consumer clientId=consumer-consumer-service-group-2, groupId=consumer-service-group] Requesting disconnect from last known coordinator kafka:9092 (id: 2147483646 rack: null isFenced: false)
kafka_compose                   | 	group.initial.rebalance.delay.ms = 3000
kafka_compose                   | 	group.max.session.timeout.ms = 1800000
kafka_compose                   | 	group.max.size = 2147483647
email-sender-1                  | 2026-09-25T22:06:51.851Z  INFO 1 --- [ntainer#0-0-C-1] o.a.k.c.c.internals.ConsumerCoordinator  : [Consumer clientId=consumer-summary-email-service-group-1, groupId=summary-email-service-group] Discovered group coordinator kafka:9092 (id: 2147483646 rack: null isFenced: false)
email-sender-1                  | 2026-09-25T22:06:51.854Z  INFO 1 --- [ntainer#0-0-C-1] o.a.k.c.c.internals.ConsumerCoordinator  : [Consumer clientId=consumer-summary-email-service-group-1, groupId=summary-email-service-group] Request joining group due to: rebalance failed due to 'This is not the correct coordinator.' (NotCoordinatorException)
email-sender-1                  | 2026-09-25T22:06:51.868Z  INFO 1 --- [ntainer#0-0-C-1] o.a.k.c.c.internals.ConsumerCoordinator  : [Consumer clientId=consumer-summary-email-service-group-1, groupId=summary-email-service-group] (Re-)joining group
kafka_compose                   | 	group.min.session.timeout.ms = 6000
kafka_compose                   | 	group.share.assignment.interval.ms = 1000
email-sender-1                  | 2026-09-25T22:06:51.870Z  INFO 1 --- [ntainer#1-0-C-1] o.a.k.c.c.internals.ConsumerCoordinator  : [Consumer clientId=consumer-consumer-service-group-2, groupId=consumer-service-group] Discovered group coordinator kafka:9092 (id: 2147483646 rack: null isFenced: false)
email-sender-1                  | 2026-09-25T22:06:51.884Z  INFO 1 --- [ntainer#1-0-C-1] o.a.k.c.c.internals.ConsumerCoordinator  : [Consumer clientId=consumer-consumer-service-group-2, groupId=consumer-service-group] Request joining group due to: rebalance failed due to 'This is not the correct coordinator.' (NotCoordinatorException)
email-sender-1                  | 2026-09-25T22:06:51.886Z  INFO 1 --- [ntainer#1-0-C-1] o.a.k.c.c.internals.ConsumerCoordinator  : [Consumer clientId=consumer-consumer-service-group-2, groupId=consumer-service-group] (Re-)joining group
kafka_compose                   | 	group.share.assignors = [simple]
kafka_compose                   | 	group.share.heartbeat.interval.ms = 5000
email-sender-1                  | 2026-09-25T22:06:51.901Z  INFO 1 --- [ntainer#0-0-C-1] o.a.k.c.c.internals.ConsumerCoordinator  : [Consumer clientId=consumer-summary-email-service-group-1, groupId=summary-email-service-group] Group coordinator kafka:9092 (id: 2147483646 rack: null isFenced: false) is unavailable or invalid due to cause: error response NOT_COORDINATOR. isDisconnected: false. Rediscovery will be attempted.
email-sender-1                  | 2026-09-25T22:06:51.903Z  INFO 1 --- [ntainer#0-0-C-1] o.a.k.c.c.internals.ConsumerCoordinator  : [Consumer clientId=consumer-summary-email-service-group-1, groupId=summary-email-service-group] Requesting disconnect from last known coordinator kafka:9092 (id: 2147483646 rack: null isFenced: false)
email-sender-1                  | 2026-09-25T22:06:51.919Z  INFO 1 --- [ntainer#0-0-C-1] o.a.k.c.c.internals.ConsumerCoordinator  : [Consumer clientId=consumer-summary-email-service-group-1, groupId=summary-email-service-group] JoinGroup failed: This is not the correct coordinator. Marking coordinator unknown. Sent generation was Generation{generationId=-1, memberId='', protocol='null'}
email-sender-1                  | 2026-09-25T22:06:51.920Z  INFO 1 --- [ntainer#0-0-C-1] org.apache.kafka.clients.NetworkClient   : [Consumer clientId=consumer-summary-email-service-group-1, groupId=summary-email-service-group] Client requested disconnect from node 2147483646
email-sender-1                  | 2026-09-25T22:06:51.935Z  INFO 1 --- [ntainer#1-0-C-1] o.a.k.c.c.internals.ConsumerCoordinator  : [Consumer clientId=consumer-consumer-service-group-2, groupId=consumer-service-group] Group coordinator kafka:9092 (id: 2147483646 rack: null isFenced: false) is unavailable or invalid due to cause: error response NOT_COORDINATOR. isDisconnected: false. Rediscovery will be attempted.
kafka_compose                   | 	group.share.initialize.retry.interval.ms = 30000
kafka_compose                   | 	group.share.max.assignment.interval.ms = 15000
kafka_compose                   | 	group.share.max.heartbeat.interval.ms = 15000
kafka_compose                   | 	group.share.max.session.timeout.ms = 60000
kafka_compose                   | 	group.share.max.size = 200
kafka_compose                   | 	group.share.min.assignment.interval.ms = 0
kafka_compose                   | 	group.share.min.heartbeat.interval.ms = 5000
kafka_compose                   | 	group.share.min.session.timeout.ms = 45000
email-sender-1                  | 2026-09-25T22:06:51.936Z  INFO 1 --- [ntainer#1-0-C-1] o.a.k.c.c.internals.ConsumerCoordinator  : [Consumer clientId=consumer-consumer-service-group-2, groupId=consumer-service-group] Requesting disconnect from last known coordinator kafka:9092 (id: 2147483646 rack: null isFenced: false)
email-sender-1                  | 2026-09-25T22:06:51.936Z  INFO 1 --- [ntainer#1-0-C-1] o.a.k.c.c.internals.ConsumerCoordinator  : [Consumer clientId=consumer-consumer-service-group-2, groupId=consumer-service-group] JoinGroup failed: This is not the correct coordinator. Marking coordinator unknown. Sent generation was Generation{generationId=-1, memberId='', protocol='null'}
kafka_compose                   | 	group.share.session.timeout.ms = 45000
kafka_compose                   | 	group.streams.assignment.interval.ms = 1000
kafka_compose                   | 	group.streams.heartbeat.interval.ms = 5000
kafka_compose                   | 	group.streams.initial.rebalance.delay.ms = 3000
email-sender-1                  | 2026-09-25T22:06:51.937Z  INFO 1 --- [ntainer#1-0-C-1] org.apache.kafka.clients.NetworkClient   : [Consumer clientId=consumer-consumer-service-group-2, groupId=consumer-service-group] Client requested disconnect from node 2147483646
email-sender-1                  | 2026-09-25T22:06:51.937Z  INFO 1 --- [ntainer#0-0-C-1] o.a.k.c.c.internals.ConsumerCoordinator  : [Consumer clientId=consumer-summary-email-service-group-1, groupId=summary-email-service-group] Discovered group coordinator kafka:9092 (id: 2147483646 rack: null isFenced: false)
email-sender-1                  | 2026-09-25T22:06:51.937Z  INFO 1 --- [ntainer#0-0-C-1] o.a.k.c.c.internals.ConsumerCoordinator  : [Consumer clientId=consumer-summary-email-service-group-1, groupId=summary-email-service-group] Group coordinator kafka:9092 (id: 2147483646 rack: null isFenced: false) is unavailable or invalid due to cause: coordinator unavailable. isDisconnected: false. Rediscovery will be attempted.
email-sender-1                  | 2026-09-25T22:06:51.938Z  INFO 1 --- [ntainer#0-0-C-1] o.a.k.c.c.internals.ConsumerCoordinator  : [Consumer clientId=consumer-summary-email-service-group-1, groupId=summary-email-service-group] Requesting disconnect from last known coordinator kafka:9092 (id: 2147483646 rack: null isFenced: false)
email-sender-1                  | 2026-09-25T22:06:51.954Z  INFO 1 --- [ntainer#1-0-C-1] o.a.k.c.c.internals.ConsumerCoordinator  : [Consumer clientId=consumer-consumer-service-group-2, groupId=consumer-service-group] Discovered group coordinator kafka:9092 (id: 2147483646 rack: null isFenced: false)
email-sender-1                  | 2026-09-25T22:06:51.955Z  INFO 1 --- [ntainer#1-0-C-1] o.a.k.c.c.internals.ConsumerCoordinator  : [Consumer clientId=consumer-consumer-service-group-2, groupId=consumer-service-group] Group coordinator kafka:9092 (id: 2147483646 rack: null isFenced: false) is unavailable or invalid due to cause: coordinator unavailable. isDisconnected: false. Rediscovery will be attempted.
email-sender-1                  | 2026-09-25T22:06:51.956Z  INFO 1 --- [ntainer#1-0-C-1] o.a.k.c.c.internals.ConsumerCoordinator  : [Consumer clientId=consumer-consumer-service-group-2, groupId=consumer-service-group] Requesting disconnect from last known coordinator kafka:9092 (id: 2147483646 rack: null isFenced: false)
email-sender-1                  | 2026-09-25T22:06:52.027Z  INFO 1 --- [ntainer#0-0-C-1] o.a.k.c.c.internals.ConsumerCoordinator  : [Consumer clientId=consumer-summary-email-service-group-1, groupId=summary-email-service-group] Discovered group coordinator kafka:9092 (id: 2147483646 rack: null isFenced: false)
email-sender-1                  | 2026-09-25T22:06:52.030Z  INFO 1 --- [ntainer#0-0-C-1] o.a.k.c.c.internals.ConsumerCoordinator  : [Consumer clientId=consumer-summary-email-service-group-1, groupId=summary-email-service-group] Request joining group due to: rebalance failed due to 'This is not the correct coordinator.' (NotCoordinatorException)
kafka_compose                   | 	group.streams.max.assignment.interval.ms = 15000
kafka_compose                   | 	group.streams.max.heartbeat.interval.ms = 15000
email-sender-1                  | 2026-09-25T22:06:52.031Z  INFO 1 --- [ntainer#0-0-C-1] o.a.k.c.c.internals.ConsumerCoordinator  : [Consumer clientId=consumer-summary-email-service-group-1, groupId=summary-email-service-group] (Re-)joining group
email-sender-1                  | 2026-09-25T22:06:52.048Z  INFO 1 --- [ntainer#0-0-C-1] o.a.k.c.c.internals.ConsumerCoordinator  : [Consumer clientId=consumer-summary-email-service-group-1, groupId=summary-email-service-group] Group coordinator kafka:9092 (id: 2147483646 rack: null isFenced: false) is unavailable or invalid due to cause: error response NOT_COORDINATOR. isDisconnected: false. Rediscovery will be attempted.
email-sender-1                  | 2026-09-25T22:06:52.049Z  INFO 1 --- [ntainer#0-0-C-1] o.a.k.c.c.internals.ConsumerCoordinator  : [Consumer clientId=consumer-summary-email-service-group-1, groupId=summary-email-service-group] Requesting disconnect from last known coordinator kafka:9092 (id: 2147483646 rack: null isFenced: false)
email-sender-1                  | 2026-09-25T22:06:52.049Z  INFO 1 --- [ntainer#0-0-C-1] o.a.k.c.c.internals.ConsumerCoordinator  : [Consumer clientId=consumer-summary-email-service-group-1, groupId=summary-email-service-group] JoinGroup failed: This is not the correct coordinator. Marking coordinator unknown. Sent generation was Generation{generationId=-1, memberId='', protocol='null'}
email-sender-1                  | 2026-09-25T22:06:52.050Z  INFO 1 --- [ntainer#0-0-C-1] org.apache.kafka.clients.NetworkClient   : [Consumer clientId=consumer-summary-email-service-group-1, groupId=summary-email-service-group] Client requested disconnect from node 2147483646
email-sender-1                  | 2026-09-25T22:06:52.067Z  INFO 1 --- [ntainer#0-0-C-1] o.a.k.c.c.internals.ConsumerCoordinator  : [Consumer clientId=consumer-summary-email-service-group-1, groupId=summary-email-service-group] Discovered group coordinator kafka:9092 (id: 2147483646 rack: null isFenced: false)
email-sender-1                  | 2026-09-25T22:06:52.068Z  INFO 1 --- [ntainer#0-0-C-1] o.a.k.c.c.internals.ConsumerCoordinator  : [Consumer clientId=consumer-summary-email-service-group-1, groupId=summary-email-service-group] Group coordinator kafka:9092 (id: 2147483646 rack: null isFenced: false) is unavailable or invalid due to cause: coordinator unavailable. isDisconnected: false. Rediscovery will be attempted.
kafka_compose                   | 	group.streams.max.session.timeout.ms = 60000
kafka_compose                   | 	group.streams.max.size = 2147483647
email-sender-1                  | 2026-09-25T22:06:52.069Z  INFO 1 --- [ntainer#0-0-C-1] o.a.k.c.c.internals.ConsumerCoordinator  : [Consumer clientId=consumer-summary-email-service-group-1, groupId=summary-email-service-group] Requesting disconnect from last known coordinator kafka:9092 (id: 2147483646 rack: null isFenced: false)
email-sender-1                  | 2026-09-25T22:06:52.078Z  INFO 1 --- [ntainer#1-0-C-1] o.a.k.c.c.internals.ConsumerCoordinator  : [Consumer clientId=consumer-consumer-service-group-2, groupId=consumer-service-group] Discovered group coordinator kafka:9092 (id: 2147483646 rack: null isFenced: false)
email-sender-1                  | 2026-09-25T22:06:52.082Z  INFO 1 --- [ntainer#1-0-C-1] o.a.k.c.c.internals.ConsumerCoordinator  : [Consumer clientId=consumer-consumer-service-group-2, groupId=consumer-service-group] Request joining group due to: rebalance failed due to 'This is not the correct coordinator.' (NotCoordinatorException)
email-sender-1                  | 2026-09-25T22:06:52.097Z  INFO 1 --- [ntainer#1-0-C-1] o.a.k.c.c.internals.ConsumerCoordinator  : [Consumer clientId=consumer-consumer-service-group-2, groupId=consumer-service-group] (Re-)joining group
kafka_compose                   | 	group.streams.max.standby.replicas = 2
kafka_compose                   | 	group.streams.min.assignment.interval.ms = 0
kafka_compose                   | 	group.streams.min.heartbeat.interval.ms = 5000
email-sender-1                  | 2026-09-25T22:06:52.110Z  INFO 1 --- [ntainer#1-0-C-1] o.a.k.c.c.internals.ConsumerCoordinator  : [Consumer clientId=consumer-consumer-service-group-2, groupId=consumer-service-group] Group coordinator kafka:9092 (id: 2147483646 rack: null isFenced: false) is unavailable or invalid due to cause: error response NOT_COORDINATOR. isDisconnected: false. Rediscovery will be attempted.
email-sender-1                  | 2026-09-25T22:06:52.111Z  INFO 1 --- [ntainer#1-0-C-1] o.a.k.c.c.internals.ConsumerCoordinator  : [Consumer clientId=consumer-consumer-service-group-2, groupId=consumer-service-group] Requesting disconnect from last known coordinator kafka:9092 (id: 2147483646 rack: null isFenced: false)
email-sender-1                  | 2026-09-25T22:06:52.112Z  INFO 1 --- [ntainer#1-0-C-1] o.a.k.c.c.internals.ConsumerCoordinator  : [Consumer clientId=consumer-consumer-service-group-2, groupId=consumer-service-group] JoinGroup failed: This is not the correct coordinator. Marking coordinator unknown. Sent generation was Generation{generationId=-1, memberId='', protocol='null'}
kafka_compose                   | 	group.streams.min.session.timeout.ms = 45000
kafka_compose                   | 	group.streams.num.standby.replicas = 0
kafka_compose                   | 	group.streams.session.timeout.ms = 45000
email-sender-1                  | 2026-09-25T22:06:52.116Z  INFO 1 --- [ntainer#1-0-C-1] org.apache.kafka.clients.NetworkClient   : [Consumer clientId=consumer-consumer-service-group-2, groupId=consumer-service-group] Client requested disconnect from node 2147483646
email-sender-1                  | 2026-09-25T22:06:52.131Z  INFO 1 --- [ntainer#1-0-C-1] o.a.k.c.c.internals.ConsumerCoordinator  : [Consumer clientId=consumer-consumer-service-group-2, groupId=consumer-service-group] Discovered group coordinator kafka:9092 (id: 2147483646 rack: null isFenced: false)
email-sender-1                  | 2026-09-25T22:06:52.132Z  INFO 1 --- [ntainer#1-0-C-1] o.a.k.c.c.internals.ConsumerCoordinator  : [Consumer clientId=consumer-consumer-service-group-2, groupId=consumer-service-group] Group coordinator kafka:9092 (id: 2147483646 rack: null isFenced: false) is unavailable or invalid due to cause: coordinator unavailable. isDisconnected: false. Rediscovery will be attempted.
email-sender-1                  | 2026-09-25T22:06:52.133Z  INFO 1 --- [ntainer#1-0-C-1] o.a.k.c.c.internals.ConsumerCoordinator  : [Consumer clientId=consumer-consumer-service-group-2, groupId=consumer-service-group] Requesting disconnect from last known coordinator kafka:9092 (id: 2147483646 rack: null isFenced: false)
kafka_compose                   | 	offset.metadata.max.bytes = 4096
kafka_compose                   | 	offsets.commit.timeout.ms = 5000
kafka_compose                   | 	offsets.load.buffer.size = 5242880
email-sender-1                  | 2026-09-25T22:06:52.182Z  INFO 1 --- [ntainer#0-0-C-1] o.a.k.c.c.internals.ConsumerCoordinator  : [Consumer clientId=consumer-summary-email-service-group-1, groupId=summary-email-service-group] Discovered group coordinator kafka:9092 (id: 2147483646 rack: null isFenced: false)
email-sender-1                  | 2026-09-25T22:06:52.185Z  INFO 1 --- [ntainer#0-0-C-1] o.a.k.c.c.internals.ConsumerCoordinator  : [Consumer clientId=consumer-summary-email-service-group-1, groupId=summary-email-service-group] Request joining group due to: rebalance failed due to 'This is not the correct coordinator.' (NotCoordinatorException)
email-sender-1                  | 2026-09-25T22:06:52.188Z  INFO 1 --- [ntainer#0-0-C-1] o.a.k.c.c.internals.ConsumerCoordinator  : [Consumer clientId=consumer-summary-email-service-group-1, groupId=summary-email-service-group] (Re-)joining group
kafka_compose                   | 	offsets.retention.check.interval.ms = 600000
kafka_compose                   | 	offsets.retention.minutes = 10080
kafka_compose                   | 	offsets.topic.compression.codec = 0
email-sender-1                  | 2026-09-25T22:06:52.202Z  INFO 1 --- [ntainer#0-0-C-1] o.a.k.c.c.internals.ConsumerCoordinator  : [Consumer clientId=consumer-summary-email-service-group-1, groupId=summary-email-service-group] Group coordinator kafka:9092 (id: 2147483646 rack: null isFenced: false) is unavailable or invalid due to cause: error response NOT_COORDINATOR. isDisconnected: false. Rediscovery will be attempted.
email-sender-1                  | 2026-09-25T22:06:52.203Z  INFO 1 --- [ntainer#0-0-C-1] o.a.k.c.c.internals.ConsumerCoordinator  : [Consumer clientId=consumer-summary-email-service-group-1, groupId=summary-email-service-group] Requesting disconnect from last known coordinator kafka:9092 (id: 2147483646 rack: null isFenced: false)
email-sender-1                  | 2026-09-25T22:06:52.203Z  INFO 1 --- [ntainer#0-0-C-1] o.a.k.c.c.internals.ConsumerCoordinator  : [Consumer clientId=consumer-summary-email-service-group-1, groupId=summary-email-service-group] JoinGroup failed: This is not the correct coordinator. Marking coordinator unknown. Sent generation was Generation{generationId=-1, memberId='', protocol='null'}
kafka_compose                   | 	offsets.topic.num.partitions = 50
kafka_compose                   | 	offsets.topic.replication.factor = 1
kafka_compose                   | 	offsets.topic.segment.bytes = 104857600
email-sender-1                  | 2026-09-25T22:06:52.204Z  INFO 1 --- [ntainer#0-0-C-1] org.apache.kafka.clients.NetworkClient   : [Consumer clientId=consumer-summary-email-service-group-1, groupId=summary-email-service-group] Client requested disconnect from node 2147483646
email-sender-1                  | 2026-09-25T22:06:52.212Z  INFO 1 --- [ntainer#0-0-C-1] o.a.k.c.c.internals.ConsumerCoordinator  : [Consumer clientId=consumer-summary-email-service-group-1, groupId=summary-email-service-group] Discovered group coordinator kafka:9092 (id: 2147483646 rack: null isFenced: false)
email-sender-1                  | 2026-09-25T22:06:52.212Z  INFO 1 --- [ntainer#0-0-C-1] o.a.k.c.c.internals.ConsumerCoordinator  : [Consumer clientId=consumer-summary-email-service-group-1, groupId=summary-email-service-group] Group coordinator kafka:9092 (id: 2147483646 rack: null isFenced: false) is unavailable or invalid due to cause: coordinator unavailable. isDisconnected: false. Rediscovery will be attempted.
email-sender-1                  | 2026-09-25T22:06:52.213Z  INFO 1 --- [ntainer#0-0-C-1] o.a.k.c.c.internals.ConsumerCoordinator  : [Consumer clientId=consumer-summary-email-service-group-1, groupId=summary-email-service-group] Requesting disconnect from last known coordinator kafka:9092 (id: 2147483646 rack: null isFenced: false)
email-sender-1                  | 2026-09-25T22:06:52.239Z  INFO 1 --- [ntainer#1-0-C-1] o.a.k.c.c.internals.ConsumerCoordinator  : [Consumer clientId=consumer-consumer-service-group-2, groupId=consumer-service-group] Discovered group coordinator kafka:9092 (id: 2147483646 rack: null isFenced: false)
kafka_compose                   |  (org.apache.kafka.common.config.AbstractConfig)
kafka_compose                   | [2026-09-25 22:06:01,256] INFO KafkaConfig values: 
email-sender-1                  | 2026-09-25T22:06:52.241Z  INFO 1 --- [ntainer#1-0-C-1] o.a.k.c.c.internals.ConsumerCoordinator  : [Consumer clientId=consumer-consumer-service-group-2, groupId=consumer-service-group] Request joining group due to: rebalance failed due to 'This is not the correct coordinator.' (NotCoordinatorException)
email-sender-1                  | 2026-09-25T22:06:52.243Z  INFO 1 --- [ntainer#1-0-C-1] o.a.k.c.c.internals.ConsumerCoordinator  : [Consumer clientId=consumer-consumer-service-group-2, groupId=consumer-service-group] (Re-)joining group
email-sender-1                  | 2026-09-25T22:06:52.249Z  INFO 1 --- [ntainer#1-0-C-1] o.a.k.c.c.internals.ConsumerCoordinator  : [Consumer clientId=consumer-consumer-service-group-2, groupId=consumer-service-group] Group coordinator kafka:9092 (id: 2147483646 rack: null isFenced: false) is unavailable or invalid due to cause: error response NOT_COORDINATOR. isDisconnected: false. Rediscovery will be attempted.
email-sender-1                  | 2026-09-25T22:06:52.250Z  INFO 1 --- [ntainer#1-0-C-1] o.a.k.c.c.internals.ConsumerCoordinator  : [Consumer clientId=consumer-consumer-service-group-2, groupId=consumer-service-group] Requesting disconnect from last known coordinator kafka:9092 (id: 2147483646 rack: null isFenced: false)
kafka_compose                   | 	add.partitions.to.txn.retry.backoff.max.ms = 100
kafka_compose                   | 	add.partitions.to.txn.retry.backoff.ms = 20
email-sender-1                  | 2026-09-25T22:06:52.250Z  INFO 1 --- [ntainer#1-0-C-1] o.a.k.c.c.internals.ConsumerCoordinator  : [Consumer clientId=consumer-consumer-service-group-2, groupId=consumer-service-group] JoinGroup failed: This is not the correct coordinator. Marking coordinator unknown. Sent generation was Generation{generationId=-1, memberId='', protocol='null'}
email-sender-1                  | 2026-09-25T22:06:52.251Z  INFO 1 --- [ntainer#1-0-C-1] org.apache.kafka.clients.NetworkClient   : [Consumer clientId=consumer-consumer-service-group-2, groupId=consumer-service-group] Client requested disconnect from node 2147483646
kafka_compose                   | 	advertised.listeners = [PLAINTEXT://kafka:9092, PLAINTEXT_HOST://localhost:9094]
kafka_compose                   | 	alter.config.policy.class.name = null
email-sender-1                  | 2026-09-25T22:06:52.258Z  INFO 1 --- [ntainer#1-0-C-1] o.a.k.c.c.internals.ConsumerCoordinator  : [Consumer clientId=consumer-consumer-service-group-2, groupId=consumer-service-group] Discovered group coordinator kafka:9092 (id: 2147483646 rack: null isFenced: false)
kafka_compose                   | 	alter.log.dirs.replication.quota.window.num = 11
kafka_compose                   | 	alter.log.dirs.replication.quota.window.size.seconds = 1
kafka_compose                   | 	authorizer.class.name = 
kafka_compose                   | 	auto.create.topics.enable = true
kafka_compose                   | 	auto.leader.rebalance.enable = true
email-sender-1                  | 2026-09-25T22:06:52.258Z  INFO 1 --- [ntainer#1-0-C-1] o.a.k.c.c.internals.ConsumerCoordinator  : [Consumer clientId=consumer-consumer-service-group-2, groupId=consumer-service-group] Group coordinator kafka:9092 (id: 2147483646 rack: null isFenced: false) is unavailable or invalid due to cause: coordinator unavailable. isDisconnected: false. Rediscovery will be attempted.
email-sender-1                  | 2026-09-25T22:06:52.260Z  INFO 1 --- [ntainer#1-0-C-1] o.a.k.c.c.internals.ConsumerCoordinator  : [Consumer clientId=consumer-consumer-service-group-2, groupId=consumer-service-group] Requesting disconnect from last known coordinator kafka:9092 (id: 2147483646 rack: null isFenced: false)
email-sender-1                  | 2026-09-25T22:06:52.332Z  INFO 1 --- [ntainer#0-0-C-1] o.a.k.c.c.internals.ConsumerCoordinator  : [Consumer clientId=consumer-summary-email-service-group-1, groupId=summary-email-service-group] Discovered group coordinator kafka:9092 (id: 2147483646 rack: null isFenced: false)
kafka_compose                   | 	background.threads = 10
kafka_compose                   | 	broker.heartbeat.interval.ms = 2000
kafka_compose                   | 	broker.id = 1
kafka_compose                   | 	broker.rack = null
kafka_compose                   | 	broker.session.timeout.ms = 9000
kafka_compose                   | 	client.quota.callback.class = null
kafka_compose                   | 	compression.gzip.level = -1
kafka_compose                   | 	compression.lz4.level = 9
kafka_compose                   | 	compression.type = producer
kafka_compose                   | 	compression.zstd.level = 3
email-sender-1                  | 2026-09-25T22:06:52.335Z  INFO 1 --- [ntainer#0-0-C-1] o.a.k.c.c.internals.ConsumerCoordinator  : [Consumer clientId=consumer-summary-email-service-group-1, groupId=summary-email-service-group] Request joining group due to: rebalance failed due to 'This is not the correct coordinator.' (NotCoordinatorException)
email-sender-1                  | 2026-09-25T22:06:52.337Z  INFO 1 --- [ntainer#0-0-C-1] o.a.k.c.c.internals.ConsumerCoordinator  : [Consumer clientId=consumer-summary-email-service-group-1, groupId=summary-email-service-group] (Re-)joining group
email-sender-1                  | 2026-09-25T22:06:52.349Z  INFO 1 --- [ntainer#0-0-C-1] o.a.k.c.c.internals.ConsumerCoordinator  : [Consumer clientId=consumer-summary-email-service-group-1, groupId=summary-email-service-group] Group coordinator kafka:9092 (id: 2147483646 rack: null isFenced: false) is unavailable or invalid due to cause: error response NOT_COORDINATOR. isDisconnected: false. Rediscovery will be attempted.
kafka_compose                   | 	config.providers = []
kafka_compose                   | 	connection.failed.authentication.delay.ms = 100
kafka_compose                   | 	connections.max.idle.ms = 600000
email-sender-1                  | 2026-09-25T22:06:52.349Z  INFO 1 --- [ntainer#0-0-C-1] o.a.k.c.c.internals.ConsumerCoordinator  : [Consumer clientId=consumer-summary-email-service-group-1, groupId=summary-email-service-group] Requesting disconnect from last known coordinator kafka:9092 (id: 2147483646 rack: null isFenced: false)
email-sender-1                  | 2026-09-25T22:06:52.350Z  INFO 1 --- [ntainer#0-0-C-1] o.a.k.c.c.internals.ConsumerCoordinator  : [Consumer clientId=consumer-summary-email-service-group-1, groupId=summary-email-service-group] JoinGroup failed: This is not the correct coordinator. Marking coordinator unknown. Sent generation was Generation{generationId=-1, memberId='', protocol='null'}
email-sender-1                  | 2026-09-25T22:06:52.350Z  INFO 1 --- [ntainer#0-0-C-1] org.apache.kafka.clients.NetworkClient   : [Consumer clientId=consumer-summary-email-service-group-1, groupId=summary-email-service-group] Client requested disconnect from node 2147483646
email-sender-1                  | 2026-09-25T22:06:52.358Z  INFO 1 --- [ntainer#0-0-C-1] o.a.k.c.c.internals.ConsumerCoordinator  : [Consumer clientId=consumer-summary-email-service-group-1, groupId=summary-email-service-group] Discovered group coordinator kafka:9092 (id: 2147483646 rack: null isFenced: false)
email-sender-1                  | 2026-09-25T22:06:52.359Z  INFO 1 --- [ntainer#0-0-C-1] o.a.k.c.c.internals.ConsumerCoordinator  : [Consumer clientId=consumer-summary-email-service-group-1, groupId=summary-email-service-group] Group coordinator kafka:9092 (id: 2147483646 rack: null isFenced: false) is unavailable or invalid due to cause: coordinator unavailable. isDisconnected: false. Rediscovery will be attempted.
email-sender-1                  | 2026-09-25T22:06:52.359Z  INFO 1 --- [ntainer#0-0-C-1] o.a.k.c.c.internals.ConsumerCoordinator  : [Consumer clientId=consumer-summary-email-service-group-1, groupId=summary-email-service-group] Requesting disconnect from last known coordinator kafka:9092 (id: 2147483646 rack: null isFenced: false)
email-sender-1                  | 2026-09-25T22:06:52.370Z  INFO 1 --- [ntainer#1-0-C-1] o.a.k.c.c.internals.ConsumerCoordinator  : [Consumer clientId=consumer-consumer-service-group-2, groupId=consumer-service-group] Discovered group coordinator kafka:9092 (id: 2147483646 rack: null isFenced: false)
email-sender-1                  | 2026-09-25T22:06:52.372Z  INFO 1 --- [ntainer#1-0-C-1] o.a.k.c.c.internals.ConsumerCoordinator  : [Consumer clientId=consumer-consumer-service-group-2, groupId=consumer-service-group] Request joining group due to: rebalance failed due to 'This is not the correct coordinator.' (NotCoordinatorException)
kafka_compose                   | 	connections.max.reauth.ms = 0
kafka_compose                   | 	controlled.shutdown.enable = true
kafka_compose                   | 	controller.listener.names = [CONTROLLER]
email-sender-1                  | 2026-09-25T22:06:52.374Z  INFO 1 --- [ntainer#1-0-C-1] o.a.k.c.c.internals.ConsumerCoordinator  : [Consumer clientId=consumer-consumer-service-group-2, groupId=consumer-service-group] (Re-)joining group
email-sender-1                  | 2026-09-25T22:06:52.382Z  INFO 1 --- [ntainer#1-0-C-1] o.a.k.c.c.internals.ConsumerCoordinator  : [Consumer clientId=consumer-consumer-service-group-2, groupId=consumer-service-group] Group coordinator kafka:9092 (id: 2147483646 rack: null isFenced: false) is unavailable or invalid due to cause: error response NOT_COORDINATOR. isDisconnected: false. Rediscovery will be attempted.
email-sender-1                  | 2026-09-25T22:06:52.382Z  INFO 1 --- [ntainer#1-0-C-1] o.a.k.c.c.internals.ConsumerCoordinator  : [Consumer clientId=consumer-consumer-service-group-2, groupId=consumer-service-group] Requesting disconnect from last known coordinator kafka:9092 (id: 2147483646 rack: null isFenced: false)
kafka_compose                   | 	controller.performance.always.log.threshold.ms = 2000
kafka_compose                   | 	controller.performance.sample.period.ms = 60000
kafka_compose                   | 	controller.quorum.append.linger.ms = 25
email-sender-1                  | 2026-09-25T22:06:52.382Z  INFO 1 --- [ntainer#1-0-C-1] o.a.k.c.c.internals.ConsumerCoordinator  : [Consumer clientId=consumer-consumer-service-group-2, groupId=consumer-service-group] JoinGroup failed: This is not the correct coordinator. Marking coordinator unknown. Sent generation was Generation{generationId=-1, memberId='', protocol='null'}
email-sender-1                  | 2026-09-25T22:06:52.383Z  INFO 1 --- [ntainer#1-0-C-1] org.apache.kafka.clients.NetworkClient   : [Consumer clientId=consumer-consumer-service-group-2, groupId=consumer-service-group] Client requested disconnect from node 2147483646
email-sender-1                  | 2026-09-25T22:06:52.388Z  INFO 1 --- [ntainer#1-0-C-1] o.a.k.c.c.internals.ConsumerCoordinator  : [Consumer clientId=consumer-consumer-service-group-2, groupId=consumer-service-group] Discovered group coordinator kafka:9092 (id: 2147483646 rack: null isFenced: false)
email-sender-1                  | 2026-09-25T22:06:52.398Z  INFO 1 --- [ntainer#1-0-C-1] o.a.k.c.c.internals.ConsumerCoordinator  : [Consumer clientId=consumer-consumer-service-group-2, groupId=consumer-service-group] Group coordinator kafka:9092 (id: 2147483646 rack: null isFenced: false) is unavailable or invalid due to cause: coordinator unavailable. isDisconnected: false. Rediscovery will be attempted.
email-sender-1                  | 2026-09-25T22:06:52.399Z  INFO 1 --- [ntainer#1-0-C-1] o.a.k.c.c.internals.ConsumerCoordinator  : [Consumer clientId=consumer-consumer-service-group-2, groupId=consumer-service-group] Requesting disconnect from last known coordinator kafka:9092 (id: 2147483646 rack: null isFenced: false)
kafka_compose                   | 	controller.quorum.auto.join.enable = false
kafka_compose                   | 	controller.quorum.bootstrap.servers = []
email-sender-1                  | 2026-09-25T22:06:52.469Z  INFO 1 --- [ntainer#0-0-C-1] o.a.k.c.c.internals.ConsumerCoordinator  : [Consumer clientId=consumer-summary-email-service-group-1, groupId=summary-email-service-group] Discovered group coordinator kafka:9092 (id: 2147483646 rack: null isFenced: false)
email-sender-1                  | 2026-09-25T22:06:52.471Z  INFO 1 --- [ntainer#0-0-C-1] o.a.k.c.c.internals.ConsumerCoordinator  : [Consumer clientId=consumer-summary-email-service-group-1, groupId=summary-email-service-group] Request joining group due to: rebalance failed due to 'This is not the correct coordinator.' (NotCoordinatorException)
email-sender-1                  | 2026-09-25T22:06:52.473Z  INFO 1 --- [ntainer#0-0-C-1] o.a.k.c.c.internals.ConsumerCoordinator  : [Consumer clientId=consumer-summary-email-service-group-1, groupId=summary-email-service-group] (Re-)joining group
email-sender-1                  | 2026-09-25T22:06:52.479Z  INFO 1 --- [ntainer#0-0-C-1] o.a.k.c.c.internals.ConsumerCoordinator  : [Consumer clientId=consumer-summary-email-service-group-1, groupId=summary-email-service-group] Group coordinator kafka:9092 (id: 2147483646 rack: null isFenced: false) is unavailable or invalid due to cause: error response NOT_COORDINATOR. isDisconnected: false. Rediscovery will be attempted.
kafka_compose                   | 	controller.quorum.election.backoff.max.ms = 1000
kafka_compose                   | 	controller.quorum.election.timeout.ms = 1000
kafka_compose                   | 	controller.quorum.fetch.max.bytes = 1048576
kafka_compose                   | 	controller.quorum.fetch.snapshot.max.bytes = 1048576
email-sender-1                  | 2026-09-25T22:06:52.479Z  INFO 1 --- [ntainer#0-0-C-1] o.a.k.c.c.internals.ConsumerCoordinator  : [Consumer clientId=consumer-summary-email-service-group-1, groupId=summary-email-service-group] Requesting disconnect from last known coordinator kafka:9092 (id: 2147483646 rack: null isFenced: false)
email-sender-1                  | 2026-09-25T22:06:52.480Z  INFO 1 --- [ntainer#0-0-C-1] o.a.k.c.c.internals.ConsumerCoordinator  : [Consumer clientId=consumer-summary-email-service-group-1, groupId=summary-email-service-group] JoinGroup failed: This is not the correct coordinator. Marking coordinator unknown. Sent generation was Generation{generationId=-1, memberId='', protocol='null'}
email-sender-1                  | 2026-09-25T22:06:52.481Z  INFO 1 --- [ntainer#0-0-C-1] org.apache.kafka.clients.NetworkClient   : [Consumer clientId=consumer-summary-email-service-group-1, groupId=summary-email-service-group] Client requested disconnect from node 2147483646
kafka_compose                   | 	controller.quorum.fetch.timeout.ms = 2000
kafka_compose                   | 	controller.quorum.request.timeout.ms = 2000
kafka_compose                   | 	controller.quorum.retry.backoff.ms = 20
kafka_compose                   | 	controller.quorum.voters = [1@kafka:29093]
kafka_compose                   | 	controller.quota.window.num = 11
kafka_compose                   | 	controller.quota.window.size.seconds = 1
kafka_compose                   | 	controller.socket.timeout.ms = 30000
email-sender-1                  | 2026-09-25T22:06:52.486Z  INFO 1 --- [ntainer#1-0-C-1] o.a.k.c.c.internals.ConsumerCoordinator  : [Consumer clientId=consumer-consumer-service-group-2, groupId=consumer-service-group] Discovered group coordinator kafka:9092 (id: 2147483646 rack: null isFenced: false)
email-sender-1                  | 2026-09-25T22:06:52.487Z  INFO 1 --- [ntainer#0-0-C-1] o.a.k.c.c.internals.ConsumerCoordinator  : [Consumer clientId=consumer-summary-email-service-group-1, groupId=summary-email-service-group] Discovered group coordinator kafka:9092 (id: 2147483646 rack: null isFenced: false)
email-sender-1                  | 2026-09-25T22:06:52.488Z  INFO 1 --- [ntainer#1-0-C-1] o.a.k.c.c.internals.ConsumerCoordinator  : [Consumer clientId=consumer-consumer-service-group-2, groupId=consumer-service-group] Request joining group due to: rebalance failed due to 'This is not the correct coordinator.' (NotCoordinatorException)
kafka_compose                   | 	cordoned.log.dirs = []
kafka_compose                   | 	create.topic.policy.class.name = null
kafka_compose                   | 	default.replication.factor = 1
kafka_compose                   | 	delegation.token.expiry.check.interval.ms = 3600000
kafka_compose                   | 	delegation.token.expiry.time.ms = 86400000
email-sender-1                  | 2026-09-25T22:06:52.488Z  INFO 1 --- [ntainer#0-0-C-1] o.a.k.c.c.internals.ConsumerCoordinator  : [Consumer clientId=consumer-summary-email-service-group-1, groupId=summary-email-service-group] Group coordinator kafka:9092 (id: 2147483646 rack: null isFenced: false) is unavailable or invalid due to cause: coordinator unavailable. isDisconnected: false. Rediscovery will be attempted.
email-sender-1                  | 2026-09-25T22:06:52.488Z  INFO 1 --- [ntainer#0-0-C-1] o.a.k.c.c.internals.ConsumerCoordinator  : [Consumer clientId=consumer-summary-email-service-group-1, groupId=summary-email-service-group] Requesting disconnect from last known coordinator kafka:9092 (id: 2147483646 rack: null isFenced: false)
kafka_compose                   | 	delegation.token.max.lifetime.ms = 604800000
kafka_compose                   | 	delegation.token.secret.key = null
kafka_compose                   | 	delete.records.purgatory.purge.interval.requests = 1
email-sender-1                  | 2026-09-25T22:06:52.489Z  INFO 1 --- [ntainer#1-0-C-1] o.a.k.c.c.internals.ConsumerCoordinator  : [Consumer clientId=consumer-consumer-service-group-2, groupId=consumer-service-group] (Re-)joining group
email-sender-1                  | 2026-09-25T22:06:52.497Z  INFO 1 --- [ntainer#1-0-C-1] o.a.k.c.c.internals.ConsumerCoordinator  : [Consumer clientId=consumer-consumer-service-group-2, groupId=consumer-service-group] Group coordinator kafka:9092 (id: 2147483646 rack: null isFenced: false) is unavailable or invalid due to cause: error response NOT_COORDINATOR. isDisconnected: false. Rediscovery will be attempted.
kafka_compose                   | 	delete.topic.enable = true
kafka_compose                   | 	early.start.listeners = null
kafka_compose                   | 	fetch.max.bytes = 57671680
email-sender-1                  | 2026-09-25T22:06:52.497Z  INFO 1 --- [ntainer#1-0-C-1] o.a.k.c.c.internals.ConsumerCoordinator  : [Consumer clientId=consumer-consumer-service-group-2, groupId=consumer-service-group] Requesting disconnect from last known coordinator kafka:9092 (id: 2147483646 rack: null isFenced: false)
email-sender-1                  | 2026-09-25T22:06:52.498Z  INFO 1 --- [ntainer#1-0-C-1] o.a.k.c.c.internals.ConsumerCoordinator  : [Consumer clientId=consumer-consumer-service-group-2, groupId=consumer-service-group] JoinGroup failed: This is not the correct coordinator. Marking coordinator unknown. Sent generation was Generation{generationId=-1, memberId='', protocol='null'}
kafka_compose                   | 	fetch.purgatory.purge.interval.requests = 1000
kafka_compose                   | 	follower.fetch.last.tiered.offset.enable = false
kafka_compose                   | 	group.consumer.assignment.interval.ms = 1000
email-sender-1                  | 2026-09-25T22:06:52.498Z  INFO 1 --- [ntainer#1-0-C-1] org.apache.kafka.clients.NetworkClient   : [Consumer clientId=consumer-consumer-service-group-2, groupId=consumer-service-group] Client requested disconnect from node 2147483646
email-sender-1                  | 2026-09-25T22:06:52.503Z  INFO 1 --- [ntainer#1-0-C-1] o.a.k.c.c.internals.ConsumerCoordinator  : [Consumer clientId=consumer-consumer-service-group-2, groupId=consumer-service-group] Discovered group coordinator kafka:9092 (id: 2147483646 rack: null isFenced: false)
email-sender-1                  | 2026-09-25T22:06:52.504Z  INFO 1 --- [ntainer#1-0-C-1] o.a.k.c.c.internals.ConsumerCoordinator  : [Consumer clientId=consumer-consumer-service-group-2, groupId=consumer-service-group] Group coordinator kafka:9092 (id: 2147483646 rack: null isFenced: false) is unavailable or invalid due to cause: coordinator unavailable. isDisconnected: false. Rediscovery will be attempted.
kafka_compose                   | 	group.consumer.assignors = [uniform, range]
kafka_compose                   | 	group.consumer.heartbeat.interval.ms = 5000
email-sender-1                  | 2026-09-25T22:06:52.504Z  INFO 1 --- [ntainer#1-0-C-1] o.a.k.c.c.internals.ConsumerCoordinator  : [Consumer clientId=consumer-consumer-service-group-2, groupId=consumer-service-group] Requesting disconnect from last known coordinator kafka:9092 (id: 2147483646 rack: null isFenced: false)
email-sender-1                  | 2026-09-25T22:06:52.604Z  INFO 1 --- [ntainer#1-0-C-1] o.a.k.c.c.internals.ConsumerCoordinator  : [Consumer clientId=consumer-consumer-service-group-2, groupId=consumer-service-group] Discovered group coordinator kafka:9092 (id: 2147483646 rack: null isFenced: false)
email-sender-1                  | 2026-09-25T22:06:52.607Z  INFO 1 --- [ntainer#1-0-C-1] o.a.k.c.c.internals.ConsumerCoordinator  : [Consumer clientId=consumer-consumer-service-group-2, groupId=consumer-service-group] Request joining group due to: rebalance failed due to 'This is not the correct coordinator.' (NotCoordinatorException)
email-sender-1                  | 2026-09-25T22:06:52.608Z  INFO 1 --- [ntainer#1-0-C-1] o.a.k.c.c.internals.ConsumerCoordinator  : [Consumer clientId=consumer-consumer-service-group-2, groupId=consumer-service-group] (Re-)joining group
kafka_compose                   | 	group.consumer.max.assignment.interval.ms = 15000
kafka_compose                   | 	group.consumer.max.heartbeat.interval.ms = 15000
kafka_compose                   | 	group.consumer.max.session.timeout.ms = 60000
kafka_compose                   | 	group.consumer.max.size = 2147483647
email-sender-1                  | 2026-09-25T22:06:52.613Z  INFO 1 --- [ntainer#0-0-C-1] o.a.k.c.c.internals.ConsumerCoordinator  : [Consumer clientId=consumer-summary-email-service-group-1, groupId=summary-email-service-group] Discovered group coordinator kafka:9092 (id: 2147483646 rack: null isFenced: false)
email-sender-1                  | 2026-09-25T22:06:52.615Z  INFO 1 --- [ntainer#0-0-C-1] o.a.k.c.c.internals.ConsumerCoordinator  : [Consumer clientId=consumer-summary-email-service-group-1, groupId=summary-email-service-group] Request joining group due to: rebalance failed due to 'This is not the correct coordinator.' (NotCoordinatorException)
email-sender-1                  | 2026-09-25T22:06:52.619Z  INFO 1 --- [ntainer#1-0-C-1] o.a.k.c.c.internals.ConsumerCoordinator  : [Consumer clientId=consumer-consumer-service-group-2, groupId=consumer-service-group] Group coordinator kafka:9092 (id: 2147483646 rack: null isFenced: false) is unavailable or invalid due to cause: error response NOT_COORDINATOR. isDisconnected: false. Rediscovery will be attempted.
kafka_compose                   | 	group.consumer.migration.policy = bidirectional
kafka_compose                   | 	group.consumer.min.assignment.interval.ms = 0
kafka_compose                   | 	group.consumer.min.heartbeat.interval.ms = 5000
email-sender-1                  | 2026-09-25T22:06:52.619Z  INFO 1 --- [ntainer#0-0-C-1] o.a.k.c.c.internals.ConsumerCoordinator  : [Consumer clientId=consumer-summary-email-service-group-1, groupId=summary-email-service-group] (Re-)joining group
email-sender-1                  | 2026-09-25T22:06:52.619Z  INFO 1 --- [ntainer#1-0-C-1] o.a.k.c.c.internals.ConsumerCoordinator  : [Consumer clientId=consumer-consumer-service-group-2, groupId=consumer-service-group] Requesting disconnect from last known coordinator kafka:9092 (id: 2147483646 rack: null isFenced: false)
email-sender-1                  | 2026-09-25T22:06:52.620Z  INFO 1 --- [ntainer#1-0-C-1] o.a.k.c.c.internals.ConsumerCoordinator  : [Consumer clientId=consumer-consumer-service-group-2, groupId=consumer-service-group] JoinGroup failed: This is not the correct coordinator. Marking coordinator unknown. Sent generation was Generation{generationId=-1, memberId='', protocol='null'}
email-sender-1                  | 2026-09-25T22:06:52.621Z  INFO 1 --- [ntainer#1-0-C-1] org.apache.kafka.clients.NetworkClient   : [Consumer clientId=consumer-consumer-service-group-2, groupId=consumer-service-group] Client requested disconnect from node 2147483646
kafka_compose                   | 	group.consumer.min.session.timeout.ms = 45000
kafka_compose                   | 	group.consumer.regex.refresh.interval.ms = 600000
kafka_compose                   | 	group.consumer.session.timeout.ms = 45000
email-sender-1                  | 2026-09-25T22:06:52.624Z  INFO 1 --- [ntainer#0-0-C-1] o.a.k.c.c.internals.ConsumerCoordinator  : [Consumer clientId=consumer-summary-email-service-group-1, groupId=summary-email-service-group] Group coordinator kafka:9092 (id: 2147483646 rack: null isFenced: false) is unavailable or invalid due to cause: error response NOT_COORDINATOR. isDisconnected: false. Rediscovery will be attempted.
email-sender-1                  | 2026-09-25T22:06:52.625Z  INFO 1 --- [ntainer#0-0-C-1] o.a.k.c.c.internals.ConsumerCoordinator  : [Consumer clientId=consumer-summary-email-service-group-1, groupId=summary-email-service-group] Requesting disconnect from last known coordinator kafka:9092 (id: 2147483646 rack: null isFenced: false)
kafka_compose                   | 	group.coordinator.append.linger.ms = -1
kafka_compose                   | 	group.coordinator.background.threads = 2
kafka_compose                   | 	group.coordinator.cached.buffer.max.bytes = 1048588
email-sender-1                  | 2026-09-25T22:06:52.625Z  INFO 1 --- [ntainer#0-0-C-1] o.a.k.c.c.internals.ConsumerCoordinator  : [Consumer clientId=consumer-summary-email-service-group-1, groupId=summary-email-service-group] JoinGroup failed: This is not the correct coordinator. Marking coordinator unknown. Sent generation was Generation{generationId=-1, memberId='', protocol='null'}
email-sender-1                  | 2026-09-25T22:06:52.626Z  INFO 1 --- [ntainer#0-0-C-1] org.apache.kafka.clients.NetworkClient   : [Consumer clientId=consumer-summary-email-service-group-1, groupId=summary-email-service-group] Client requested disconnect from node 2147483646
kafka_compose                   | 	group.coordinator.rebalance.protocols = [classic, consumer, streams]
kafka_compose                   | 	group.coordinator.threads = 4
kafka_compose                   | 	group.initial.rebalance.delay.ms = 3000
kafka_compose                   | 	group.max.session.timeout.ms = 1800000
email-sender-1                  | 2026-09-25T22:06:52.626Z  INFO 1 --- [ntainer#1-0-C-1] o.a.k.c.c.internals.ConsumerCoordinator  : [Consumer clientId=consumer-consumer-service-group-2, groupId=consumer-service-group] Discovered group coordinator kafka:9092 (id: 2147483646 rack: null isFenced: false)
email-sender-1                  | 2026-09-25T22:06:52.627Z  INFO 1 --- [ntainer#1-0-C-1] o.a.k.c.c.internals.ConsumerCoordinator  : [Consumer clientId=consumer-consumer-service-group-2, groupId=consumer-service-group] Group coordinator kafka:9092 (id: 2147483646 rack: null isFenced: false) is unavailable or invalid due to cause: coordinator unavailable. isDisconnected: false. Rediscovery will be attempted.
email-sender-1                  | 2026-09-25T22:06:52.627Z  INFO 1 --- [ntainer#1-0-C-1] o.a.k.c.c.internals.ConsumerCoordinator  : [Consumer clientId=consumer-consumer-service-group-2, groupId=consumer-service-group] Requesting disconnect from last known coordinator kafka:9092 (id: 2147483646 rack: null isFenced: false)
kafka_compose                   | 	group.max.size = 2147483647
kafka_compose                   | 	group.min.session.timeout.ms = 6000
kafka_compose                   | 	group.share.assignment.interval.ms = 1000
kafka_compose                   | 	group.share.assignors = [simple]
kafka_compose                   | 	group.share.delivery.count.limit = 5
kafka_compose                   | 	group.share.heartbeat.interval.ms = 5000
email-sender-1                  | 2026-09-25T22:06:52.636Z  INFO 1 --- [ntainer#0-0-C-1] o.a.k.c.c.internals.ConsumerCoordinator  : [Consumer clientId=consumer-summary-email-service-group-1, groupId=summary-email-service-group] Discovered group coordinator kafka:9092 (id: 2147483646 rack: null isFenced: false)
email-sender-1                  | 2026-09-25T22:06:52.637Z  INFO 1 --- [ntainer#0-0-C-1] o.a.k.c.c.internals.ConsumerCoordinator  : [Consumer clientId=consumer-summary-email-service-group-1, groupId=summary-email-service-group] Group coordinator kafka:9092 (id: 2147483646 rack: null isFenced: false) is unavailable or invalid due to cause: coordinator unavailable. isDisconnected: false. Rediscovery will be attempted.
email-sender-1                  | 2026-09-25T22:06:52.637Z  INFO 1 --- [ntainer#0-0-C-1] o.a.k.c.c.internals.ConsumerCoordinator  : [Consumer clientId=consumer-summary-email-service-group-1, groupId=summary-email-service-group] Requesting disconnect from last known coordinator kafka:9092 (id: 2147483646 rack: null isFenced: false)
kafka_compose                   | 	group.share.initialize.retry.interval.ms = 30000
kafka_compose                   | 	group.share.max.assignment.interval.ms = 15000
kafka_compose                   | 	group.share.max.delivery.count.limit = 10
kafka_compose                   | 	group.share.max.heartbeat.interval.ms = 15000
email-sender-1                  | 2026-09-25T22:06:52.732Z  INFO 1 --- [ntainer#1-0-C-1] o.a.k.c.c.internals.ConsumerCoordinator  : [Consumer clientId=consumer-consumer-service-group-2, groupId=consumer-service-group] Discovered group coordinator kafka:9092 (id: 2147483646 rack: null isFenced: false)
email-sender-1                  | 2026-09-25T22:06:52.734Z  INFO 1 --- [ntainer#1-0-C-1] o.a.k.c.c.internals.ConsumerCoordinator  : [Consumer clientId=consumer-consumer-service-group-2, groupId=consumer-service-group] Request joining group due to: rebalance failed due to 'This is not the correct coordinator.' (NotCoordinatorException)
email-sender-1                  | 2026-09-25T22:06:52.739Z  INFO 1 --- [ntainer#1-0-C-1] o.a.k.c.c.internals.ConsumerCoordinator  : [Consumer clientId=consumer-consumer-service-group-2, groupId=consumer-service-group] (Re-)joining group
kafka_compose                   | 	group.share.max.partition.max.record.locks = 4000
kafka_compose                   | 	group.share.max.record.lock.duration.ms = 60000
email-sender-1                  | 2026-09-25T22:06:52.750Z  INFO 1 --- [ntainer#1-0-C-1] o.a.k.c.c.internals.ConsumerCoordinator  : [Consumer clientId=consumer-consumer-service-group-2, groupId=consumer-service-group] Group coordinator kafka:9092 (id: 2147483646 rack: null isFenced: false) is unavailable or invalid due to cause: error response NOT_COORDINATOR. isDisconnected: false. Rediscovery will be attempted.
email-sender-1                  | 2026-09-25T22:06:52.750Z  INFO 1 --- [ntainer#1-0-C-1] o.a.k.c.c.internals.ConsumerCoordinator  : [Consumer clientId=consumer-consumer-service-group-2, groupId=consumer-service-group] Requesting disconnect from last known coordinator kafka:9092 (id: 2147483646 rack: null isFenced: false)
email-sender-1                  | 2026-09-25T22:06:52.751Z  INFO 1 --- [ntainer#1-0-C-1] o.a.k.c.c.internals.ConsumerCoordinator  : [Consumer clientId=consumer-consumer-service-group-2, groupId=consumer-service-group] JoinGroup failed: This is not the correct coordinator. Marking coordinator unknown. Sent generation was Generation{generationId=-1, memberId='', protocol='null'}
email-sender-1                  | 2026-09-25T22:06:52.751Z  INFO 1 --- [ntainer#1-0-C-1] org.apache.kafka.clients.NetworkClient   : [Consumer clientId=consumer-consumer-service-group-2, groupId=consumer-service-group] Client requested disconnect from node 2147483646
email-sender-1                  | 2026-09-25T22:06:52.756Z  INFO 1 --- [ntainer#1-0-C-1] o.a.k.c.c.internals.ConsumerCoordinator  : [Consumer clientId=consumer-consumer-service-group-2, groupId=consumer-service-group] Discovered group coordinator kafka:9092 (id: 2147483646 rack: null isFenced: false)
email-sender-1                  | 2026-09-25T22:06:52.756Z  INFO 1 --- [ntainer#1-0-C-1] o.a.k.c.c.internals.ConsumerCoordinator  : [Consumer clientId=consumer-consumer-service-group-2, groupId=consumer-service-group] Group coordinator kafka:9092 (id: 2147483646 rack: null isFenced: false) is unavailable or invalid due to cause: coordinator unavailable. isDisconnected: false. Rediscovery will be attempted.
email-sender-1                  | 2026-09-25T22:06:52.757Z  INFO 1 --- [ntainer#1-0-C-1] o.a.k.c.c.internals.ConsumerCoordinator  : [Consumer clientId=consumer-consumer-service-group-2, groupId=consumer-service-group] Requesting disconnect from last known coordinator kafka:9092 (id: 2147483646 rack: null isFenced: false)
kafka_compose                   | 	group.share.max.session.timeout.ms = 60000
kafka_compose                   | 	group.share.max.share.sessions = 2000
email-sender-1                  | 2026-09-25T22:06:52.757Z  INFO 1 --- [ntainer#0-0-C-1] o.a.k.c.c.internals.ConsumerCoordinator  : [Consumer clientId=consumer-summary-email-service-group-1, groupId=summary-email-service-group] Discovered group coordinator kafka:9092 (id: 2147483646 rack: null isFenced: false)
email-sender-1                  | 2026-09-25T22:06:52.761Z  INFO 1 --- [ntainer#0-0-C-1] o.a.k.c.c.internals.ConsumerCoordinator  : [Consumer clientId=consumer-summary-email-service-group-1, groupId=summary-email-service-group] Request joining group due to: rebalance failed due to 'This is not the correct coordinator.' (NotCoordinatorException)
email-sender-1                  | 2026-09-25T22:06:52.763Z  INFO 1 --- [ntainer#0-0-C-1] o.a.k.c.c.internals.ConsumerCoordinator  : [Consumer clientId=consumer-summary-email-service-group-1, groupId=summary-email-service-group] (Re-)joining group
kafka_compose                   | 	group.share.max.size = 200
kafka_compose                   | 	group.share.min.assignment.interval.ms = 0
email-sender-1                  | 2026-09-25T22:06:52.771Z  INFO 1 --- [ntainer#0-0-C-1] o.a.k.c.c.internals.ConsumerCoordinator  : [Consumer clientId=consumer-summary-email-service-group-1, groupId=summary-email-service-group] Group coordinator kafka:9092 (id: 2147483646 rack: null isFenced: false) is unavailable or invalid due to cause: error response NOT_COORDINATOR. isDisconnected: false. Rediscovery will be attempted.
email-sender-1                  | 2026-09-25T22:06:52.772Z  INFO 1 --- [ntainer#0-0-C-1] o.a.k.c.c.internals.ConsumerCoordinator  : [Consumer clientId=consumer-summary-email-service-group-1, groupId=summary-email-service-group] Requesting disconnect from last known coordinator kafka:9092 (id: 2147483646 rack: null isFenced: false)
email-sender-1                  | 2026-09-25T22:06:52.773Z  INFO 1 --- [ntainer#0-0-C-1] o.a.k.c.c.internals.ConsumerCoordinator  : [Consumer clientId=consumer-summary-email-service-group-1, groupId=summary-email-service-group] JoinGroup failed: This is not the correct coordinator. Marking coordinator unknown. Sent generation was Generation{generationId=-1, memberId='', protocol='null'}
email-sender-1                  | 2026-09-25T22:06:52.777Z  INFO 1 --- [ntainer#0-0-C-1] org.apache.kafka.clients.NetworkClient   : [Consumer clientId=consumer-summary-email-service-group-1, groupId=summary-email-service-group] Client requested disconnect from node 2147483646
email-sender-1                  | 2026-09-25T22:06:52.782Z  INFO 1 --- [ntainer#0-0-C-1] o.a.k.c.c.internals.ConsumerCoordinator  : [Consumer clientId=consumer-summary-email-service-group-1, groupId=summary-email-service-group] Discovered group coordinator kafka:9092 (id: 2147483646 rack: null isFenced: false)
email-sender-1                  | 2026-09-25T22:06:52.783Z  INFO 1 --- [ntainer#0-0-C-1] o.a.k.c.c.internals.ConsumerCoordinator  : [Consumer clientId=consumer-summary-email-service-group-1, groupId=summary-email-service-group] Group coordinator kafka:9092 (id: 2147483646 rack: null isFenced: false) is unavailable or invalid due to cause: coordinator unavailable. isDisconnected: false. Rediscovery will be attempted.
email-sender-1                  | 2026-09-25T22:06:52.783Z  INFO 1 --- [ntainer#0-0-C-1] o.a.k.c.c.internals.ConsumerCoordinator  : [Consumer clientId=consumer-summary-email-service-group-1, groupId=summary-email-service-group] Requesting disconnect from last known coordinator kafka:9092 (id: 2147483646 rack: null isFenced: false)
email-sender-1                  | 2026-09-25T22:06:52.848Z  INFO 1 --- [ntainer#1-0-C-1] o.a.k.c.c.internals.ConsumerCoordinator  : [Consumer clientId=consumer-consumer-service-group-2, groupId=consumer-service-group] Discovered group coordinator kafka:9092 (id: 2147483646 rack: null isFenced: false)
email-sender-1                  | 2026-09-25T22:06:52.851Z  INFO 1 --- [ntainer#1-0-C-1] o.a.k.c.c.internals.ConsumerCoordinator  : [Consumer clientId=consumer-consumer-service-group-2, groupId=consumer-service-group] Request joining group due to: rebalance failed due to 'This is not the correct coordinator.' (NotCoordinatorException)
email-sender-1                  | 2026-09-25T22:06:52.854Z  INFO 1 --- [ntainer#1-0-C-1] o.a.k.c.c.internals.ConsumerCoordinator  : [Consumer clientId=consumer-consumer-service-group-2, groupId=consumer-service-group] (Re-)joining group
email-sender-1                  | 2026-09-25T22:06:52.865Z  INFO 1 --- [ntainer#1-0-C-1] o.a.k.c.c.internals.ConsumerCoordinator  : [Consumer clientId=consumer-consumer-service-group-2, groupId=consumer-service-group] Group coordinator kafka:9092 (id: 2147483646 rack: null isFenced: false) is unavailable or invalid due to cause: error response NOT_COORDINATOR. isDisconnected: false. Rediscovery will be attempted.
kafka_compose                   | 	group.share.min.delivery.count.limit = 2
kafka_compose                   | 	group.share.min.heartbeat.interval.ms = 5000
email-sender-1                  | 2026-09-25T22:06:52.866Z  INFO 1 --- [ntainer#1-0-C-1] o.a.k.c.c.internals.ConsumerCoordinator  : [Consumer clientId=consumer-consumer-service-group-2, groupId=consumer-service-group] Requesting disconnect from last known coordinator kafka:9092 (id: 2147483646 rack: null isFenced: false)
email-sender-1                  | 2026-09-25T22:06:52.866Z  INFO 1 --- [ntainer#1-0-C-1] o.a.k.c.c.internals.ConsumerCoordinator  : [Consumer clientId=consumer-consumer-service-group-2, groupId=consumer-service-group] JoinGroup failed: This is not the correct coordinator. Marking coordinator unknown. Sent generation was Generation{generationId=-1, memberId='', protocol='null'}
email-sender-1                  | 2026-09-25T22:06:52.867Z  INFO 1 --- [ntainer#1-0-C-1] org.apache.kafka.clients.NetworkClient   : [Consumer clientId=consumer-consumer-service-group-2, groupId=consumer-service-group] Client requested disconnect from node 2147483646
email-sender-1                  | 2026-09-25T22:06:52.871Z  INFO 1 --- [ntainer#1-0-C-1] o.a.k.c.c.internals.ConsumerCoordinator  : [Consumer clientId=consumer-consumer-service-group-2, groupId=consumer-service-group] Discovered group coordinator kafka:9092 (id: 2147483646 rack: null isFenced: false)
kafka_compose                   | 	group.share.min.partition.max.record.locks = 100
kafka_compose                   | 	group.share.min.record.lock.duration.ms = 15000
kafka_compose                   | 	group.share.min.session.timeout.ms = 45000
email-sender-1                  | 2026-09-25T22:06:52.873Z  INFO 1 --- [ntainer#1-0-C-1] o.a.k.c.c.internals.ConsumerCoordinator  : [Consumer clientId=consumer-consumer-service-group-2, groupId=consumer-service-group] Group coordinator kafka:9092 (id: 2147483646 rack: null isFenced: false) is unavailable or invalid due to cause: coordinator unavailable. isDisconnected: false. Rediscovery will be attempted.
email-sender-1                  | 2026-09-25T22:06:52.876Z  INFO 1 --- [ntainer#1-0-C-1] o.a.k.c.c.internals.ConsumerCoordinator  : [Consumer clientId=consumer-consumer-service-group-2, groupId=consumer-service-group] Requesting disconnect from last known coordinator kafka:9092 (id: 2147483646 rack: null isFenced: false)
email-sender-1                  | 2026-09-25T22:06:52.884Z  INFO 1 --- [ntainer#0-0-C-1] o.a.k.c.c.internals.ConsumerCoordinator  : [Consumer clientId=consumer-summary-email-service-group-1, groupId=summary-email-service-group] Discovered group coordinator kafka:9092 (id: 2147483646 rack: null isFenced: false)
kafka_compose                   | 	group.share.partition.max.record.locks = 2000
kafka_compose                   | 	group.share.persister.class.name = org.apache.kafka.server.share.persister.DefaultStatePersister
email-sender-1                  | 2026-09-25T22:06:52.886Z  INFO 1 --- [ntainer#0-0-C-1] o.a.k.c.c.internals.ConsumerCoordinator  : [Consumer clientId=consumer-summary-email-service-group-1, groupId=summary-email-service-group] Request joining group due to: rebalance failed due to 'This is not the correct coordinator.' (NotCoordinatorException)
email-sender-1                  | 2026-09-25T22:06:52.888Z  INFO 1 --- [ntainer#0-0-C-1] o.a.k.c.c.internals.ConsumerCoordinator  : [Consumer clientId=consumer-summary-email-service-group-1, groupId=summary-email-service-group] (Re-)joining group
email-sender-1                  | 2026-09-25T22:06:52.893Z  INFO 1 --- [ntainer#0-0-C-1] o.a.k.c.c.internals.ConsumerCoordinator  : [Consumer clientId=consumer-summary-email-service-group-1, groupId=summary-email-service-group] Group coordinator kafka:9092 (id: 2147483646 rack: null isFenced: false) is unavailable or invalid due to cause: error response NOT_COORDINATOR. isDisconnected: false. Rediscovery will be attempted.
email-sender-1                  | 2026-09-25T22:06:52.893Z  INFO 1 --- [ntainer#0-0-C-1] o.a.k.c.c.internals.ConsumerCoordinator  : [Consumer clientId=consumer-summary-email-service-group-1, groupId=summary-email-service-group] Requesting disconnect from last known coordinator kafka:9092 (id: 2147483646 rack: null isFenced: false)
kafka_compose                   | 	group.share.record.lock.duration.ms = 30000
kafka_compose                   | 	group.share.session.timeout.ms = 45000
kafka_compose                   | 	group.streams.assignment.interval.ms = 1000
email-sender-1                  | 2026-09-25T22:06:52.894Z  INFO 1 --- [ntainer#0-0-C-1] o.a.k.c.c.internals.ConsumerCoordinator  : [Consumer clientId=consumer-summary-email-service-group-1, groupId=summary-email-service-group] JoinGroup failed: This is not the correct coordinator. Marking coordinator unknown. Sent generation was Generation{generationId=-1, memberId='', protocol='null'}
email-sender-1                  | 2026-09-25T22:06:52.894Z  INFO 1 --- [ntainer#0-0-C-1] org.apache.kafka.clients.NetworkClient   : [Consumer clientId=consumer-summary-email-service-group-1, groupId=summary-email-service-group] Client requested disconnect from node 2147483646
email-sender-1                  | 2026-09-25T22:06:52.898Z  INFO 1 --- [ntainer#0-0-C-1] o.a.k.c.c.internals.ConsumerCoordinator  : [Consumer clientId=consumer-summary-email-service-group-1, groupId=summary-email-service-group] Discovered group coordinator kafka:9092 (id: 2147483646 rack: null isFenced: false)
kafka_compose                   | 	group.streams.heartbeat.interval.ms = 5000
kafka_compose                   | 	group.streams.initial.rebalance.delay.ms = 3000
email-sender-1                  | 2026-09-25T22:06:52.899Z  INFO 1 --- [ntainer#0-0-C-1] o.a.k.c.c.internals.ConsumerCoordinator  : [Consumer clientId=consumer-summary-email-service-group-1, groupId=summary-email-service-group] Group coordinator kafka:9092 (id: 2147483646 rack: null isFenced: false) is unavailable or invalid due to cause: coordinator unavailable. isDisconnected: false. Rediscovery will be attempted.
email-sender-1                  | 2026-09-25T22:06:52.899Z  INFO 1 --- [ntainer#0-0-C-1] o.a.k.c.c.internals.ConsumerCoordinator  : [Consumer clientId=consumer-summary-email-service-group-1, groupId=summary-email-service-group] Requesting disconnect from last known coordinator kafka:9092 (id: 2147483646 rack: null isFenced: false)
email-sender-1                  | 2026-09-25T22:06:52.959Z  INFO 1 --- [ntainer#1-0-C-1] o.a.k.c.c.internals.ConsumerCoordinator  : [Consumer clientId=consumer-consumer-service-group-2, groupId=consumer-service-group] Discovered group coordinator kafka:9092 (id: 2147483646 rack: null isFenced: false)
email-sender-1                  | 2026-09-25T22:06:52.961Z  INFO 1 --- [ntainer#1-0-C-1] o.a.k.c.c.internals.ConsumerCoordinator  : [Consumer clientId=consumer-consumer-service-group-2, groupId=consumer-service-group] Request joining group due to: rebalance failed due to 'This is not the correct coordinator.' (NotCoordinatorException)
kafka_compose                   | 	group.streams.max.assignment.interval.ms = 15000
kafka_compose                   | 	group.streams.max.heartbeat.interval.ms = 15000
kafka_compose                   | 	group.streams.max.session.timeout.ms = 60000
kafka_compose                   | 	group.streams.max.size = 2147483647
email-sender-1                  | 2026-09-25T22:06:52.962Z  INFO 1 --- [ntainer#1-0-C-1] o.a.k.c.c.internals.ConsumerCoordinator  : [Consumer clientId=consumer-consumer-service-group-2, groupId=consumer-service-group] (Re-)joining group
email-sender-1                  | 2026-09-25T22:06:52.966Z  INFO 1 --- [ntainer#1-0-C-1] o.a.k.c.c.internals.ConsumerCoordinator  : [Consumer clientId=consumer-consumer-service-group-2, groupId=consumer-service-group] Group coordinator kafka:9092 (id: 2147483646 rack: null isFenced: false) is unavailable or invalid due to cause: error response NOT_COORDINATOR. isDisconnected: false. Rediscovery will be attempted.
email-sender-1                  | 2026-09-25T22:06:52.966Z  INFO 1 --- [ntainer#1-0-C-1] o.a.k.c.c.internals.ConsumerCoordinator  : [Consumer clientId=consumer-consumer-service-group-2, groupId=consumer-service-group] Requesting disconnect from last known coordinator kafka:9092 (id: 2147483646 rack: null isFenced: false)
kafka_compose                   | 	group.streams.max.standby.replicas = 2
kafka_compose                   | 	group.streams.min.assignment.interval.ms = 0
kafka_compose                   | 	group.streams.min.heartbeat.interval.ms = 5000
email-sender-1                  | 2026-09-25T22:06:52.967Z  INFO 1 --- [ntainer#1-0-C-1] o.a.k.c.c.internals.ConsumerCoordinator  : [Consumer clientId=consumer-consumer-service-group-2, groupId=consumer-service-group] JoinGroup failed: This is not the correct coordinator. Marking coordinator unknown. Sent generation was Generation{generationId=-1, memberId='', protocol='null'}
email-sender-1                  | 2026-09-25T22:06:52.967Z  INFO 1 --- [ntainer#1-0-C-1] org.apache.kafka.clients.NetworkClient   : [Consumer clientId=consumer-consumer-service-group-2, groupId=consumer-service-group] Client requested disconnect from node 2147483646
kafka_compose                   | 	group.streams.min.session.timeout.ms = 45000
kafka_compose                   | 	group.streams.num.standby.replicas = 0
kafka_compose                   | 	group.streams.session.timeout.ms = 45000
email-sender-1                  | 2026-09-25T22:06:52.970Z  INFO 1 --- [ntainer#1-0-C-1] o.a.k.c.c.internals.ConsumerCoordinator  : [Consumer clientId=consumer-consumer-service-group-2, groupId=consumer-service-group] Discovered group coordinator kafka:9092 (id: 2147483646 rack: null isFenced: false)
email-sender-1                  | 2026-09-25T22:06:52.970Z  INFO 1 --- [ntainer#1-0-C-1] o.a.k.c.c.internals.ConsumerCoordinator  : [Consumer clientId=consumer-consumer-service-group-2, groupId=consumer-service-group] Group coordinator kafka:9092 (id: 2147483646 rack: null isFenced: false) is unavailable or invalid due to cause: coordinator unavailable. isDisconnected: false. Rediscovery will be attempted.
email-sender-1                  | 2026-09-25T22:06:52.970Z  INFO 1 --- [ntainer#1-0-C-1] o.a.k.c.c.internals.ConsumerCoordinator  : [Consumer clientId=consumer-consumer-service-group-2, groupId=consumer-service-group] Requesting disconnect from last known coordinator kafka:9092 (id: 2147483646 rack: null isFenced: false)
email-sender-1                  | 2026-09-25T22:06:52.986Z  INFO 1 --- [ntainer#0-0-C-1] o.a.k.c.c.internals.ConsumerCoordinator  : [Consumer clientId=consumer-summary-email-service-group-1, groupId=summary-email-service-group] Discovered group coordinator kafka:9092 (id: 2147483646 rack: null isFenced: false)
kafka_compose                   | 	initial.broker.registration.timeout.ms = 60000
kafka_compose                   | 	inter.broker.listener.name = PLAINTEXT
kafka_compose                   | 	internal.metadata.delete.delay.millis = 60000
email-sender-1                  | 2026-09-25T22:06:52.988Z  INFO 1 --- [ntainer#0-0-C-1] o.a.k.c.c.internals.ConsumerCoordinator  : [Consumer clientId=consumer-summary-email-service-group-1, groupId=summary-email-service-group] Request joining group due to: rebalance failed due to 'This is not the correct coordinator.' (NotCoordinatorException)
email-sender-1                  | 2026-09-25T22:06:52.992Z  INFO 1 --- [ntainer#0-0-C-1] o.a.k.c.c.internals.ConsumerCoordinator  : [Consumer clientId=consumer-summary-email-service-group-1, groupId=summary-email-service-group] (Re-)joining group
kafka_compose                   | 	internal.metadata.log.segment.bytes = null
kafka_compose                   | 	internal.metadata.max.batch.size.in.bytes = 8388608
kafka_compose                   | 	kafka.metrics.polling.interval.secs = 10
email-sender-1                  | 2026-09-25T22:06:53.008Z  INFO 1 --- [ntainer#0-0-C-1] o.a.k.c.c.internals.ConsumerCoordinator  : [Consumer clientId=consumer-summary-email-service-group-1, groupId=summary-email-service-group] Group coordinator kafka:9092 (id: 2147483646 rack: null isFenced: false) is unavailable or invalid due to cause: error response NOT_COORDINATOR. isDisconnected: false. Rediscovery will be attempted.
email-sender-1                  | 2026-09-25T22:06:53.009Z  INFO 1 --- [ntainer#0-0-C-1] o.a.k.c.c.internals.ConsumerCoordinator  : [Consumer clientId=consumer-summary-email-service-group-1, groupId=summary-email-service-group] Requesting disconnect from last known coordinator kafka:9092 (id: 2147483646 rack: null isFenced: false)
email-sender-1                  | 2026-09-25T22:06:53.009Z  INFO 1 --- [ntainer#0-0-C-1] o.a.k.c.c.internals.ConsumerCoordinator  : [Consumer clientId=consumer-summary-email-service-group-1, groupId=summary-email-service-group] JoinGroup failed: This is not the correct coordinator. Marking coordinator unknown. Sent generation was Generation{generationId=-1, memberId='', protocol='null'}
email-sender-1                  | 2026-09-25T22:06:53.009Z  INFO 1 --- [ntainer#0-0-C-1] org.apache.kafka.clients.NetworkClient   : [Consumer clientId=consumer-summary-email-service-group-1, groupId=summary-email-service-group] Client requested disconnect from node 2147483646
kafka_compose                   | 	kafka.metrics.reporters = []
kafka_compose                   | 	leader.imbalance.check.interval.seconds = 300
kafka_compose                   | 	listener.security.protocol.map = CONTROLLER:PLAINTEXT,PLAINTEXT:PLAINTEXT,PLAINTEXT_HOST:PLAINTEXT
kafka_compose                   | 	listeners = [CONTROLLER://:29093, PLAINTEXT://:9092, PLAINTEXT_HOST://:9094]
kafka_compose                   | 	log.cleaner.backoff.ms = 15000
email-sender-1                  | 2026-09-25T22:06:53.023Z  INFO 1 --- [ntainer#0-0-C-1] o.a.k.c.c.internals.ConsumerCoordinator  : [Consumer clientId=consumer-summary-email-service-group-1, groupId=summary-email-service-group] Discovered group coordinator kafka:9092 (id: 2147483646 rack: null isFenced: false)
email-sender-1                  | 2026-09-25T22:06:53.023Z  INFO 1 --- [ntainer#0-0-C-1] o.a.k.c.c.internals.ConsumerCoordinator  : [Consumer clientId=consumer-summary-email-service-group-1, groupId=summary-email-service-group] Group coordinator kafka:9092 (id: 2147483646 rack: null isFenced: false) is unavailable or invalid due to cause: coordinator unavailable. isDisconnected: false. Rediscovery will be attempted.
email-sender-1                  | 2026-09-25T22:06:53.024Z  INFO 1 --- [ntainer#0-0-C-1] o.a.k.c.c.internals.ConsumerCoordinator  : [Consumer clientId=consumer-summary-email-service-group-1, groupId=summary-email-service-group] Requesting disconnect from last known coordinator kafka:9092 (id: 2147483646 rack: null isFenced: false)
kafka_compose                   | 	log.cleaner.dedupe.buffer.size = 134217728
kafka_compose                   | 	log.cleaner.delete.retention.ms = 86400000
kafka_compose                   | 	log.cleaner.enable = true
email-sender-1                  | 2026-09-25T22:06:53.092Z  INFO 1 --- [ntainer#1-0-C-1] o.a.k.c.c.internals.ConsumerCoordinator  : [Consumer clientId=consumer-consumer-service-group-2, groupId=consumer-service-group] Discovered group coordinator kafka:9092 (id: 2147483646 rack: null isFenced: false)
email-sender-1                  | 2026-09-25T22:06:53.094Z  INFO 1 --- [ntainer#1-0-C-1] o.a.k.c.c.internals.ConsumerCoordinator  : [Consumer clientId=consumer-consumer-service-group-2, groupId=consumer-service-group] Request joining group due to: rebalance failed due to 'This is not the correct coordinator.' (NotCoordinatorException)
email-sender-1                  | 2026-09-25T22:06:53.095Z  INFO 1 --- [ntainer#1-0-C-1] o.a.k.c.c.internals.ConsumerCoordinator  : [Consumer clientId=consumer-consumer-service-group-2, groupId=consumer-service-group] (Re-)joining group
email-sender-1                  | 2026-09-25T22:06:53.106Z  INFO 1 --- [ntainer#1-0-C-1] o.a.k.c.c.internals.ConsumerCoordinator  : [Consumer clientId=consumer-consumer-service-group-2, groupId=consumer-service-group] Group coordinator kafka:9092 (id: 2147483646 rack: null isFenced: false) is unavailable or invalid due to cause: error response NOT_COORDINATOR. isDisconnected: false. Rediscovery will be attempted.
email-sender-1                  | 2026-09-25T22:06:53.107Z  INFO 1 --- [ntainer#1-0-C-1] o.a.k.c.c.internals.ConsumerCoordinator  : [Consumer clientId=consumer-consumer-service-group-2, groupId=consumer-service-group] Requesting disconnect from last known coordinator kafka:9092 (id: 2147483646 rack: null isFenced: false)
kafka_compose                   | 	log.cleaner.io.buffer.load.factor = 0.9
kafka_compose                   | 	log.cleaner.io.buffer.size = 524288
kafka_compose                   | 	log.cleaner.io.max.bytes.per.second = 1.7976931348623157E308
email-sender-1                  | 2026-09-25T22:06:53.107Z  INFO 1 --- [ntainer#1-0-C-1] o.a.k.c.c.internals.ConsumerCoordinator  : [Consumer clientId=consumer-consumer-service-group-2, groupId=consumer-service-group] JoinGroup failed: This is not the correct coordinator. Marking coordinator unknown. Sent generation was Generation{generationId=-1, memberId='', protocol='null'}
email-sender-1                  | 2026-09-25T22:06:53.108Z  INFO 1 --- [ntainer#1-0-C-1] org.apache.kafka.clients.NetworkClient   : [Consumer clientId=consumer-consumer-service-group-2, groupId=consumer-service-group] Client requested disconnect from node 2147483646
kafka_compose                   | 	log.cleaner.max.compaction.lag.ms = 9223372036854775807
kafka_compose                   | 	log.cleaner.min.cleanable.ratio = 0.5
kafka_compose                   | 	log.cleaner.min.compaction.lag.ms = 0
email-sender-1                  | 2026-09-25T22:06:53.117Z  INFO 1 --- [ntainer#1-0-C-1] o.a.k.c.c.internals.ConsumerCoordinator  : [Consumer clientId=consumer-consumer-service-group-2, groupId=consumer-service-group] Discovered group coordinator kafka:9092 (id: 2147483646 rack: null isFenced: false)
email-sender-1                  | 2026-09-25T22:06:53.117Z  INFO 1 --- [ntainer#1-0-C-1] o.a.k.c.c.internals.ConsumerCoordinator  : [Consumer clientId=consumer-consumer-service-group-2, groupId=consumer-service-group] Group coordinator kafka:9092 (id: 2147483646 rack: null isFenced: false) is unavailable or invalid due to cause: coordinator unavailable. isDisconnected: false. Rediscovery will be attempted.
email-sender-1                  | 2026-09-25T22:06:53.117Z  INFO 1 --- [ntainer#1-0-C-1] o.a.k.c.c.internals.ConsumerCoordinator  : [Consumer clientId=consumer-consumer-service-group-2, groupId=consumer-service-group] Requesting disconnect from last known coordinator kafka:9092 (id: 2147483646 rack: null isFenced: false)
email-sender-1                  | 2026-09-25T22:06:53.145Z  INFO 1 --- [ntainer#0-0-C-1] o.a.k.c.c.internals.ConsumerCoordinator  : [Consumer clientId=consumer-summary-email-service-group-1, groupId=summary-email-service-group] Discovered group coordinator kafka:9092 (id: 2147483646 rack: null isFenced: false)
kafka_compose                   | 	log.cleaner.threads = 1
kafka_compose                   | 	log.cleanup.policy = [delete]
kafka_compose                   | 	log.dir = [/tmp/kafka-logs]
email-sender-1                  | 2026-09-25T22:06:53.151Z  INFO 1 --- [ntainer#0-0-C-1] o.a.k.c.c.internals.ConsumerCoordinator  : [Consumer clientId=consumer-summary-email-service-group-1, groupId=summary-email-service-group] Request joining group due to: rebalance failed due to 'This is not the correct coordinator.' (NotCoordinatorException)
email-sender-1                  | 2026-09-25T22:06:53.153Z  INFO 1 --- [ntainer#0-0-C-1] o.a.k.c.c.internals.ConsumerCoordinator  : [Consumer clientId=consumer-summary-email-service-group-1, groupId=summary-email-service-group] (Re-)joining group
kafka_compose                   | 	log.dir.failure.timeout.ms = 30000
kafka_compose                   | 	log.dirs = null
kafka_compose                   | 	log.flush.interval.messages = 9223372036854775807
kafka_compose                   | 	log.flush.interval.ms = null
email-sender-1                  | 2026-09-25T22:06:53.168Z  INFO 1 --- [ntainer#0-0-C-1] o.a.k.c.c.internals.ConsumerCoordinator  : [Consumer clientId=consumer-summary-email-service-group-1, groupId=summary-email-service-group] Group coordinator kafka:9092 (id: 2147483646 rack: null isFenced: false) is unavailable or invalid due to cause: error response NOT_COORDINATOR. isDisconnected: false. Rediscovery will be attempted.
email-sender-1                  | 2026-09-25T22:06:53.169Z  INFO 1 --- [ntainer#0-0-C-1] o.a.k.c.c.internals.ConsumerCoordinator  : [Consumer clientId=consumer-summary-email-service-group-1, groupId=summary-email-service-group] Requesting disconnect from last known coordinator kafka:9092 (id: 2147483646 rack: null isFenced: false)
email-sender-1                  | 2026-09-25T22:06:53.169Z  INFO 1 --- [ntainer#0-0-C-1] o.a.k.c.c.internals.ConsumerCoordinator  : [Consumer clientId=consumer-summary-email-service-group-1, groupId=summary-email-service-group] JoinGroup failed: This is not the correct coordinator. Marking coordinator unknown. Sent generation was Generation{generationId=-1, memberId='', protocol='null'}
email-sender-1                  | 2026-09-25T22:06:53.170Z  INFO 1 --- [ntainer#0-0-C-1] org.apache.kafka.clients.NetworkClient   : [Consumer clientId=consumer-summary-email-service-group-1, groupId=summary-email-service-group] Client requested disconnect from node 2147483646
kafka_compose                   | 	log.flush.offset.checkpoint.interval.ms = 60000
kafka_compose                   | 	log.flush.scheduler.interval.ms = 9223372036854775807
kafka_compose                   | 	log.flush.start.offset.checkpoint.interval.ms = 60000
email-sender-1                  | 2026-09-25T22:06:53.175Z  INFO 1 --- [ntainer#0-0-C-1] o.a.k.c.c.internals.ConsumerCoordinator  : [Consumer clientId=consumer-summary-email-service-group-1, groupId=summary-email-service-group] Discovered group coordinator kafka:9092 (id: 2147483646 rack: null isFenced: false)
email-sender-1                  | 2026-09-25T22:06:53.176Z  INFO 1 --- [ntainer#0-0-C-1] o.a.k.c.c.internals.ConsumerCoordinator  : [Consumer clientId=consumer-summary-email-service-group-1, groupId=summary-email-service-group] Group coordinator kafka:9092 (id: 2147483646 rack: null isFenced: false) is unavailable or invalid due to cause: coordinator unavailable. isDisconnected: false. Rediscovery will be attempted.
email-sender-1                  | 2026-09-25T22:06:53.176Z  INFO 1 --- [ntainer#0-0-C-1] o.a.k.c.c.internals.ConsumerCoordinator  : [Consumer clientId=consumer-summary-email-service-group-1, groupId=summary-email-service-group] Requesting disconnect from last known coordinator kafka:9092 (id: 2147483646 rack: null isFenced: false)
email-sender-1                  | 2026-09-25T22:06:53.212Z  INFO 1 --- [ntainer#1-0-C-1] o.a.k.c.c.internals.ConsumerCoordinator  : [Consumer clientId=consumer-consumer-service-group-2, groupId=consumer-service-group] Discovered group coordinator kafka:9092 (id: 2147483646 rack: null isFenced: false)
email-sender-1                  | 2026-09-25T22:06:53.214Z  INFO 1 --- [ntainer#1-0-C-1] o.a.k.c.c.internals.ConsumerCoordinator  : [Consumer clientId=consumer-consumer-service-group-2, groupId=consumer-service-group] Request joining group due to: rebalance failed due to 'This is not the correct coordinator.' (NotCoordinatorException)
email-sender-1                  | 2026-09-25T22:06:53.215Z  INFO 1 --- [ntainer#1-0-C-1] o.a.k.c.c.internals.ConsumerCoordinator  : [Consumer clientId=consumer-consumer-service-group-2, groupId=consumer-service-group] (Re-)joining group
kafka_compose                   | 	log.index.interval.bytes = 4096
kafka_compose                   | 	log.index.size.max.bytes = 10485760
email-sender-1                  | 2026-09-25T22:06:53.231Z  INFO 1 --- [ntainer#1-0-C-1] o.a.k.c.c.internals.ConsumerCoordinator  : [Consumer clientId=consumer-consumer-service-group-2, groupId=consumer-service-group] Group coordinator kafka:9092 (id: 2147483646 rack: null isFenced: false) is unavailable or invalid due to cause: error response NOT_COORDINATOR. isDisconnected: false. Rediscovery will be attempted.
email-sender-1                  | 2026-09-25T22:06:53.242Z  INFO 1 --- [ntainer#1-0-C-1] o.a.k.c.c.internals.ConsumerCoordinator  : [Consumer clientId=consumer-consumer-service-group-2, groupId=consumer-service-group] Requesting disconnect from last known coordinator kafka:9092 (id: 2147483646 rack: null isFenced: false)
email-sender-1                  | 2026-09-25T22:06:53.242Z  INFO 1 --- [ntainer#1-0-C-1] o.a.k.c.c.internals.ConsumerCoordinator  : [Consumer clientId=consumer-consumer-service-group-2, groupId=consumer-service-group] JoinGroup failed: This is not the correct coordinator. Marking coordinator unknown. Sent generation was Generation{generationId=-1, memberId='', protocol='null'}
email-sender-1                  | 2026-09-25T22:06:53.243Z  INFO 1 --- [ntainer#1-0-C-1] org.apache.kafka.clients.NetworkClient   : [Consumer clientId=consumer-consumer-service-group-2, groupId=consumer-service-group] Client requested disconnect from node 2147483646
kafka_compose                   | 	log.initial.task.delay.ms = 30000
kafka_compose                   | 	log.local.retention.bytes = -2
kafka_compose                   | 	log.local.retention.ms = -2
kafka_compose                   | 	log.message.timestamp.after.max.ms = 3600000
kafka_compose                   | 	log.message.timestamp.before.max.ms = 9223372036854775807
email-sender-1                  | 2026-09-25T22:06:53.247Z  INFO 1 --- [ntainer#1-0-C-1] o.a.k.c.c.internals.ConsumerCoordinator  : [Consumer clientId=consumer-consumer-service-group-2, groupId=consumer-service-group] Discovered group coordinator kafka:9092 (id: 2147483646 rack: null isFenced: false)
email-sender-1                  | 2026-09-25T22:06:53.248Z  INFO 1 --- [ntainer#1-0-C-1] o.a.k.c.c.internals.ConsumerCoordinator  : [Consumer clientId=consumer-consumer-service-group-2, groupId=consumer-service-group] Group coordinator kafka:9092 (id: 2147483646 rack: null isFenced: false) is unavailable or invalid due to cause: coordinator unavailable. isDisconnected: false. Rediscovery will be attempted.
email-sender-1                  | 2026-09-25T22:06:53.248Z  INFO 1 --- [ntainer#1-0-C-1] o.a.k.c.c.internals.ConsumerCoordinator  : [Consumer clientId=consumer-consumer-service-group-2, groupId=consumer-service-group] Requesting disconnect from last known coordinator kafka:9092 (id: 2147483646 rack: null isFenced: false)
email-sender-1                  | 2026-09-25T22:06:53.289Z  INFO 1 --- [ntainer#0-0-C-1] o.a.k.c.c.internals.ConsumerCoordinator  : [Consumer clientId=consumer-summary-email-service-group-1, groupId=summary-email-service-group] Discovered group coordinator kafka:9092 (id: 2147483646 rack: null isFenced: false)
email-sender-1                  | 2026-09-25T22:06:53.291Z  INFO 1 --- [ntainer#0-0-C-1] o.a.k.c.c.internals.ConsumerCoordinator  : [Consumer clientId=consumer-summary-email-service-group-1, groupId=summary-email-service-group] Request joining group due to: rebalance failed due to 'This is not the correct coordinator.' (NotCoordinatorException)
email-sender-1                  | 2026-09-25T22:06:53.293Z  INFO 1 --- [ntainer#0-0-C-1] o.a.k.c.c.internals.ConsumerCoordinator  : [Consumer clientId=consumer-summary-email-service-group-1, groupId=summary-email-service-group] (Re-)joining group
kafka_compose                   | 	log.message.timestamp.type = CreateTime
kafka_compose                   | 	log.preallocate = false
kafka_compose                   | 	log.retention.bytes = -1
email-sender-1                  | 2026-09-25T22:06:53.310Z  INFO 1 --- [ntainer#0-0-C-1] o.a.k.c.c.internals.ConsumerCoordinator  : [Consumer clientId=consumer-summary-email-service-group-1, groupId=summary-email-service-group] Group coordinator kafka:9092 (id: 2147483646 rack: null isFenced: false) is unavailable or invalid due to cause: error response NOT_COORDINATOR. isDisconnected: false. Rediscovery will be attempted.
email-sender-1                  | 2026-09-25T22:06:53.310Z  INFO 1 --- [ntainer#0-0-C-1] o.a.k.c.c.internals.ConsumerCoordinator  : [Consumer clientId=consumer-summary-email-service-group-1, groupId=summary-email-service-group] Requesting disconnect from last known coordinator kafka:9092 (id: 2147483646 rack: null isFenced: false)
email-sender-1                  | 2026-09-25T22:06:53.311Z  INFO 1 --- [ntainer#0-0-C-1] o.a.k.c.c.internals.ConsumerCoordinator  : [Consumer clientId=consumer-summary-email-service-group-1, groupId=summary-email-service-group] JoinGroup failed: This is not the correct coordinator. Marking coordinator unknown. Sent generation was Generation{generationId=-1, memberId='', protocol='null'}
email-sender-1                  | 2026-09-25T22:06:53.311Z  INFO 1 --- [ntainer#0-0-C-1] org.apache.kafka.clients.NetworkClient   : [Consumer clientId=consumer-summary-email-service-group-1, groupId=summary-email-service-group] Client requested disconnect from node 2147483646
email-sender-1                  | 2026-09-25T22:06:53.316Z  INFO 1 --- [ntainer#0-0-C-1] o.a.k.c.c.internals.ConsumerCoordinator  : [Consumer clientId=consumer-summary-email-service-group-1, groupId=summary-email-service-group] Discovered group coordinator kafka:9092 (id: 2147483646 rack: null isFenced: false)
kafka_compose                   | 	log.retention.check.interval.ms = 300000
kafka_compose                   | 	log.retention.hours = 168
email-sender-1                  | 2026-09-25T22:06:53.317Z  INFO 1 --- [ntainer#0-0-C-1] o.a.k.c.c.internals.ConsumerCoordinator  : [Consumer clientId=consumer-summary-email-service-group-1, groupId=summary-email-service-group] Group coordinator kafka:9092 (id: 2147483646 rack: null isFenced: false) is unavailable or invalid due to cause: coordinator unavailable. isDisconnected: false. Rediscovery will be attempted.
email-sender-1                  | 2026-09-25T22:06:53.317Z  INFO 1 --- [ntainer#0-0-C-1] o.a.k.c.c.internals.ConsumerCoordinator  : [Consumer clientId=consumer-summary-email-service-group-1, groupId=summary-email-service-group] Requesting disconnect from last known coordinator kafka:9092 (id: 2147483646 rack: null isFenced: false)
email-sender-1                  | 2026-09-25T22:06:53.347Z  INFO 1 --- [ntainer#1-0-C-1] o.a.k.c.c.internals.ConsumerCoordinator  : [Consumer clientId=consumer-consumer-service-group-2, groupId=consumer-service-group] Discovered group coordinator kafka:9092 (id: 2147483646 rack: null isFenced: false)
email-sender-1                  | 2026-09-25T22:06:53.349Z  INFO 1 --- [ntainer#1-0-C-1] o.a.k.c.c.internals.ConsumerCoordinator  : [Consumer clientId=consumer-consumer-service-group-2, groupId=consumer-service-group] Request joining group due to: rebalance failed due to 'This is not the correct coordinator.' (NotCoordinatorException)
email-sender-1                  | 2026-09-25T22:06:53.350Z  INFO 1 --- [ntainer#1-0-C-1] o.a.k.c.c.internals.ConsumerCoordinator  : [Consumer clientId=consumer-consumer-service-group-2, groupId=consumer-service-group] (Re-)joining group
email-sender-1                  | 2026-09-25T22:06:53.357Z  INFO 1 --- [ntainer#1-0-C-1] o.a.k.c.c.internals.ConsumerCoordinator  : [Consumer clientId=consumer-consumer-service-group-2, groupId=consumer-service-group] Group coordinator kafka:9092 (id: 2147483646 rack: null isFenced: false) is unavailable or invalid due to cause: error response NOT_COORDINATOR. isDisconnected: false. Rediscovery will be attempted.
kafka_compose                   | 	log.retention.minutes = null
kafka_compose                   | 	log.retention.ms = null
email-sender-1                  | 2026-09-25T22:06:53.357Z  INFO 1 --- [ntainer#1-0-C-1] o.a.k.c.c.internals.ConsumerCoordinator  : [Consumer clientId=consumer-consumer-service-group-2, groupId=consumer-service-group] Requesting disconnect from last known coordinator kafka:9092 (id: 2147483646 rack: null isFenced: false)
email-sender-1                  | 2026-09-25T22:06:53.358Z  INFO 1 --- [ntainer#1-0-C-1] o.a.k.c.c.internals.ConsumerCoordinator  : [Consumer clientId=consumer-consumer-service-group-2, groupId=consumer-service-group] JoinGroup failed: This is not the correct coordinator. Marking coordinator unknown. Sent generation was Generation{generationId=-1, memberId='', protocol='null'}
email-sender-1                  | 2026-09-25T22:06:53.358Z  INFO 1 --- [ntainer#1-0-C-1] org.apache.kafka.clients.NetworkClient   : [Consumer clientId=consumer-consumer-service-group-2, groupId=consumer-service-group] Client requested disconnect from node 2147483646
kafka_compose                   | 	log.roll.hours = 168
kafka_compose                   | 	log.roll.jitter.hours = 0
email-sender-1                  | 2026-09-25T22:06:53.364Z  INFO 1 --- [ntainer#1-0-C-1] o.a.k.c.c.internals.ConsumerCoordinator  : [Consumer clientId=consumer-consumer-service-group-2, groupId=consumer-service-group] Discovered group coordinator kafka:9092 (id: 2147483646 rack: null isFenced: false)
email-sender-1                  | 2026-09-25T22:06:53.365Z  INFO 1 --- [ntainer#1-0-C-1] o.a.k.c.c.internals.ConsumerCoordinator  : [Consumer clientId=consumer-consumer-service-group-2, groupId=consumer-service-group] Group coordinator kafka:9092 (id: 2147483646 rack: null isFenced: false) is unavailable or invalid due to cause: coordinator unavailable. isDisconnected: false. Rediscovery will be attempted.
email-sender-1                  | 2026-09-25T22:06:53.365Z  INFO 1 --- [ntainer#1-0-C-1] o.a.k.c.c.internals.ConsumerCoordinator  : [Consumer clientId=consumer-consumer-service-group-2, groupId=consumer-service-group] Requesting disconnect from last known coordinator kafka:9092 (id: 2147483646 rack: null isFenced: false)
kafka_compose                   | 	log.roll.jitter.ms = null
kafka_compose                   | 	log.roll.ms = null
email-sender-1                  | 2026-09-25T22:06:53.416Z  INFO 1 --- [ntainer#0-0-C-1] o.a.k.c.c.internals.ConsumerCoordinator  : [Consumer clientId=consumer-summary-email-service-group-1, groupId=summary-email-service-group] Discovered group coordinator kafka:9092 (id: 2147483646 rack: null isFenced: false)
email-sender-1                  | 2026-09-25T22:06:53.418Z  INFO 1 --- [ntainer#0-0-C-1] o.a.k.c.c.internals.ConsumerCoordinator  : [Consumer clientId=consumer-summary-email-service-group-1, groupId=summary-email-service-group] Request joining group due to: rebalance failed due to 'This is not the correct coordinator.' (NotCoordinatorException)
email-sender-1                  | 2026-09-25T22:06:53.420Z  INFO 1 --- [ntainer#0-0-C-1] o.a.k.c.c.internals.ConsumerCoordinator  : [Consumer clientId=consumer-summary-email-service-group-1, groupId=summary-email-service-group] (Re-)joining group
email-sender-1                  | 2026-09-25T22:06:53.434Z  INFO 1 --- [ntainer#0-0-C-1] o.a.k.c.c.internals.ConsumerCoordinator  : [Consumer clientId=consumer-summary-email-service-group-1, groupId=summary-email-service-group] Group coordinator kafka:9092 (id: 2147483646 rack: null isFenced: false) is unavailable or invalid due to cause: error response NOT_COORDINATOR. isDisconnected: false. Rediscovery will be attempted.
email-sender-1                  | 2026-09-25T22:06:53.434Z  INFO 1 --- [ntainer#0-0-C-1] o.a.k.c.c.internals.ConsumerCoordinator  : [Consumer clientId=consumer-summary-email-service-group-1, groupId=summary-email-service-group] Requesting disconnect from last known coordinator kafka:9092 (id: 2147483646 rack: null isFenced: false)
email-sender-1                  | 2026-09-25T22:06:53.434Z  INFO 1 --- [ntainer#0-0-C-1] o.a.k.c.c.internals.ConsumerCoordinator  : [Consumer clientId=consumer-summary-email-service-group-1, groupId=summary-email-service-group] JoinGroup failed: This is not the correct coordinator. Marking coordinator unknown. Sent generation was Generation{generationId=-1, memberId='', protocol='null'}
kafka_compose                   | 	log.segment.bytes = 1073741824
kafka_compose                   | 	log.segment.delete.delay.ms = 60000
kafka_compose                   | 	max.connection.creation.rate = 2147483647
email-sender-1                  | 2026-09-25T22:06:53.435Z  INFO 1 --- [ntainer#0-0-C-1] org.apache.kafka.clients.NetworkClient   : [Consumer clientId=consumer-summary-email-service-group-1, groupId=summary-email-service-group] Client requested disconnect from node 2147483646
kafka_compose                   | 	max.connections = 2147483647
email-sender-1                  | 2026-09-25T22:06:53.440Z  INFO 1 --- [ntainer#0-0-C-1] o.a.k.c.c.internals.ConsumerCoordinator  : [Consumer clientId=consumer-summary-email-service-group-1, groupId=summary-email-service-group] Discovered group coordinator kafka:9092 (id: 2147483646 rack: null isFenced: false)
email-sender-1                  | 2026-09-25T22:06:53.441Z  INFO 1 --- [ntainer#0-0-C-1] o.a.k.c.c.internals.ConsumerCoordinator  : [Consumer clientId=consumer-summary-email-service-group-1, groupId=summary-email-service-group] Group coordinator kafka:9092 (id: 2147483646 rack: null isFenced: false) is unavailable or invalid due to cause: coordinator unavailable. isDisconnected: false. Rediscovery will be attempted.
kafka_compose                   | 	max.connections.per.ip = 2147483647
kafka_compose                   | 	max.connections.per.ip.overrides = 
email-sender-1                  | 2026-09-25T22:06:53.442Z  INFO 1 --- [ntainer#0-0-C-1] o.a.k.c.c.internals.ConsumerCoordinator  : [Consumer clientId=consumer-summary-email-service-group-1, groupId=summary-email-service-group] Requesting disconnect from last known coordinator kafka:9092 (id: 2147483646 rack: null isFenced: false)
email-sender-1                  | 2026-09-25T22:06:53.449Z  INFO 1 --- [ntainer#1-0-C-1] o.a.k.c.c.internals.ConsumerCoordinator  : [Consumer clientId=consumer-consumer-service-group-2, groupId=consumer-service-group] Discovered group coordinator kafka:9092 (id: 2147483646 rack: null isFenced: false)
kafka_compose                   | 	max.incremental.fetch.session.cache.slots = 1000
kafka_compose                   | 	max.request.partition.size.limit = 2000
kafka_compose                   | 	message.max.bytes = 1048588
kafka_compose                   | 	metadata.log.dir = null
kafka_compose                   | 	metadata.log.max.record.bytes.between.snapshots = 20971520
kafka_compose                   | 	metadata.log.max.snapshot.interval.ms = 3600000
kafka_compose                   | 	metadata.log.segment.bytes = 1073741824
kafka_compose                   | 	metadata.log.segment.ms = 604800000
kafka_compose                   | 	metadata.max.idle.interval.ms = 500
email-sender-1                  | 2026-09-25T22:06:53.452Z  INFO 1 --- [ntainer#1-0-C-1] o.a.k.c.c.internals.ConsumerCoordinator  : [Consumer clientId=consumer-consumer-service-group-2, groupId=consumer-service-group] Request joining group due to: rebalance failed due to 'This is not the correct coordinator.' (NotCoordinatorException)
email-sender-1                  | 2026-09-25T22:06:53.453Z  INFO 1 --- [ntainer#1-0-C-1] o.a.k.c.c.internals.ConsumerCoordinator  : [Consumer clientId=consumer-consumer-service-group-2, groupId=consumer-service-group] (Re-)joining group
email-sender-1                  | 2026-09-25T22:06:53.458Z  INFO 1 --- [ntainer#1-0-C-1] o.a.k.c.c.internals.ConsumerCoordinator  : [Consumer clientId=consumer-consumer-service-group-2, groupId=consumer-service-group] Group coordinator kafka:9092 (id: 2147483646 rack: null isFenced: false) is unavailable or invalid due to cause: error response NOT_COORDINATOR. isDisconnected: false. Rediscovery will be attempted.
email-sender-1                  | 2026-09-25T22:06:53.459Z  INFO 1 --- [ntainer#1-0-C-1] o.a.k.c.c.internals.ConsumerCoordinator  : [Consumer clientId=consumer-consumer-service-group-2, groupId=consumer-service-group] Requesting disconnect from last known coordinator kafka:9092 (id: 2147483646 rack: null isFenced: false)
email-sender-1                  | 2026-09-25T22:06:53.460Z  INFO 1 --- [ntainer#1-0-C-1] o.a.k.c.c.internals.ConsumerCoordinator  : [Consumer clientId=consumer-consumer-service-group-2, groupId=consumer-service-group] JoinGroup failed: This is not the correct coordinator. Marking coordinator unknown. Sent generation was Generation{generationId=-1, memberId='', protocol='null'}
email-sender-1                  | 2026-09-25T22:06:53.462Z  INFO 1 --- [ntainer#1-0-C-1] org.apache.kafka.clients.NetworkClient   : [Consumer clientId=consumer-consumer-service-group-2, groupId=consumer-service-group] Client requested disconnect from node 2147483646
kafka_compose                   | 	metadata.max.retention.bytes = 104857600
kafka_compose                   | 	metadata.max.retention.ms = 604800000
kafka_compose                   | 	metric.reporters = [org.apache.kafka.common.metrics.JmxReporter]
email-sender-1                  | 2026-09-25T22:06:53.467Z  INFO 1 --- [ntainer#1-0-C-1] o.a.k.c.c.internals.ConsumerCoordinator  : [Consumer clientId=consumer-consumer-service-group-2, groupId=consumer-service-group] Discovered group coordinator kafka:9092 (id: 2147483646 rack: null isFenced: false)
email-sender-1                  | 2026-09-25T22:06:53.468Z  INFO 1 --- [ntainer#1-0-C-1] o.a.k.c.c.internals.ConsumerCoordinator  : [Consumer clientId=consumer-consumer-service-group-2, groupId=consumer-service-group] Group coordinator kafka:9092 (id: 2147483646 rack: null isFenced: false) is unavailable or invalid due to cause: coordinator unavailable. isDisconnected: false. Rediscovery will be attempted.
email-sender-1                  | 2026-09-25T22:06:53.469Z  INFO 1 --- [ntainer#1-0-C-1] o.a.k.c.c.internals.ConsumerCoordinator  : [Consumer clientId=consumer-consumer-service-group-2, groupId=consumer-service-group] Requesting disconnect from last known coordinator kafka:9092 (id: 2147483646 rack: null isFenced: false)
email-sender-1                  | 2026-09-25T22:06:53.543Z  INFO 1 --- [ntainer#0-0-C-1] o.a.k.c.c.internals.ConsumerCoordinator  : [Consumer clientId=consumer-summary-email-service-group-1, groupId=summary-email-service-group] Discovered group coordinator kafka:9092 (id: 2147483646 rack: null isFenced: false)
kafka_compose                   | 	metrics.num.samples = 2
email-sender-1                  | 2026-09-25T22:06:53.546Z  INFO 1 --- [ntainer#0-0-C-1] o.a.k.c.c.internals.ConsumerCoordinator  : [Consumer clientId=consumer-summary-email-service-group-1, groupId=summary-email-service-group] Request joining group due to: rebalance failed due to 'This is not the correct coordinator.' (NotCoordinatorException)
email-sender-1                  | 2026-09-25T22:06:53.548Z  INFO 1 --- [ntainer#0-0-C-1] o.a.k.c.c.internals.ConsumerCoordinator  : [Consumer clientId=consumer-summary-email-service-group-1, groupId=summary-email-service-group] (Re-)joining group
email-sender-1                  | 2026-09-25T22:06:53.554Z  INFO 1 --- [ntainer#0-0-C-1] o.a.k.c.c.internals.ConsumerCoordinator  : [Consumer clientId=consumer-summary-email-service-group-1, groupId=summary-email-service-group] Group coordinator kafka:9092 (id: 2147483646 rack: null isFenced: false) is unavailable or invalid due to cause: error response NOT_COORDINATOR. isDisconnected: false. Rediscovery will be attempted.
email-sender-1                  | 2026-09-25T22:06:53.554Z  INFO 1 --- [ntainer#0-0-C-1] o.a.k.c.c.internals.ConsumerCoordinator  : [Consumer clientId=consumer-summary-email-service-group-1, groupId=summary-email-service-group] Requesting disconnect from last known coordinator kafka:9092 (id: 2147483646 rack: null isFenced: false)
email-sender-1                  | 2026-09-25T22:06:53.554Z  INFO 1 --- [ntainer#0-0-C-1] o.a.k.c.c.internals.ConsumerCoordinator  : [Consumer clientId=consumer-summary-email-service-group-1, groupId=summary-email-service-group] JoinGroup failed: This is not the correct coordinator. Marking coordinator unknown. Sent generation was Generation{generationId=-1, memberId='', protocol='null'}
email-sender-1                  | 2026-09-25T22:06:53.555Z  INFO 1 --- [ntainer#0-0-C-1] org.apache.kafka.clients.NetworkClient   : [Consumer clientId=consumer-summary-email-service-group-1, groupId=summary-email-service-group] Client requested disconnect from node 2147483646
kafka_compose                   | 	metrics.recording.level = INFO
kafka_compose                   | 	metrics.sample.window.ms = 30000
email-sender-1                  | 2026-09-25T22:06:53.558Z  INFO 1 --- [ntainer#0-0-C-1] o.a.k.c.c.internals.ConsumerCoordinator  : [Consumer clientId=consumer-summary-email-service-group-1, groupId=summary-email-service-group] Discovered group coordinator kafka:9092 (id: 2147483646 rack: null isFenced: false)
email-sender-1                  | 2026-09-25T22:06:53.559Z  INFO 1 --- [ntainer#0-0-C-1] o.a.k.c.c.internals.ConsumerCoordinator  : [Consumer clientId=consumer-summary-email-service-group-1, groupId=summary-email-service-group] Group coordinator kafka:9092 (id: 2147483646 rack: null isFenced: false) is unavailable or invalid due to cause: coordinator unavailable. isDisconnected: false. Rediscovery will be attempted.
email-sender-1                  | 2026-09-25T22:06:53.559Z  INFO 1 --- [ntainer#0-0-C-1] o.a.k.c.c.internals.ConsumerCoordinator  : [Consumer clientId=consumer-summary-email-service-group-1, groupId=summary-email-service-group] Requesting disconnect from last known coordinator kafka:9092 (id: 2147483646 rack: null isFenced: false)
email-sender-1                  | 2026-09-25T22:06:53.584Z  INFO 1 --- [ntainer#1-0-C-1] o.a.k.c.c.internals.ConsumerCoordinator  : [Consumer clientId=consumer-consumer-service-group-2, groupId=consumer-service-group] Discovered group coordinator kafka:9092 (id: 2147483646 rack: null isFenced: false)
email-sender-1                  | 2026-09-25T22:06:53.586Z  INFO 1 --- [ntainer#1-0-C-1] o.a.k.c.c.internals.ConsumerCoordinator  : [Consumer clientId=consumer-consumer-service-group-2, groupId=consumer-service-group] Request joining group due to: rebalance failed due to 'This is not the correct coordinator.' (NotCoordinatorException)
kafka_compose                   | 	min.insync.replicas = 1
kafka_compose                   | 	node.id = 1
email-sender-1                  | 2026-09-25T22:06:53.587Z  INFO 1 --- [ntainer#1-0-C-1] o.a.k.c.c.internals.ConsumerCoordinator  : [Consumer clientId=consumer-consumer-service-group-2, groupId=consumer-service-group] (Re-)joining group
email-sender-1                  | 2026-09-25T22:06:53.592Z  INFO 1 --- [ntainer#1-0-C-1] o.a.k.c.c.internals.ConsumerCoordinator  : [Consumer clientId=consumer-consumer-service-group-2, groupId=consumer-service-group] Group coordinator kafka:9092 (id: 2147483646 rack: null isFenced: false) is unavailable or invalid due to cause: error response NOT_COORDINATOR. isDisconnected: false. Rediscovery will be attempted.
email-sender-1                  | 2026-09-25T22:06:53.593Z  INFO 1 --- [ntainer#1-0-C-1] o.a.k.c.c.internals.ConsumerCoordinator  : [Consumer clientId=consumer-consumer-service-group-2, groupId=consumer-service-group] Requesting disconnect from last known coordinator kafka:9092 (id: 2147483646 rack: null isFenced: false)
email-sender-1                  | 2026-09-25T22:06:53.593Z  INFO 1 --- [ntainer#1-0-C-1] o.a.k.c.c.internals.ConsumerCoordinator  : [Consumer clientId=consumer-consumer-service-group-2, groupId=consumer-service-group] JoinGroup failed: This is not the correct coordinator. Marking coordinator unknown. Sent generation was Generation{generationId=-1, memberId='', protocol='null'}
kafka_compose                   | 	num.io.threads = 8
kafka_compose                   | 	num.network.threads = 3
kafka_compose                   | 	num.partitions = 1
kafka_compose                   | 	num.recovery.threads.per.data.dir = 2
kafka_compose                   | 	num.replica.alter.log.dirs.threads = null
kafka_compose                   | 	num.replica.fetchers = 1
kafka_compose                   | 	offset.metadata.max.bytes = 4096
kafka_compose                   | 	offsets.commit.timeout.ms = 5000
kafka_compose                   | 	offsets.load.buffer.size = 5242880
kafka_compose                   | 	offsets.retention.check.interval.ms = 600000
kafka_compose                   | 	offsets.retention.minutes = 10080
kafka_compose                   | 	offsets.topic.compression.codec = 0
kafka_compose                   | 	offsets.topic.num.partitions = 50
kafka_compose                   | 	offsets.topic.replication.factor = 1
kafka_compose                   | 	offsets.topic.segment.bytes = 104857600
kafka_compose                   | 	principal.builder.class = class org.apache.kafka.common.security.authenticator.DefaultKafkaPrincipalBuilder
kafka_compose                   | 	process.roles = [broker, controller]
kafka_compose                   | 	producer.id.expiration.check.interval.ms = 600000
kafka_compose                   | 	producer.id.expiration.ms = 86400000
kafka_compose                   | 	producer.purgatory.purge.interval.requests = 1000
kafka_compose                   | 	queued.max.request.bytes = -1
kafka_compose                   | 	queued.max.requests = 500
kafka_compose                   | 	quota.window.num = 11
kafka_compose                   | 	quota.window.size.seconds = 1
kafka_compose                   | 	remote.fetch.max.wait.ms = 500
kafka_compose                   | 	remote.list.offsets.request.timeout.ms = 30000
kafka_compose                   | 	remote.log.index.file.cache.total.size.bytes = 1073741824
kafka_compose                   | 	remote.log.index.file.cache.ttl.ms = 900000
kafka_compose                   | 	remote.log.manager.copier.thread.pool.size = 10
kafka_compose                   | 	remote.log.manager.copy.max.bytes.per.second = 9223372036854775807
kafka_compose                   | 	remote.log.manager.copy.quota.window.num = 11
email-sender-1                  | 2026-09-25T22:06:53.594Z  INFO 1 --- [ntainer#1-0-C-1] org.apache.kafka.clients.NetworkClient   : [Consumer clientId=consumer-consumer-service-group-2, groupId=consumer-service-group] Client requested disconnect from node 2147483646
email-sender-1                  | 2026-09-25T22:06:53.597Z  INFO 1 --- [ntainer#1-0-C-1] o.a.k.c.c.internals.ConsumerCoordinator  : [Consumer clientId=consumer-consumer-service-group-2, groupId=consumer-service-group] Discovered group coordinator kafka:9092 (id: 2147483646 rack: null isFenced: false)
kafka_compose                   | 	remote.log.manager.copy.quota.window.size.seconds = 1
kafka_compose                   | 	remote.log.manager.expiration.thread.pool.size = 10
kafka_compose                   | 	remote.log.manager.fetch.max.bytes.per.second = 9223372036854775807
kafka_compose                   | 	remote.log.manager.fetch.quota.window.num = 11
email-sender-1                  | 2026-09-25T22:06:53.598Z  INFO 1 --- [ntainer#1-0-C-1] o.a.k.c.c.internals.ConsumerCoordinator  : [Consumer clientId=consumer-consumer-service-group-2, groupId=consumer-service-group] Group coordinator kafka:9092 (id: 2147483646 rack: null isFenced: false) is unavailable or invalid due to cause: coordinator unavailable. isDisconnected: false. Rediscovery will be attempted.
email-sender-1                  | 2026-09-25T22:06:53.598Z  INFO 1 --- [ntainer#1-0-C-1] o.a.k.c.c.internals.ConsumerCoordinator  : [Consumer clientId=consumer-consumer-service-group-2, groupId=consumer-service-group] Requesting disconnect from last known coordinator kafka:9092 (id: 2147483646 rack: null isFenced: false)
email-sender-1                  | 2026-09-25T22:06:53.666Z  INFO 1 --- [ntainer#0-0-C-1] o.a.k.c.c.internals.ConsumerCoordinator  : [Consumer clientId=consumer-summary-email-service-group-1, groupId=summary-email-service-group] Discovered group coordinator kafka:9092 (id: 2147483646 rack: null isFenced: false)
email-sender-1                  | 2026-09-25T22:06:53.668Z  INFO 1 --- [ntainer#0-0-C-1] o.a.k.c.c.internals.ConsumerCoordinator  : [Consumer clientId=consumer-summary-email-service-group-1, groupId=summary-email-service-group] Request joining group due to: rebalance failed due to 'This is not the correct coordinator.' (NotCoordinatorException)
email-sender-1                  | 2026-09-25T22:06:53.670Z  INFO 1 --- [ntainer#0-0-C-1] o.a.k.c.c.internals.ConsumerCoordinator  : [Consumer clientId=consumer-summary-email-service-group-1, groupId=summary-email-service-group] (Re-)joining group
email-sender-1                  | 2026-09-25T22:06:53.676Z  INFO 1 --- [ntainer#0-0-C-1] o.a.k.c.c.internals.ConsumerCoordinator  : [Consumer clientId=consumer-summary-email-service-group-1, groupId=summary-email-service-group] Group coordinator kafka:9092 (id: 2147483646 rack: null isFenced: false) is unavailable or invalid due to cause: error response NOT_COORDINATOR. isDisconnected: false. Rediscovery will be attempted.
email-sender-1                  | 2026-09-25T22:06:53.677Z  INFO 1 --- [ntainer#0-0-C-1] o.a.k.c.c.internals.ConsumerCoordinator  : [Consumer clientId=consumer-summary-email-service-group-1, groupId=summary-email-service-group] Requesting disconnect from last known coordinator kafka:9092 (id: 2147483646 rack: null isFenced: false)
email-sender-1                  | 2026-09-25T22:06:53.682Z  INFO 1 --- [ntainer#0-0-C-1] o.a.k.c.c.internals.ConsumerCoordinator  : [Consumer clientId=consumer-summary-email-service-group-1, groupId=summary-email-service-group] JoinGroup failed: This is not the correct coordinator. Marking coordinator unknown. Sent generation was Generation{generationId=-1, memberId='', protocol='null'}
kafka_compose                   | 	remote.log.manager.fetch.quota.window.size.seconds = 1
kafka_compose                   | 	remote.log.manager.follower.thread.pool.size = 2
kafka_compose                   | 	remote.log.manager.task.interval.ms = 30000
email-sender-1                  | 2026-09-25T22:06:53.683Z  INFO 1 --- [ntainer#0-0-C-1] org.apache.kafka.clients.NetworkClient   : [Consumer clientId=consumer-summary-email-service-group-1, groupId=summary-email-service-group] Client requested disconnect from node 2147483646
email-sender-1                  | 2026-09-25T22:06:53.688Z  INFO 1 --- [ntainer#0-0-C-1] o.a.k.c.c.internals.ConsumerCoordinator  : [Consumer clientId=consumer-summary-email-service-group-1, groupId=summary-email-service-group] Discovered group coordinator kafka:9092 (id: 2147483646 rack: null isFenced: false)
email-sender-1                  | 2026-09-25T22:06:53.689Z  INFO 1 --- [ntainer#0-0-C-1] o.a.k.c.c.internals.ConsumerCoordinator  : [Consumer clientId=consumer-summary-email-service-group-1, groupId=summary-email-service-group] Group coordinator kafka:9092 (id: 2147483646 rack: null isFenced: false) is unavailable or invalid due to cause: coordinator unavailable. isDisconnected: false. Rediscovery will be attempted.
email-sender-1                  | 2026-09-25T22:06:53.689Z  INFO 1 --- [ntainer#0-0-C-1] o.a.k.c.c.internals.ConsumerCoordinator  : [Consumer clientId=consumer-summary-email-service-group-1, groupId=summary-email-service-group] Requesting disconnect from last known coordinator kafka:9092 (id: 2147483646 rack: null isFenced: false)
email-sender-1                  | 2026-09-25T22:06:53.691Z  INFO 1 --- [ntainer#1-0-C-1] o.a.k.c.c.internals.ConsumerCoordinator  : [Consumer clientId=consumer-consumer-service-group-2, groupId=consumer-service-group] Discovered group coordinator kafka:9092 (id: 2147483646 rack: null isFenced: false)
email-sender-1                  | 2026-09-25T22:06:53.693Z  INFO 1 --- [ntainer#1-0-C-1] o.a.k.c.c.internals.ConsumerCoordinator  : [Consumer clientId=consumer-consumer-service-group-2, groupId=consumer-service-group] Request joining group due to: rebalance failed due to 'This is not the correct coordinator.' (NotCoordinatorException)
kafka_compose                   | 	remote.log.manager.task.retry.backoff.max.ms = 30000
kafka_compose                   | 	remote.log.manager.task.retry.backoff.ms = 500
kafka_compose                   | 	remote.log.manager.task.retry.jitter = 0.2
email-sender-1                  | 2026-09-25T22:06:53.694Z  INFO 1 --- [ntainer#1-0-C-1] o.a.k.c.c.internals.ConsumerCoordinator  : [Consumer clientId=consumer-consumer-service-group-2, groupId=consumer-service-group] (Re-)joining group
email-sender-1                  | 2026-09-25T22:06:53.699Z  INFO 1 --- [ntainer#1-0-C-1] o.a.k.c.c.internals.ConsumerCoordinator  : [Consumer clientId=consumer-consumer-service-group-2, groupId=consumer-service-group] Group coordinator kafka:9092 (id: 2147483646 rack: null isFenced: false) is unavailable or invalid due to cause: error response NOT_COORDINATOR. isDisconnected: false. Rediscovery will be attempted.
email-sender-1                  | 2026-09-25T22:06:53.700Z  INFO 1 --- [ntainer#1-0-C-1] o.a.k.c.c.internals.ConsumerCoordinator  : [Consumer clientId=consumer-consumer-service-group-2, groupId=consumer-service-group] Requesting disconnect from last known coordinator kafka:9092 (id: 2147483646 rack: null isFenced: false)
email-sender-1                  | 2026-09-25T22:06:53.700Z  INFO 1 --- [ntainer#1-0-C-1] o.a.k.c.c.internals.ConsumerCoordinator  : [Consumer clientId=consumer-consumer-service-group-2, groupId=consumer-service-group] JoinGroup failed: This is not the correct coordinator. Marking coordinator unknown. Sent generation was Generation{generationId=-1, memberId='', protocol='null'}
email-sender-1                  | 2026-09-25T22:06:53.700Z  INFO 1 --- [ntainer#1-0-C-1] org.apache.kafka.clients.NetworkClient   : [Consumer clientId=consumer-consumer-service-group-2, groupId=consumer-service-group] Client requested disconnect from node 2147483646
email-sender-1                  | 2026-09-25T22:06:53.704Z  INFO 1 --- [ntainer#1-0-C-1] o.a.k.c.c.internals.ConsumerCoordinator  : [Consumer clientId=consumer-consumer-service-group-2, groupId=consumer-service-group] Discovered group coordinator kafka:9092 (id: 2147483646 rack: null isFenced: false)
kafka_compose                   | 	remote.log.manager.thread.pool.size = 2
kafka_compose                   | 	remote.log.metadata.custom.metadata.max.bytes = 128
kafka_compose                   | 	remote.log.metadata.manager.class.name = org.apache.kafka.server.log.remote.metadata.storage.TopicBasedRemoteLogMetadataManager
kafka_compose                   | 	remote.log.metadata.manager.class.path = null
kafka_compose                   | 	remote.log.metadata.manager.impl.prefix = rlmm.config.
kafka_compose                   | 	remote.log.metadata.manager.listener.name = null
email-sender-1                  | 2026-09-25T22:06:53.705Z  INFO 1 --- [ntainer#1-0-C-1] o.a.k.c.c.internals.ConsumerCoordinator  : [Consumer clientId=consumer-consumer-service-group-2, groupId=consumer-service-group] Group coordinator kafka:9092 (id: 2147483646 rack: null isFenced: false) is unavailable or invalid due to cause: coordinator unavailable. isDisconnected: false. Rediscovery will be attempted.
email-sender-1                  | 2026-09-25T22:06:53.705Z  INFO 1 --- [ntainer#1-0-C-1] o.a.k.c.c.internals.ConsumerCoordinator  : [Consumer clientId=consumer-consumer-service-group-2, groupId=consumer-service-group] Requesting disconnect from last known coordinator kafka:9092 (id: 2147483646 rack: null isFenced: false)
email-sender-1                  | 2026-09-25T22:06:53.782Z  INFO 1 --- [ntainer#0-0-C-1] o.a.k.c.c.internals.ConsumerCoordinator  : [Consumer clientId=consumer-summary-email-service-group-1, groupId=summary-email-service-group] Discovered group coordinator kafka:9092 (id: 2147483646 rack: null isFenced: false)
email-sender-1                  | 2026-09-25T22:06:53.783Z  INFO 1 --- [ntainer#0-0-C-1] o.a.k.c.c.internals.ConsumerCoordinator  : [Consumer clientId=consumer-summary-email-service-group-1, groupId=summary-email-service-group] Request joining group due to: rebalance failed due to 'This is not the correct coordinator.' (NotCoordinatorException)
kafka_compose                   | 	remote.log.reader.max.pending.tasks = 100
kafka_compose                   | 	remote.log.reader.threads = 10
kafka_compose                   | 	remote.log.storage.manager.class.name = null
kafka_compose                   | 	remote.log.storage.manager.class.path = null
kafka_compose                   | 	remote.log.storage.manager.impl.prefix = rsm.config.
kafka_compose                   | 	remote.log.storage.system.enable = false
email-sender-1                  | 2026-09-25T22:06:53.784Z  INFO 1 --- [ntainer#0-0-C-1] o.a.k.c.c.internals.ConsumerCoordinator  : [Consumer clientId=consumer-summary-email-service-group-1, groupId=summary-email-service-group] (Re-)joining group
email-sender-1                  | 2026-09-25T22:06:53.787Z  INFO 1 --- [ntainer#0-0-C-1] o.a.k.c.c.internals.ConsumerCoordinator  : [Consumer clientId=consumer-summary-email-service-group-1, groupId=summary-email-service-group] Group coordinator kafka:9092 (id: 2147483646 rack: null isFenced: false) is unavailable or invalid due to cause: error response NOT_COORDINATOR. isDisconnected: false. Rediscovery will be attempted.
email-sender-1                  | 2026-09-25T22:06:53.787Z  INFO 1 --- [ntainer#0-0-C-1] o.a.k.c.c.internals.ConsumerCoordinator  : [Consumer clientId=consumer-summary-email-service-group-1, groupId=summary-email-service-group] Requesting disconnect from last known coordinator kafka:9092 (id: 2147483646 rack: null isFenced: false)
kafka_compose                   | 	replica.fetch.backoff.ms = 1000
kafka_compose                   | 	replica.fetch.max.bytes = 1048576
kafka_compose                   | 	replica.fetch.min.bytes = 1
email-sender-1                  | 2026-09-25T22:06:53.787Z  INFO 1 --- [ntainer#0-0-C-1] o.a.k.c.c.internals.ConsumerCoordinator  : [Consumer clientId=consumer-summary-email-service-group-1, groupId=summary-email-service-group] JoinGroup failed: This is not the correct coordinator. Marking coordinator unknown. Sent generation was Generation{generationId=-1, memberId='', protocol='null'}
email-sender-1                  | 2026-09-25T22:06:53.788Z  INFO 1 --- [ntainer#0-0-C-1] org.apache.kafka.clients.NetworkClient   : [Consumer clientId=consumer-summary-email-service-group-1, groupId=summary-email-service-group] Client requested disconnect from node 2147483646
email-sender-1                  | 2026-09-25T22:06:53.790Z  INFO 1 --- [ntainer#0-0-C-1] o.a.k.c.c.internals.ConsumerCoordinator  : [Consumer clientId=consumer-summary-email-service-group-1, groupId=summary-email-service-group] Discovered group coordinator kafka:9092 (id: 2147483646 rack: null isFenced: false)
kafka_compose                   | 	replica.fetch.response.max.bytes = 10485760
kafka_compose                   | 	replica.fetch.wait.max.ms = 500
email-sender-1                  | 2026-09-25T22:06:53.790Z  INFO 1 --- [ntainer#1-0-C-1] o.a.k.c.c.internals.ConsumerCoordinator  : [Consumer clientId=consumer-consumer-service-group-2, groupId=consumer-service-group] Discovered group coordinator kafka:9092 (id: 2147483646 rack: null isFenced: false)
email-sender-1                  | 2026-09-25T22:06:53.791Z  INFO 1 --- [ntainer#0-0-C-1] o.a.k.c.c.internals.ConsumerCoordinator  : [Consumer clientId=consumer-summary-email-service-group-1, groupId=summary-email-service-group] Group coordinator kafka:9092 (id: 2147483646 rack: null isFenced: false) is unavailable or invalid due to cause: coordinator unavailable. isDisconnected: false. Rediscovery will be attempted.
email-sender-1                  | 2026-09-25T22:06:53.791Z  INFO 1 --- [ntainer#0-0-C-1] o.a.k.c.c.internals.ConsumerCoordinator  : [Consumer clientId=consumer-summary-email-service-group-1, groupId=summary-email-service-group] Requesting disconnect from last known coordinator kafka:9092 (id: 2147483646 rack: null isFenced: false)
email-sender-1                  | 2026-09-25T22:06:53.792Z  INFO 1 --- [ntainer#1-0-C-1] o.a.k.c.c.internals.ConsumerCoordinator  : [Consumer clientId=consumer-consumer-service-group-2, groupId=consumer-service-group] Request joining group due to: rebalance failed due to 'This is not the correct coordinator.' (NotCoordinatorException)
email-sender-1                  | 2026-09-25T22:06:53.793Z  INFO 1 --- [ntainer#1-0-C-1] o.a.k.c.c.internals.ConsumerCoordinator  : [Consumer clientId=consumer-consumer-service-group-2, groupId=consumer-service-group] (Re-)joining group
email-sender-1                  | 2026-09-25T22:06:53.798Z  INFO 1 --- [ntainer#1-0-C-1] o.a.k.c.c.internals.ConsumerCoordinator  : [Consumer clientId=consumer-consumer-service-group-2, groupId=consumer-service-group] Group coordinator kafka:9092 (id: 2147483646 rack: null isFenced: false) is unavailable or invalid due to cause: error response NOT_COORDINATOR. isDisconnected: false. Rediscovery will be attempted.
email-sender-1                  | 2026-09-25T22:06:53.798Z  INFO 1 --- [ntainer#1-0-C-1] o.a.k.c.c.internals.ConsumerCoordinator  : [Consumer clientId=consumer-consumer-service-group-2, groupId=consumer-service-group] Requesting disconnect from last known coordinator kafka:9092 (id: 2147483646 rack: null isFenced: false)
kafka_compose                   | 	replica.high.watermark.checkpoint.interval.ms = 5000
kafka_compose                   | 	replica.lag.time.max.ms = 30000
email-sender-1                  | 2026-09-25T22:06:53.798Z  INFO 1 --- [ntainer#1-0-C-1] o.a.k.c.c.internals.ConsumerCoordinator  : [Consumer clientId=consumer-consumer-service-group-2, groupId=consumer-service-group] JoinGroup failed: This is not the correct coordinator. Marking coordinator unknown. Sent generation was Generation{generationId=-1, memberId='', protocol='null'}
email-sender-1                  | 2026-09-25T22:06:53.798Z  INFO 1 --- [ntainer#1-0-C-1] org.apache.kafka.clients.NetworkClient   : [Consumer clientId=consumer-consumer-service-group-2, groupId=consumer-service-group] Client requested disconnect from node 2147483646
email-sender-1                  | 2026-09-25T22:06:53.802Z  INFO 1 --- [ntainer#1-0-C-1] o.a.k.c.c.internals.ConsumerCoordinator  : [Consumer clientId=consumer-consumer-service-group-2, groupId=consumer-service-group] Discovered group coordinator kafka:9092 (id: 2147483646 rack: null isFenced: false)
email-sender-1                  | 2026-09-25T22:06:53.803Z  INFO 1 --- [ntainer#1-0-C-1] o.a.k.c.c.internals.ConsumerCoordinator  : [Consumer clientId=consumer-consumer-service-group-2, groupId=consumer-service-group] Group coordinator kafka:9092 (id: 2147483646 rack: null isFenced: false) is unavailable or invalid due to cause: coordinator unavailable. isDisconnected: false. Rediscovery will be attempted.
kafka_compose                   | 	replica.selector.class = null
kafka_compose                   | 	replica.socket.receive.buffer.bytes = 65536
kafka_compose                   | 	replica.socket.timeout.ms = 30000
email-sender-1                  | 2026-09-25T22:06:53.804Z  INFO 1 --- [ntainer#1-0-C-1] o.a.k.c.c.internals.ConsumerCoordinator  : [Consumer clientId=consumer-consumer-service-group-2, groupId=consumer-service-group] Requesting disconnect from last known coordinator kafka:9092 (id: 2147483646 rack: null isFenced: false)
email-sender-1                  | 2026-09-25T22:06:53.882Z  INFO 1 --- [ntainer#0-0-C-1] o.a.k.c.c.internals.ConsumerCoordinator  : [Consumer clientId=consumer-summary-email-service-group-1, groupId=summary-email-service-group] Discovered group coordinator kafka:9092 (id: 2147483646 rack: null isFenced: false)
email-sender-1                  | 2026-09-25T22:06:53.883Z  INFO 1 --- [ntainer#0-0-C-1] o.a.k.c.c.internals.ConsumerCoordinator  : [Consumer clientId=consumer-summary-email-service-group-1, groupId=summary-email-service-group] Request joining group due to: rebalance failed due to 'This is not the correct coordinator.' (NotCoordinatorException)
email-sender-1                  | 2026-09-25T22:06:53.884Z  INFO 1 --- [ntainer#0-0-C-1] o.a.k.c.c.internals.ConsumerCoordinator  : [Consumer clientId=consumer-summary-email-service-group-1, groupId=summary-email-service-group] (Re-)joining group
kafka_compose                   | 	replication.quota.window.num = 11
kafka_compose                   | 	replication.quota.window.size.seconds = 1
kafka_compose                   | 	request.timeout.ms = 30000
email-sender-1                  | 2026-09-25T22:06:53.887Z  INFO 1 --- [ntainer#0-0-C-1] o.a.k.c.c.internals.ConsumerCoordinator  : [Consumer clientId=consumer-summary-email-service-group-1, groupId=summary-email-service-group] Group coordinator kafka:9092 (id: 2147483646 rack: null isFenced: false) is unavailable or invalid due to cause: error response NOT_COORDINATOR. isDisconnected: false. Rediscovery will be attempted.
kafka_compose                   | 	sasl.client.callback.handler.class = null
kafka_compose                   | 	sasl.enabled.mechanisms = [GSSAPI]
kafka_compose                   | 	sasl.jaas.config = null
kafka_compose                   | 	sasl.kerberos.kinit.cmd = /usr/bin/kinit
kafka_compose                   | 	sasl.kerberos.min.time.before.relogin = 60000
email-sender-1                  | 2026-09-25T22:06:53.887Z  INFO 1 --- [ntainer#0-0-C-1] o.a.k.c.c.internals.ConsumerCoordinator  : [Consumer clientId=consumer-summary-email-service-group-1, groupId=summary-email-service-group] Requesting disconnect from last known coordinator kafka:9092 (id: 2147483646 rack: null isFenced: false)
email-sender-1                  | 2026-09-25T22:06:53.888Z  INFO 1 --- [ntainer#0-0-C-1] o.a.k.c.c.internals.ConsumerCoordinator  : [Consumer clientId=consumer-summary-email-service-group-1, groupId=summary-email-service-group] JoinGroup failed: This is not the correct coordinator. Marking coordinator unknown. Sent generation was Generation{generationId=-1, memberId='', protocol='null'}
kafka_compose                   | 	sasl.kerberos.principal.to.local.rules = [DEFAULT]
kafka_compose                   | 	sasl.kerberos.service.name = null
kafka_compose                   | 	sasl.kerberos.ticket.renew.jitter = 0.05
email-sender-1                  | 2026-09-25T22:06:53.890Z  INFO 1 --- [ntainer#0-0-C-1] org.apache.kafka.clients.NetworkClient   : [Consumer clientId=consumer-summary-email-service-group-1, groupId=summary-email-service-group] Client requested disconnect from node 2147483646
email-sender-1                  | 2026-09-25T22:06:53.892Z  INFO 1 --- [ntainer#0-0-C-1] o.a.k.c.c.internals.ConsumerCoordinator  : [Consumer clientId=consumer-summary-email-service-group-1, groupId=summary-email-service-group] Discovered group coordinator kafka:9092 (id: 2147483646 rack: null isFenced: false)
email-sender-1                  | 2026-09-25T22:06:53.892Z  INFO 1 --- [ntainer#0-0-C-1] o.a.k.c.c.internals.ConsumerCoordinator  : [Consumer clientId=consumer-summary-email-service-group-1, groupId=summary-email-service-group] Group coordinator kafka:9092 (id: 2147483646 rack: null isFenced: false) is unavailable or invalid due to cause: coordinator unavailable. isDisconnected: false. Rediscovery will be attempted.
kafka_compose                   | 	sasl.kerberos.ticket.renew.window.factor = 0.8
kafka_compose                   | 	sasl.login.callback.handler.class = null
kafka_compose                   | 	sasl.login.class = null
kafka_compose                   | 	sasl.login.connect.timeout.ms = null
email-sender-1                  | 2026-09-25T22:06:53.892Z  INFO 1 --- [ntainer#0-0-C-1] o.a.k.c.c.internals.ConsumerCoordinator  : [Consumer clientId=consumer-summary-email-service-group-1, groupId=summary-email-service-group] Requesting disconnect from last known coordinator kafka:9092 (id: 2147483646 rack: null isFenced: false)
email-sender-1                  | 2026-09-25T22:06:53.902Z  INFO 1 --- [ntainer#1-0-C-1] o.a.k.c.c.internals.ConsumerCoordinator  : [Consumer clientId=consumer-consumer-service-group-2, groupId=consumer-service-group] Discovered group coordinator kafka:9092 (id: 2147483646 rack: null isFenced: false)
email-sender-1                  | 2026-09-25T22:06:53.904Z  INFO 1 --- [ntainer#1-0-C-1] o.a.k.c.c.internals.ConsumerCoordinator  : [Consumer clientId=consumer-consumer-service-group-2, groupId=consumer-service-group] Request joining group due to: rebalance failed due to 'This is not the correct coordinator.' (NotCoordinatorException)
email-sender-1                  | 2026-09-25T22:06:53.905Z  INFO 1 --- [ntainer#1-0-C-1] o.a.k.c.c.internals.ConsumerCoordinator  : [Consumer clientId=consumer-consumer-service-group-2, groupId=consumer-service-group] (Re-)joining group
email-sender-1                  | 2026-09-25T22:06:53.908Z  INFO 1 --- [ntainer#1-0-C-1] o.a.k.c.c.internals.ConsumerCoordinator  : [Consumer clientId=consumer-consumer-service-group-2, groupId=consumer-service-group] Group coordinator kafka:9092 (id: 2147483646 rack: null isFenced: false) is unavailable or invalid due to cause: error response NOT_COORDINATOR. isDisconnected: false. Rediscovery will be attempted.
kafka_compose                   | 	sasl.login.read.timeout.ms = null
kafka_compose                   | 	sasl.login.refresh.buffer.seconds = 300
email-sender-1                  | 2026-09-25T22:06:53.908Z  INFO 1 --- [ntainer#1-0-C-1] o.a.k.c.c.internals.ConsumerCoordinator  : [Consumer clientId=consumer-consumer-service-group-2, groupId=consumer-service-group] Requesting disconnect from last known coordinator kafka:9092 (id: 2147483646 rack: null isFenced: false)
email-sender-1                  | 2026-09-25T22:06:53.908Z  INFO 1 --- [ntainer#1-0-C-1] o.a.k.c.c.internals.ConsumerCoordinator  : [Consumer clientId=consumer-consumer-service-group-2, groupId=consumer-service-group] JoinGroup failed: This is not the correct coordinator. Marking coordinator unknown. Sent generation was Generation{generationId=-1, memberId='', protocol='null'}
email-sender-1                  | 2026-09-25T22:06:53.909Z  INFO 1 --- [ntainer#1-0-C-1] org.apache.kafka.clients.NetworkClient   : [Consumer clientId=consumer-consumer-service-group-2, groupId=consumer-service-group] Client requested disconnect from node 2147483646
kafka_compose                   | 	sasl.login.refresh.min.period.seconds = 60
kafka_compose                   | 	sasl.login.refresh.window.factor = 0.8
kafka_compose                   | 	sasl.login.refresh.window.jitter = 0.05
email-sender-1                  | 2026-09-25T22:06:53.911Z  INFO 1 --- [ntainer#1-0-C-1] o.a.k.c.c.internals.ConsumerCoordinator  : [Consumer clientId=consumer-consumer-service-group-2, groupId=consumer-service-group] Discovered group coordinator kafka:9092 (id: 2147483646 rack: null isFenced: false)
email-sender-1                  | 2026-09-25T22:06:53.911Z  INFO 1 --- [ntainer#1-0-C-1] o.a.k.c.c.internals.ConsumerCoordinator  : [Consumer clientId=consumer-consumer-service-group-2, groupId=consumer-service-group] Group coordinator kafka:9092 (id: 2147483646 rack: null isFenced: false) is unavailable or invalid due to cause: coordinator unavailable. isDisconnected: false. Rediscovery will be attempted.
kafka_compose                   | 	sasl.login.retry.backoff.max.ms = 10000
kafka_compose                   | 	sasl.login.retry.backoff.ms = 100
kafka_compose                   | 	sasl.mechanism.controller.protocol = GSSAPI
kafka_compose                   | 	sasl.mechanism.inter.broker.protocol = GSSAPI
kafka_compose                   | 	sasl.oauthbearer.assertion.algorithm = RS256
kafka_compose                   | 	sasl.oauthbearer.assertion.claim.aud = null
kafka_compose                   | 	sasl.oauthbearer.assertion.claim.exp.seconds = 300
kafka_compose                   | 	sasl.oauthbearer.assertion.claim.iss = null
kafka_compose                   | 	sasl.oauthbearer.assertion.claim.jti.include = false
email-sender-1                  | 2026-09-25T22:06:53.911Z  INFO 1 --- [ntainer#1-0-C-1] o.a.k.c.c.internals.ConsumerCoordinator  : [Consumer clientId=consumer-consumer-service-group-2, groupId=consumer-service-group] Requesting disconnect from last known coordinator kafka:9092 (id: 2147483646 rack: null isFenced: false)
email-sender-1                  | 2026-09-25T22:06:53.980Z  INFO 1 --- [ntainer#0-0-C-1] o.a.k.c.c.internals.ConsumerCoordinator  : [Consumer clientId=consumer-summary-email-service-group-1, groupId=summary-email-service-group] Discovered group coordinator kafka:9092 (id: 2147483646 rack: null isFenced: false)
email-sender-1                  | 2026-09-25T22:06:53.981Z  INFO 1 --- [ntainer#0-0-C-1] o.a.k.c.c.internals.ConsumerCoordinator  : [Consumer clientId=consumer-summary-email-service-group-1, groupId=summary-email-service-group] Request joining group due to: rebalance failed due to 'This is not the correct coordinator.' (NotCoordinatorException)
kafka_compose                   | 	sasl.oauthbearer.assertion.claim.nbf.seconds = 60
kafka_compose                   | 	sasl.oauthbearer.assertion.claim.sub = null
email-sender-1                  | 2026-09-25T22:06:53.981Z  INFO 1 --- [ntainer#0-0-C-1] o.a.k.c.c.internals.ConsumerCoordinator  : [Consumer clientId=consumer-summary-email-service-group-1, groupId=summary-email-service-group] (Re-)joining group
email-sender-1                  | 2026-09-25T22:06:53.984Z  INFO 1 --- [ntainer#0-0-C-1] o.a.k.c.c.internals.ConsumerCoordinator  : [Consumer clientId=consumer-summary-email-service-group-1, groupId=summary-email-service-group] Group coordinator kafka:9092 (id: 2147483646 rack: null isFenced: false) is unavailable or invalid due to cause: error response NOT_COORDINATOR. isDisconnected: false. Rediscovery will be attempted.
email-sender-1                  | 2026-09-25T22:06:53.985Z  INFO 1 --- [ntainer#0-0-C-1] o.a.k.c.c.internals.ConsumerCoordinator  : [Consumer clientId=consumer-summary-email-service-group-1, groupId=summary-email-service-group] Requesting disconnect from last known coordinator kafka:9092 (id: 2147483646 rack: null isFenced: false)
email-sender-1                  | 2026-09-25T22:06:53.985Z  INFO 1 --- [ntainer#0-0-C-1] o.a.k.c.c.internals.ConsumerCoordinator  : [Consumer clientId=consumer-summary-email-service-group-1, groupId=summary-email-service-group] JoinGroup failed: This is not the correct coordinator. Marking coordinator unknown. Sent generation was Generation{generationId=-1, memberId='', protocol='null'}
kafka_compose                   | 	sasl.oauthbearer.assertion.file = null
kafka_compose                   | 	sasl.oauthbearer.assertion.private.key.file = null
kafka_compose                   | 	sasl.oauthbearer.assertion.private.key.passphrase = null
kafka_compose                   | 	sasl.oauthbearer.assertion.template.file = null
kafka_compose                   | 	sasl.oauthbearer.client.credentials.client.id = null
email-sender-1                  | 2026-09-25T22:06:53.985Z  INFO 1 --- [ntainer#0-0-C-1] org.apache.kafka.clients.NetworkClient   : [Consumer clientId=consumer-summary-email-service-group-1, groupId=summary-email-service-group] Client requested disconnect from node 2147483646
email-sender-1                  | 2026-09-25T22:06:53.986Z  INFO 1 --- [ntainer#0-0-C-1] o.a.k.c.c.internals.ConsumerCoordinator  : [Consumer clientId=consumer-summary-email-service-group-1, groupId=summary-email-service-group] Discovered group coordinator kafka:9092 (id: 2147483646 rack: null isFenced: false)
email-sender-1                  | 2026-09-25T22:06:53.987Z  INFO 1 --- [ntainer#0-0-C-1] o.a.k.c.c.internals.ConsumerCoordinator  : [Consumer clientId=consumer-summary-email-service-group-1, groupId=summary-email-service-group] Group coordinator kafka:9092 (id: 2147483646 rack: null isFenced: false) is unavailable or invalid due to cause: coordinator unavailable. isDisconnected: false. Rediscovery will be attempted.
email-sender-1                  | 2026-09-25T22:06:53.987Z  INFO 1 --- [ntainer#0-0-C-1] o.a.k.c.c.internals.ConsumerCoordinator  : [Consumer clientId=consumer-summary-email-service-group-1, groupId=summary-email-service-group] Requesting disconnect from last known coordinator kafka:9092 (id: 2147483646 rack: null isFenced: false)
kafka_compose                   | 	sasl.oauthbearer.client.credentials.client.secret = null
kafka_compose                   | 	sasl.oauthbearer.clock.skew.seconds = 30
email-sender-1                  | 2026-09-25T22:06:54.022Z  INFO 1 --- [ntainer#1-0-C-1] o.a.k.c.c.internals.ConsumerCoordinator  : [Consumer clientId=consumer-consumer-service-group-2, groupId=consumer-service-group] Discovered group coordinator kafka:9092 (id: 2147483646 rack: null isFenced: false)
email-sender-1                  | 2026-09-25T22:06:54.024Z  INFO 1 --- [ntainer#1-0-C-1] o.a.k.c.c.internals.ConsumerCoordinator  : [Consumer clientId=consumer-consumer-service-group-2, groupId=consumer-service-group] Request joining group due to: rebalance failed due to 'This is not the correct coordinator.' (NotCoordinatorException)
email-sender-1                  | 2026-09-25T22:06:54.025Z  INFO 1 --- [ntainer#1-0-C-1] o.a.k.c.c.internals.ConsumerCoordinator  : [Consumer clientId=consumer-consumer-service-group-2, groupId=consumer-service-group] (Re-)joining group
email-sender-1                  | 2026-09-25T22:06:54.031Z  INFO 1 --- [ntainer#1-0-C-1] o.a.k.c.c.internals.ConsumerCoordinator  : [Consumer clientId=consumer-consumer-service-group-2, groupId=consumer-service-group] Group coordinator kafka:9092 (id: 2147483646 rack: null isFenced: false) is unavailable or invalid due to cause: error response NOT_COORDINATOR. isDisconnected: false. Rediscovery will be attempted.
email-sender-1                  | 2026-09-25T22:06:54.032Z  INFO 1 --- [ntainer#1-0-C-1] o.a.k.c.c.internals.ConsumerCoordinator  : [Consumer clientId=consumer-consumer-service-group-2, groupId=consumer-service-group] Requesting disconnect from last known coordinator kafka:9092 (id: 2147483646 rack: null isFenced: false)
email-sender-1                  | 2026-09-25T22:06:54.032Z  INFO 1 --- [ntainer#1-0-C-1] o.a.k.c.c.internals.ConsumerCoordinator  : [Consumer clientId=consumer-consumer-service-group-2, groupId=consumer-service-group] JoinGroup failed: This is not the correct coordinator. Marking coordinator unknown. Sent generation was Generation{generationId=-1, memberId='', protocol='null'}
kafka_compose                   | 	sasl.oauthbearer.expected.audience = []
kafka_compose                   | 	sasl.oauthbearer.expected.issuer = null
kafka_compose                   | 	sasl.oauthbearer.jwks.endpoint.refresh.ms = 3600000
email-sender-1                  | 2026-09-25T22:06:54.032Z  INFO 1 --- [ntainer#1-0-C-1] org.apache.kafka.clients.NetworkClient   : [Consumer clientId=consumer-consumer-service-group-2, groupId=consumer-service-group] Client requested disconnect from node 2147483646
email-sender-1                  | 2026-09-25T22:06:54.036Z  INFO 1 --- [ntainer#1-0-C-1] o.a.k.c.c.internals.ConsumerCoordinator  : [Consumer clientId=consumer-consumer-service-group-2, groupId=consumer-service-group] Discovered group coordinator kafka:9092 (id: 2147483646 rack: null isFenced: false)
email-sender-1                  | 2026-09-25T22:06:54.036Z  INFO 1 --- [ntainer#1-0-C-1] o.a.k.c.c.internals.ConsumerCoordinator  : [Consumer clientId=consumer-consumer-service-group-2, groupId=consumer-service-group] Group coordinator kafka:9092 (id: 2147483646 rack: null isFenced: false) is unavailable or invalid due to cause: coordinator unavailable. isDisconnected: false. Rediscovery will be attempted.
email-sender-1                  | 2026-09-25T22:06:54.036Z  INFO 1 --- [ntainer#1-0-C-1] o.a.k.c.c.internals.ConsumerCoordinator  : [Consumer clientId=consumer-consumer-service-group-2, groupId=consumer-service-group] Requesting disconnect from last known coordinator kafka:9092 (id: 2147483646 rack: null isFenced: false)
email-sender-1                  | 2026-09-25T22:06:54.089Z  INFO 1 --- [ntainer#0-0-C-1] o.a.k.c.c.internals.ConsumerCoordinator  : [Consumer clientId=consumer-summary-email-service-group-1, groupId=summary-email-service-group] Discovered group coordinator kafka:9092 (id: 2147483646 rack: null isFenced: false)
email-sender-1                  | 2026-09-25T22:06:54.090Z  INFO 1 --- [ntainer#0-0-C-1] o.a.k.c.c.internals.ConsumerCoordinator  : [Consumer clientId=consumer-summary-email-service-group-1, groupId=summary-email-service-group] Request joining group due to: rebalance failed due to 'This is not the correct coordinator.' (NotCoordinatorException)
kafka_compose                   | 	sasl.oauthbearer.jwks.endpoint.retry.backoff.max.ms = 10000
kafka_compose                   | 	sasl.oauthbearer.jwks.endpoint.retry.backoff.ms = 100
kafka_compose                   | 	sasl.oauthbearer.jwks.endpoint.url = null
email-sender-1                  | 2026-09-25T22:06:54.090Z  INFO 1 --- [ntainer#0-0-C-1] o.a.k.c.c.internals.ConsumerCoordinator  : [Consumer clientId=consumer-summary-email-service-group-1, groupId=summary-email-service-group] (Re-)joining group
email-sender-1                  | 2026-09-25T22:06:54.093Z  INFO 1 --- [ntainer#0-0-C-1] o.a.k.c.c.internals.ConsumerCoordinator  : [Consumer clientId=consumer-summary-email-service-group-1, groupId=summary-email-service-group] Group coordinator kafka:9092 (id: 2147483646 rack: null isFenced: false) is unavailable or invalid due to cause: error response NOT_COORDINATOR. isDisconnected: false. Rediscovery will be attempted.
kafka_compose                   | 	sasl.oauthbearer.jwt.retriever.class = class org.apache.kafka.common.security.oauthbearer.DefaultJwtRetriever
kafka_compose                   | 	sasl.oauthbearer.jwt.validator.class = class org.apache.kafka.common.security.oauthbearer.DefaultJwtValidator
kafka_compose                   | 	sasl.oauthbearer.scope = null
email-sender-1                  | 2026-09-25T22:06:54.093Z  INFO 1 --- [ntainer#0-0-C-1] o.a.k.c.c.internals.ConsumerCoordinator  : [Consumer clientId=consumer-summary-email-service-group-1, groupId=summary-email-service-group] Requesting disconnect from last known coordinator kafka:9092 (id: 2147483646 rack: null isFenced: false)
email-sender-1                  | 2026-09-25T22:06:54.093Z  INFO 1 --- [ntainer#0-0-C-1] o.a.k.c.c.internals.ConsumerCoordinator  : [Consumer clientId=consumer-summary-email-service-group-1, groupId=summary-email-service-group] JoinGroup failed: This is not the correct coordinator. Marking coordinator unknown. Sent generation was Generation{generationId=-1, memberId='', protocol='null'}
kafka_compose                   | 	sasl.oauthbearer.scope.claim.name = scope
kafka_compose                   | 	sasl.oauthbearer.sub.claim.name = sub
kafka_compose                   | 	sasl.oauthbearer.token.endpoint.url = null
email-sender-1                  | 2026-09-25T22:06:54.094Z  INFO 1 --- [ntainer#0-0-C-1] org.apache.kafka.clients.NetworkClient   : [Consumer clientId=consumer-summary-email-service-group-1, groupId=summary-email-service-group] Client requested disconnect from node 2147483646
email-sender-1                  | 2026-09-25T22:06:54.096Z  INFO 1 --- [ntainer#0-0-C-1] o.a.k.c.c.internals.ConsumerCoordinator  : [Consumer clientId=consumer-summary-email-service-group-1, groupId=summary-email-service-group] Discovered group coordinator kafka:9092 (id: 2147483646 rack: null isFenced: false)
kafka_compose                   | 	sasl.server.callback.handler.class = null
kafka_compose                   | 	sasl.server.max.receive.size = 524288
kafka_compose                   | 	security.inter.broker.protocol = PLAINTEXT
kafka_compose                   | 	security.providers = null
kafka_compose                   | 	server.max.startup.time.ms = 9223372036854775807
kafka_compose                   | 	share.coordinator.append.linger.ms = -1
kafka_compose                   | 	share.coordinator.cached.buffer.max.bytes = 1048588
kafka_compose                   | 	share.coordinator.cold.partition.snapshot.interval.ms = 300000
email-sender-1                  | 2026-09-25T22:06:54.096Z  INFO 1 --- [ntainer#0-0-C-1] o.a.k.c.c.internals.ConsumerCoordinator  : [Consumer clientId=consumer-summary-email-service-group-1, groupId=summary-email-service-group] Group coordinator kafka:9092 (id: 2147483646 rack: null isFenced: false) is unavailable or invalid due to cause: coordinator unavailable. isDisconnected: false. Rediscovery will be attempted.
email-sender-1                  | 2026-09-25T22:06:54.096Z  INFO 1 --- [ntainer#0-0-C-1] o.a.k.c.c.internals.ConsumerCoordinator  : [Consumer clientId=consumer-summary-email-service-group-1, groupId=summary-email-service-group] Requesting disconnect from last known coordinator kafka:9092 (id: 2147483646 rack: null isFenced: false)
kafka_compose                   | 	share.coordinator.load.buffer.size = 5242880
kafka_compose                   | 	share.coordinator.snapshot.update.records.per.snapshot = 500
kafka_compose                   | 	share.coordinator.state.topic.compression.codec = 0
email-sender-1                  | 2026-09-25T22:06:54.159Z  INFO 1 --- [ntainer#1-0-C-1] o.a.k.c.c.internals.ConsumerCoordinator  : [Consumer clientId=consumer-consumer-service-group-2, groupId=consumer-service-group] Discovered group coordinator kafka:9092 (id: 2147483646 rack: null isFenced: false)
email-sender-1                  | 2026-09-25T22:06:54.160Z  INFO 1 --- [ntainer#1-0-C-1] o.a.k.c.c.internals.ConsumerCoordinator  : [Consumer clientId=consumer-consumer-service-group-2, groupId=consumer-service-group] Request joining group due to: rebalance failed due to 'This is not the correct coordinator.' (NotCoordinatorException)
kafka_compose                   | 	share.coordinator.state.topic.min.isr = 2
kafka_compose                   | 	share.coordinator.state.topic.num.partitions = 50
kafka_compose                   | 	share.coordinator.state.topic.prune.interval.ms = 300000
email-sender-1                  | 2026-09-25T22:06:54.161Z  INFO 1 --- [ntainer#1-0-C-1] o.a.k.c.c.internals.ConsumerCoordinator  : [Consumer clientId=consumer-consumer-service-group-2, groupId=consumer-service-group] (Re-)joining group
email-sender-1                  | 2026-09-25T22:06:54.166Z  INFO 1 --- [ntainer#1-0-C-1] o.a.k.c.c.internals.ConsumerCoordinator  : [Consumer clientId=consumer-consumer-service-group-2, groupId=consumer-service-group] Group coordinator kafka:9092 (id: 2147483646 rack: null isFenced: false) is unavailable or invalid due to cause: error response NOT_COORDINATOR. isDisconnected: false. Rediscovery will be attempted.
email-sender-1                  | 2026-09-25T22:06:54.166Z  INFO 1 --- [ntainer#1-0-C-1] o.a.k.c.c.internals.ConsumerCoordinator  : [Consumer clientId=consumer-consumer-service-group-2, groupId=consumer-service-group] Requesting disconnect from last known coordinator kafka:9092 (id: 2147483646 rack: null isFenced: false)
kafka_compose                   | 	share.coordinator.state.topic.replication.factor = 3
kafka_compose                   | 	share.coordinator.state.topic.segment.bytes = 104857600
email-sender-1                  | 2026-09-25T22:06:54.166Z  INFO 1 --- [ntainer#1-0-C-1] o.a.k.c.c.internals.ConsumerCoordinator  : [Consumer clientId=consumer-consumer-service-group-2, groupId=consumer-service-group] JoinGroup failed: This is not the correct coordinator. Marking coordinator unknown. Sent generation was Generation{generationId=-1, memberId='', protocol='null'}
email-sender-1                  | 2026-09-25T22:06:54.167Z  INFO 1 --- [ntainer#1-0-C-1] org.apache.kafka.clients.NetworkClient   : [Consumer clientId=consumer-consumer-service-group-2, groupId=consumer-service-group] Client requested disconnect from node 2147483646
email-sender-1                  | 2026-09-25T22:06:54.171Z  INFO 1 --- [ntainer#1-0-C-1] o.a.k.c.c.internals.ConsumerCoordinator  : [Consumer clientId=consumer-consumer-service-group-2, groupId=consumer-service-group] Discovered group coordinator kafka:9092 (id: 2147483646 rack: null isFenced: false)
email-sender-1                  | 2026-09-25T22:06:54.171Z  INFO 1 --- [ntainer#1-0-C-1] o.a.k.c.c.internals.ConsumerCoordinator  : [Consumer clientId=consumer-consumer-service-group-2, groupId=consumer-service-group] Group coordinator kafka:9092 (id: 2147483646 rack: null isFenced: false) is unavailable or invalid due to cause: coordinator unavailable. isDisconnected: false. Rediscovery will be attempted.
email-sender-1                  | 2026-09-25T22:06:54.171Z  INFO 1 --- [ntainer#1-0-C-1] o.a.k.c.c.internals.ConsumerCoordinator  : [Consumer clientId=consumer-consumer-service-group-2, groupId=consumer-service-group] Requesting disconnect from last known coordinator kafka:9092 (id: 2147483646 rack: null isFenced: false)
email-sender-1                  | 2026-09-25T22:06:54.211Z  INFO 1 --- [ntainer#0-0-C-1] o.a.k.c.c.internals.ConsumerCoordinator  : [Consumer clientId=consumer-summary-email-service-group-1, groupId=summary-email-service-group] Discovered group coordinator kafka:9092 (id: 2147483646 rack: null isFenced: false)
email-sender-1                  | 2026-09-25T22:06:54.215Z  INFO 1 --- [ntainer#0-0-C-1] o.a.k.c.c.internals.ConsumerCoordinator  : [Consumer clientId=consumer-summary-email-service-group-1, groupId=summary-email-service-group] Request joining group due to: rebalance failed due to 'This is not the correct coordinator.' (NotCoordinatorException)
kafka_compose                   | 	share.coordinator.threads = 1
kafka_compose                   | 	share.coordinator.write.timeout.ms = 5000
email-sender-1                  | 2026-09-25T22:06:54.216Z  INFO 1 --- [ntainer#0-0-C-1] o.a.k.c.c.internals.ConsumerCoordinator  : [Consumer clientId=consumer-summary-email-service-group-1, groupId=summary-email-service-group] (Re-)joining group
email-sender-1                  | 2026-09-25T22:06:54.229Z  INFO 1 --- [ntainer#0-0-C-1] o.a.k.c.c.internals.ConsumerCoordinator  : [Consumer clientId=consumer-summary-email-service-group-1, groupId=summary-email-service-group] Group coordinator kafka:9092 (id: 2147483646 rack: null isFenced: false) is unavailable or invalid due to cause: error response NOT_COORDINATOR. isDisconnected: false. Rediscovery will be attempted.
email-sender-1                  | 2026-09-25T22:06:54.230Z  INFO 1 --- [ntainer#0-0-C-1] o.a.k.c.c.internals.ConsumerCoordinator  : [Consumer clientId=consumer-summary-email-service-group-1, groupId=summary-email-service-group] Requesting disconnect from last known coordinator kafka:9092 (id: 2147483646 rack: null isFenced: false)
email-sender-1                  | 2026-09-25T22:06:54.231Z  INFO 1 --- [ntainer#0-0-C-1] o.a.k.c.c.internals.ConsumerCoordinator  : [Consumer clientId=consumer-summary-email-service-group-1, groupId=summary-email-service-group] JoinGroup failed: This is not the correct coordinator. Marking coordinator unknown. Sent generation was Generation{generationId=-1, memberId='', protocol='null'}
kafka_compose                   | 	share.fetch.purgatory.purge.interval.requests = 1000
kafka_compose                   | 	socket.connection.setup.timeout.max.ms = 30000
kafka_compose                   | 	socket.connection.setup.timeout.ms = 10000
kafka_compose                   | 	socket.listen.backlog.size = 50
email-sender-1                  | 2026-09-25T22:06:54.231Z  INFO 1 --- [ntainer#0-0-C-1] org.apache.kafka.clients.NetworkClient   : [Consumer clientId=consumer-summary-email-service-group-1, groupId=summary-email-service-group] Client requested disconnect from node 2147483646
email-sender-1                  | 2026-09-25T22:06:54.238Z  INFO 1 --- [ntainer#0-0-C-1] o.a.k.c.c.internals.ConsumerCoordinator  : [Consumer clientId=consumer-summary-email-service-group-1, groupId=summary-email-service-group] Discovered group coordinator kafka:9092 (id: 2147483646 rack: null isFenced: false)
email-sender-1                  | 2026-09-25T22:06:54.239Z  INFO 1 --- [ntainer#0-0-C-1] o.a.k.c.c.internals.ConsumerCoordinator  : [Consumer clientId=consumer-summary-email-service-group-1, groupId=summary-email-service-group] Group coordinator kafka:9092 (id: 2147483646 rack: null isFenced: false) is unavailable or invalid due to cause: coordinator unavailable. isDisconnected: false. Rediscovery will be attempted.
email-sender-1                  | 2026-09-25T22:06:54.239Z  INFO 1 --- [ntainer#0-0-C-1] o.a.k.c.c.internals.ConsumerCoordinator  : [Consumer clientId=consumer-summary-email-service-group-1, groupId=summary-email-service-group] Requesting disconnect from last known coordinator kafka:9092 (id: 2147483646 rack: null isFenced: false)
email-sender-1                  | 2026-09-25T22:06:54.282Z  INFO 1 --- [ntainer#1-0-C-1] o.a.k.c.c.internals.ConsumerCoordinator  : [Consumer clientId=consumer-consumer-service-group-2, groupId=consumer-service-group] Discovered group coordinator kafka:9092 (id: 2147483646 rack: null isFenced: false)
email-sender-1                  | 2026-09-25T22:06:54.284Z  INFO 1 --- [ntainer#1-0-C-1] o.a.k.c.c.internals.ConsumerCoordinator  : [Consumer clientId=consumer-consumer-service-group-2, groupId=consumer-service-group] Request joining group due to: rebalance failed due to 'This is not the correct coordinator.' (NotCoordinatorException)
email-sender-1                  | 2026-09-25T22:06:54.285Z  INFO 1 --- [ntainer#1-0-C-1] o.a.k.c.c.internals.ConsumerCoordinator  : [Consumer clientId=consumer-consumer-service-group-2, groupId=consumer-service-group] (Re-)joining group
email-sender-1                  | 2026-09-25T22:06:54.298Z  INFO 1 --- [ntainer#1-0-C-1] o.a.k.c.c.internals.ConsumerCoordinator  : [Consumer clientId=consumer-consumer-service-group-2, groupId=consumer-service-group] Request joining group due to: need to re-join with the given member-id: consumer-consumer-service-group-2-40f8244f-ffc2-429f-8eb6-df0497220356
kafka_compose                   | 	socket.receive.buffer.bytes = 102400
kafka_compose                   | 	socket.request.max.bytes = 104857600
kafka_compose                   | 	socket.send.buffer.bytes = 102400
email-sender-1                  | 2026-09-25T22:06:54.299Z  INFO 1 --- [ntainer#1-0-C-1] o.a.k.c.c.internals.ConsumerCoordinator  : [Consumer clientId=consumer-consumer-service-group-2, groupId=consumer-service-group] (Re-)joining group
email-sender-1                  | 2026-09-25T22:06:54.354Z  INFO 1 --- [ntainer#0-0-C-1] o.a.k.c.c.internals.ConsumerCoordinator  : [Consumer clientId=consumer-summary-email-service-group-1, groupId=summary-email-service-group] Discovered group coordinator kafka:9092 (id: 2147483646 rack: null isFenced: false)
email-sender-1                  | 2026-09-25T22:06:54.355Z  INFO 1 --- [ntainer#0-0-C-1] o.a.k.c.c.internals.ConsumerCoordinator  : [Consumer clientId=consumer-summary-email-service-group-1, groupId=summary-email-service-group] Request joining group due to: rebalance failed due to 'This is not the correct coordinator.' (NotCoordinatorException)
kafka_compose                   | 	ssl.allow.dn.changes = false
kafka_compose                   | 	ssl.allow.san.changes = false
email-sender-1                  | 2026-09-25T22:06:54.356Z  INFO 1 --- [ntainer#0-0-C-1] o.a.k.c.c.internals.ConsumerCoordinator  : [Consumer clientId=consumer-summary-email-service-group-1, groupId=summary-email-service-group] (Re-)joining group
email-sender-1                  | 2026-09-25T22:06:54.361Z  INFO 1 --- [ntainer#0-0-C-1] o.a.k.c.c.internals.ConsumerCoordinator  : [Consumer clientId=consumer-summary-email-service-group-1, groupId=summary-email-service-group] Request joining group due to: need to re-join with the given member-id: consumer-summary-email-service-group-1-d0f61775-e56a-4155-b357-20aa8feebc32
email-sender-1                  | 2026-09-25T22:06:54.362Z  INFO 1 --- [ntainer#0-0-C-1] o.a.k.c.c.internals.ConsumerCoordinator  : [Consumer clientId=consumer-summary-email-service-group-1, groupId=summary-email-service-group] (Re-)joining group
email-sender-1                  | 2026-09-25T22:06:57.309Z  INFO 1 --- [ntainer#1-0-C-1] o.a.k.c.c.internals.ConsumerCoordinator  : [Consumer clientId=consumer-consumer-service-group-2, groupId=consumer-service-group] Successfully joined group with generation Generation{generationId=1, memberId='consumer-consumer-service-group-2-40f8244f-ffc2-429f-8eb6-df0497220356', protocol='range'}
email-sender-1                  | 2026-09-25T22:06:57.348Z  INFO 1 --- [ntainer#1-0-C-1] o.a.k.c.c.internals.ConsumerCoordinator  : [Consumer clientId=consumer-consumer-service-group-2, groupId=consumer-service-group] Finished assignment for group at generation 1: {consumer-consumer-service-group-2-40f8244f-ffc2-429f-8eb6-df0497220356=Assignment(partitions=[EMAIL_SENDING_TASKS-0])}
email-sender-1                  | 2026-09-25T22:06:57.361Z  INFO 1 --- [ntainer#1-0-C-1] o.a.k.c.c.internals.ConsumerCoordinator  : [Consumer clientId=consumer-consumer-service-group-2, groupId=consumer-service-group] Successfully synced group in generation Generation{generationId=1, memberId='consumer-consumer-service-group-2-40f8244f-ffc2-429f-8eb6-df0497220356', protocol='range'}
kafka_compose                   | 	ssl.cipher.suites = []
kafka_compose                   | 	ssl.client.auth = none
kafka_compose                   | 	ssl.enabled.protocols = [TLSv1.2, TLSv1.3]
email-sender-1                  | 2026-09-25T22:06:57.362Z  INFO 1 --- [ntainer#1-0-C-1] o.a.k.c.c.internals.ConsumerCoordinator  : [Consumer clientId=consumer-consumer-service-group-2, groupId=consumer-service-group] Notifying assignor about the new Assignment(partitions=[EMAIL_SENDING_TASKS-0])
email-sender-1                  | 2026-09-25T22:06:57.368Z  INFO 1 --- [ntainer#0-0-C-1] o.a.k.c.c.internals.ConsumerCoordinator  : [Consumer clientId=consumer-summary-email-service-group-1, groupId=summary-email-service-group] Successfully joined group with generation Generation{generationId=1, memberId='consumer-summary-email-service-group-1-d0f61775-e56a-4155-b357-20aa8feebc32', protocol='range'}
kafka_compose                   | 	ssl.endpoint.identification.algorithm = https
kafka_compose                   | 	ssl.engine.factory.class = null
kafka_compose                   | 	ssl.key.password = null
email-sender-1                  | 2026-09-25T22:06:57.369Z  INFO 1 --- [ntainer#1-0-C-1] k.c.c.i.ConsumerRebalanceListenerInvoker : [Consumer clientId=consumer-consumer-service-group-2, groupId=consumer-service-group] Adding newly assigned partitions: [EMAIL_SENDING_TASKS-0]
email-sender-1                  | 2026-09-25T22:06:57.370Z  INFO 1 --- [ntainer#0-0-C-1] o.a.k.c.c.internals.ConsumerCoordinator  : [Consumer clientId=consumer-summary-email-service-group-1, groupId=summary-email-service-group] Finished assignment for group at generation 1: {consumer-summary-email-service-group-1-d0f61775-e56a-4155-b357-20aa8feebc32=Assignment(partitions=[SUMMARY_SENDING_TASKS-0])}
email-sender-1                  | 2026-09-25T22:06:57.380Z  INFO 1 --- [ntainer#0-0-C-1] o.a.k.c.c.internals.ConsumerCoordinator  : [Consumer clientId=consumer-summary-email-service-group-1, groupId=summary-email-service-group] Successfully synced group in generation Generation{generationId=1, memberId='consumer-summary-email-service-group-1-d0f61775-e56a-4155-b357-20aa8feebc32', protocol='range'}
kafka_compose                   | 	ssl.keymanager.algorithm = SunX509
kafka_compose                   | 	ssl.keystore.certificate.chain = null
kafka_compose                   | 	ssl.keystore.key = null
email-sender-1                  | 2026-09-25T22:06:57.381Z  INFO 1 --- [ntainer#0-0-C-1] o.a.k.c.c.internals.ConsumerCoordinator  : [Consumer clientId=consumer-summary-email-service-group-1, groupId=summary-email-service-group] Notifying assignor about the new Assignment(partitions=[SUMMARY_SENDING_TASKS-0])
email-sender-1                  | 2026-09-25T22:06:57.386Z  INFO 1 --- [ntainer#1-0-C-1] o.a.k.c.c.internals.ConsumerCoordinator  : [Consumer clientId=consumer-consumer-service-group-2, groupId=consumer-service-group] Found no committed offset for partition EMAIL_SENDING_TASKS-0
email-sender-1                  | 2026-09-25T22:06:57.387Z  INFO 1 --- [ntainer#0-0-C-1] k.c.c.i.ConsumerRebalanceListenerInvoker : [Consumer clientId=consumer-summary-email-service-group-1, groupId=summary-email-service-group] Adding newly assigned partitions: [SUMMARY_SENDING_TASKS-0]
email-sender-1                  | 2026-09-25T22:06:57.391Z  INFO 1 --- [ntainer#0-0-C-1] o.a.k.c.c.internals.ConsumerCoordinator  : [Consumer clientId=consumer-summary-email-service-group-1, groupId=summary-email-service-group] Found no committed offset for partition SUMMARY_SENDING_TASKS-0
email-sender-1                  | 2026-09-25T22:06:57.402Z  INFO 1 --- [ntainer#1-0-C-1] o.a.k.c.c.internals.ConsumerCoordinator  : [Consumer clientId=consumer-consumer-service-group-2, groupId=consumer-service-group] Found no committed offset for partition EMAIL_SENDING_TASKS-0
email-sender-1                  | 2026-09-25T22:06:57.409Z  INFO 1 --- [ntainer#0-0-C-1] o.a.k.c.c.internals.ConsumerCoordinator  : [Consumer clientId=consumer-summary-email-service-group-1, groupId=summary-email-service-group] Found no committed offset for partition SUMMARY_SENDING_TASKS-0
email-sender-1                  | 2026-09-25T22:06:57.475Z  INFO 1 --- [ntainer#1-0-C-1] o.a.k.c.c.internals.SubscriptionState    : [Consumer clientId=consumer-consumer-service-group-2, groupId=consumer-service-group] Resetting offset for partition EMAIL_SENDING_TASKS-0 to position FetchPosition{offset=0, offsetEpoch=Optional.empty, currentLeader=LeaderAndEpoch{leader=Optional[kafka:9092 (id: 1 rack: null isFenced: false)], epoch=0}}.
email-sender-1                  | 2026-09-25T22:06:57.487Z  INFO 1 --- [ntainer#0-0-C-1] o.a.k.c.c.internals.SubscriptionState    : [Consumer clientId=consumer-summary-email-service-group-1, groupId=summary-email-service-group] Resetting offset for partition SUMMARY_SENDING_TASKS-0 to position FetchPosition{offset=0, offsetEpoch=Optional.empty, currentLeader=LeaderAndEpoch{leader=Optional[kafka:9092 (id: 1 rack: null isFenced: false)], epoch=0}}.
email-sender-1                  | 2026-09-25T22:06:57.542Z  INFO 1 --- [ntainer#0-0-C-1] o.s.k.l.KafkaMessageListenerContainer    : summary-email-service-group: partitions assigned: [SUMMARY_SENDING_TASKS-0]
email-sender-1                  | 2026-09-25T22:06:57.547Z  INFO 1 --- [ntainer#1-0-C-1] o.s.k.l.KafkaMessageListenerContainer    : consumer-service-group: partitions assigned: [EMAIL_SENDING_TASKS-0]
kafka_compose                   | 	ssl.keystore.location = null
kafka_compose                   | 	ssl.keystore.password = null
kafka_compose                   | 	ssl.keystore.type = JKS
kafka_compose                   | 	ssl.principal.mapping.rules = DEFAULT
kafka_compose                   | 	ssl.protocol = TLSv1.3
kafka_compose                   | 	ssl.provider = null
kafka_compose                   | 	ssl.secure.random.implementation = null
kafka_compose                   | 	ssl.trustmanager.algorithm = PKIX
kafka_compose                   | 	ssl.truststore.certificates = null
kafka_compose                   | 	ssl.truststore.location = null
kafka_compose                   | 	ssl.truststore.password = null
kafka_compose                   | 	ssl.truststore.type = JKS
kafka_compose                   | 	telemetry.max.bytes = 1048576
kafka_compose                   | 	transaction.abort.timed.out.transaction.cleanup.interval.ms = 10000
kafka_compose                   | 	transaction.max.timeout.ms = 900000
kafka_compose                   | 	transaction.partition.verification.enable = true
kafka_compose                   | 	transaction.remove.expired.transaction.cleanup.interval.ms = 3600000
kafka_compose                   | 	transaction.state.log.load.buffer.size = 5242880
kafka_compose                   | 	transaction.state.log.min.isr = 2
kafka_compose                   | 	transaction.state.log.num.partitions = 50
kafka_compose                   | 	transaction.state.log.replication.factor = 3
kafka_compose                   | 	transaction.state.log.segment.bytes = 104857600
kafka_compose                   | 	transaction.two.phase.commit.enable = false
kafka_compose                   | 	transactional.id.expiration.ms = 604800000
kafka_compose                   | 	unclean.leader.election.enable = false
kafka_compose                   | 	unclean.leader.election.interval.ms = 300000
kafka_compose                   | 	unstable.api.versions.enable = false
kafka_compose                   | 	unstable.feature.versions.enable = false
kafka_compose                   |  (org.apache.kafka.common.config.AbstractConfig)
kafka_compose                   | [2026-09-25 22:06:01,307] INFO [BrokerMetadataPublisher id=1] Feature share.version has been updated to version 1 (kafka.server.metadata.BrokerMetadataPublisher)
kafka_compose                   | [2026-09-25 22:06:01,309] INFO [MetadataLoader id=1] InitializeNewPublishers: initializing BrokerRegistrationTracker(id=1) with a snapshot at offset 11 (org.apache.kafka.image.loader.MetadataLoader)
kafka_compose                   | [2026-09-25 22:06:01,325] INFO [BrokerLifecycleManager id=1] The broker has caught up. Transitioning from STARTING to RECOVERY. (org.apache.kafka.server.BrokerLifecycleManager)
kafka_compose                   | [2026-09-25 22:06:01,327] INFO [BrokerServer id=1] Finished waiting for the controller to acknowledge that we are caught up (kafka.server.BrokerServer)
kafka_compose                   | [2026-09-25 22:06:01,328] INFO [BrokerServer id=1] Waiting for the initial broker metadata update to be published (kafka.server.BrokerServer)
kafka_compose                   | [2026-09-25 22:06:01,329] INFO [BrokerServer id=1] Finished waiting for the initial broker metadata update to be published (kafka.server.BrokerServer)
kafka_compose                   | [2026-09-25 22:06:01,339] INFO KafkaConfig values: 
kafka_compose                   | 	add.partitions.to.txn.retry.backoff.max.ms = 100
kafka_compose                   | 	add.partitions.to.txn.retry.backoff.ms = 20
kafka_compose                   | 	advertised.listeners = [PLAINTEXT://kafka:9092, PLAINTEXT_HOST://localhost:9094]
kafka_compose                   | 	alter.config.policy.class.name = null
kafka_compose                   | 	alter.log.dirs.replication.quota.window.num = 11
kafka_compose                   | 	alter.log.dirs.replication.quota.window.size.seconds = 1
kafka_compose                   | 	authorizer.class.name = 
kafka_compose                   | 	auto.create.topics.enable = true
kafka_compose                   | 	auto.leader.rebalance.enable = true
kafka_compose                   | 	background.threads = 10
kafka_compose                   | 	broker.heartbeat.interval.ms = 2000
kafka_compose                   | 	broker.id = 1
kafka_compose                   | 	broker.rack = null
kafka_compose                   | 	broker.session.timeout.ms = 9000
kafka_compose                   | 	client.quota.callback.class = null
kafka_compose                   | 	compression.gzip.level = -1
kafka_compose                   | 	compression.lz4.level = 9
kafka_compose                   | 	compression.type = producer
kafka_compose                   | 	compression.zstd.level = 3
kafka_compose                   | 	config.providers = []
kafka_compose                   | 	connection.failed.authentication.delay.ms = 100
kafka_compose                   | 	connections.max.idle.ms = 600000
kafka_compose                   | 	connections.max.reauth.ms = 0
kafka_compose                   | 	controlled.shutdown.enable = true
kafka_compose                   | 	controller.listener.names = [CONTROLLER]
kafka_compose                   | 	controller.performance.always.log.threshold.ms = 2000
kafka_compose                   | 	controller.performance.sample.period.ms = 60000
kafka_compose                   | 	controller.quorum.append.linger.ms = 25
kafka_compose                   | 	controller.quorum.auto.join.enable = false
kafka_compose                   | 	controller.quorum.bootstrap.servers = []
kafka_compose                   | 	controller.quorum.election.backoff.max.ms = 1000
kafka_compose                   | 	controller.quorum.election.timeout.ms = 1000
kafka_compose                   | 	controller.quorum.fetch.max.bytes = 1048576
kafka_compose                   | 	controller.quorum.fetch.snapshot.max.bytes = 1048576
kafka_compose                   | 	controller.quorum.fetch.timeout.ms = 2000
kafka_compose                   | 	controller.quorum.request.timeout.ms = 2000
kafka_compose                   | 	controller.quorum.retry.backoff.ms = 20
kafka_compose                   | 	controller.quorum.voters = [1@kafka:29093]
kafka_compose                   | 	controller.quota.window.num = 11
kafka_compose                   | 	controller.quota.window.size.seconds = 1
kafka_compose                   | 	controller.socket.timeout.ms = 30000
kafka_compose                   | 	cordoned.log.dirs = []
kafka_compose                   | 	create.topic.policy.class.name = null
kafka_compose                   | 	default.replication.factor = 1
kafka_compose                   | 	delegation.token.expiry.check.interval.ms = 3600000
kafka_compose                   | 	delegation.token.expiry.time.ms = 86400000
kafka_compose                   | 	delegation.token.max.lifetime.ms = 604800000
kafka_compose                   | 	delegation.token.secret.key = null
kafka_compose                   | 	delete.records.purgatory.purge.interval.requests = 1
kafka_compose                   | 	delete.topic.enable = true
kafka_compose                   | 	early.start.listeners = null
kafka_compose                   | 	fetch.max.bytes = 57671680
kafka_compose                   | 	fetch.purgatory.purge.interval.requests = 1000
kafka_compose                   | 	follower.fetch.last.tiered.offset.enable = false
kafka_compose                   | 	group.consumer.assignment.interval.ms = 1000
kafka_compose                   | 	group.consumer.assignors = [uniform, range]
kafka_compose                   | 	group.consumer.heartbeat.interval.ms = 5000
kafka_compose                   | 	group.consumer.max.assignment.interval.ms = 15000
kafka_compose                   | 	group.consumer.max.heartbeat.interval.ms = 15000
kafka_compose                   | 	group.consumer.max.session.timeout.ms = 60000
kafka_compose                   | 	group.consumer.max.size = 2147483647
kafka_compose                   | 	group.consumer.migration.policy = bidirectional
kafka_compose                   | 	group.consumer.min.assignment.interval.ms = 0
kafka_compose                   | 	group.consumer.min.heartbeat.interval.ms = 5000
kafka_compose                   | 	group.consumer.min.session.timeout.ms = 45000
kafka_compose                   | 	group.consumer.regex.refresh.interval.ms = 600000
kafka_compose                   | 	group.consumer.session.timeout.ms = 45000
kafka_compose                   | 	group.coordinator.append.linger.ms = -1
kafka_compose                   | 	group.coordinator.background.threads = 2
kafka_compose                   | 	group.coordinator.cached.buffer.max.bytes = 1048588
kafka_compose                   | 	group.coordinator.rebalance.protocols = [classic, consumer, streams]
kafka_compose                   | 	group.coordinator.threads = 4
kafka_compose                   | 	group.initial.rebalance.delay.ms = 3000
kafka_compose                   | 	group.max.session.timeout.ms = 1800000
kafka_compose                   | 	group.max.size = 2147483647
kafka_compose                   | 	group.min.session.timeout.ms = 6000
kafka_compose                   | 	group.share.assignment.interval.ms = 1000
kafka_compose                   | 	group.share.assignors = [simple]
kafka_compose                   | 	group.share.delivery.count.limit = 5
kafka_compose                   | 	group.share.heartbeat.interval.ms = 5000
kafka_compose                   | 	group.share.initialize.retry.interval.ms = 30000
kafka_compose                   | 	group.share.max.assignment.interval.ms = 15000
kafka_compose                   | 	group.share.max.delivery.count.limit = 10
kafka_compose                   | 	group.share.max.heartbeat.interval.ms = 15000
kafka_compose                   | 	group.share.max.partition.max.record.locks = 4000
kafka_compose                   | 	group.share.max.record.lock.duration.ms = 60000
kafka_compose                   | 	group.share.max.session.timeout.ms = 60000
kafka_compose                   | 	group.share.max.share.sessions = 2000
kafka_compose                   | 	group.share.max.size = 200
kafka_compose                   | 	group.share.min.assignment.interval.ms = 0
kafka_compose                   | 	group.share.min.delivery.count.limit = 2
kafka_compose                   | 	group.share.min.heartbeat.interval.ms = 5000
kafka_compose                   | 	group.share.min.partition.max.record.locks = 100
kafka_compose                   | 	group.share.min.record.lock.duration.ms = 15000
kafka_compose                   | 	group.share.min.session.timeout.ms = 45000
kafka_compose                   | 	group.share.partition.max.record.locks = 2000
kafka_compose                   | 	group.share.persister.class.name = org.apache.kafka.server.share.persister.DefaultStatePersister
kafka_compose                   | 	group.share.record.lock.duration.ms = 30000
kafka_compose                   | 	group.share.session.timeout.ms = 45000
kafka_compose                   | 	group.streams.assignment.interval.ms = 1000
kafka_compose                   | 	group.streams.heartbeat.interval.ms = 5000
kafka_compose                   | 	group.streams.initial.rebalance.delay.ms = 3000
kafka_compose                   | 	group.streams.max.assignment.interval.ms = 15000
kafka_compose                   | 	group.streams.max.heartbeat.interval.ms = 15000
kafka_compose                   | 	group.streams.max.session.timeout.ms = 60000
kafka_compose                   | 	group.streams.max.size = 2147483647
kafka_compose                   | 	group.streams.max.standby.replicas = 2
kafka_compose                   | 	group.streams.min.assignment.interval.ms = 0
kafka_compose                   | 	group.streams.min.heartbeat.interval.ms = 5000
kafka_compose                   | 	group.streams.min.session.timeout.ms = 45000
kafka_compose                   | 	group.streams.num.standby.replicas = 0
kafka_compose                   | 	group.streams.session.timeout.ms = 45000
kafka_compose                   | 	initial.broker.registration.timeout.ms = 60000
kafka_compose                   | 	inter.broker.listener.name = PLAINTEXT
kafka_compose                   | 	internal.metadata.delete.delay.millis = 60000
kafka_compose                   | 	internal.metadata.log.segment.bytes = null
kafka_compose                   | 	internal.metadata.max.batch.size.in.bytes = 8388608
kafka_compose                   | 	kafka.metrics.polling.interval.secs = 10
kafka_compose                   | 	kafka.metrics.reporters = []
kafka_compose                   | 	leader.imbalance.check.interval.seconds = 300
kafka_compose                   | 	listener.security.protocol.map = CONTROLLER:PLAINTEXT,PLAINTEXT:PLAINTEXT,PLAINTEXT_HOST:PLAINTEXT
kafka_compose                   | 	listeners = [CONTROLLER://:29093, PLAINTEXT://:9092, PLAINTEXT_HOST://:9094]
kafka_compose                   | 	log.cleaner.backoff.ms = 15000
kafka_compose                   | 	log.cleaner.dedupe.buffer.size = 134217728
kafka_compose                   | 	log.cleaner.delete.retention.ms = 86400000
kafka_compose                   | 	log.cleaner.enable = true
kafka_compose                   | 	log.cleaner.io.buffer.load.factor = 0.9
kafka_compose                   | 	log.cleaner.io.buffer.size = 524288
kafka_compose                   | 	log.cleaner.io.max.bytes.per.second = 1.7976931348623157E308
kafka_compose                   | 	log.cleaner.max.compaction.lag.ms = 9223372036854775807
kafka_compose                   | 	log.cleaner.min.cleanable.ratio = 0.5
kafka_compose                   | 	log.cleaner.min.compaction.lag.ms = 0
kafka_compose                   | 	log.cleaner.threads = 1
kafka_compose                   | 	log.cleanup.policy = [delete]
kafka_compose                   | 	log.dir = [/tmp/kafka-logs]
kafka_compose                   | 	log.dir.failure.timeout.ms = 30000
kafka_compose                   | 	log.dirs = null
kafka_compose                   | 	log.flush.interval.messages = 9223372036854775807
kafka_compose                   | 	log.flush.interval.ms = null
kafka_compose                   | 	log.flush.offset.checkpoint.interval.ms = 60000
kafka_compose                   | 	log.flush.scheduler.interval.ms = 9223372036854775807
kafka_compose                   | 	log.flush.start.offset.checkpoint.interval.ms = 60000
kafka_compose                   | 	log.index.interval.bytes = 4096
kafka_compose                   | 	log.index.size.max.bytes = 10485760
kafka_compose                   | 	log.initial.task.delay.ms = 30000
kafka_compose                   | 	log.local.retention.bytes = -2
kafka_compose                   | 	log.local.retention.ms = -2
kafka_compose                   | 	log.message.timestamp.after.max.ms = 3600000
kafka_compose                   | 	log.message.timestamp.before.max.ms = 9223372036854775807
kafka_compose                   | 	log.message.timestamp.type = CreateTime
kafka_compose                   | 	log.preallocate = false
kafka_compose                   | 	log.retention.bytes = -1
kafka_compose                   | 	log.retention.check.interval.ms = 300000
kafka_compose                   | 	log.retention.hours = 168
kafka_compose                   | 	log.retention.minutes = null
kafka_compose                   | 	log.retention.ms = null
kafka_compose                   | 	log.roll.hours = 168
kafka_compose                   | 	log.roll.jitter.hours = 0
kafka_compose                   | 	log.roll.jitter.ms = null
kafka_compose                   | 	log.roll.ms = null
kafka_compose                   | 	log.segment.bytes = 1073741824
kafka_compose                   | 	log.segment.delete.delay.ms = 60000
kafka_compose                   | 	max.connection.creation.rate = 2147483647
kafka_compose                   | 	max.connections = 2147483647
kafka_compose                   | 	max.connections.per.ip = 2147483647
kafka_compose                   | 	max.connections.per.ip.overrides = 
kafka_compose                   | 	max.incremental.fetch.session.cache.slots = 1000
kafka_compose                   | 	max.request.partition.size.limit = 2000
kafka_compose                   | 	message.max.bytes = 1048588
kafka_compose                   | 	metadata.log.dir = null
kafka_compose                   | 	metadata.log.max.record.bytes.between.snapshots = 20971520
kafka_compose                   | 	metadata.log.max.snapshot.interval.ms = 3600000
kafka_compose                   | 	metadata.log.segment.bytes = 1073741824
kafka_compose                   | 	metadata.log.segment.ms = 604800000
kafka_compose                   | 	metadata.max.idle.interval.ms = 500
kafka_compose                   | 	metadata.max.retention.bytes = 104857600
kafka_compose                   | 	metadata.max.retention.ms = 604800000
kafka_compose                   | 	metric.reporters = [org.apache.kafka.common.metrics.JmxReporter]
kafka_compose                   | 	metrics.num.samples = 2
kafka_compose                   | 	metrics.recording.level = INFO
kafka_compose                   | 	metrics.sample.window.ms = 30000
kafka_compose                   | 	min.insync.replicas = 1
kafka_compose                   | 	node.id = 1
kafka_compose                   | 	num.io.threads = 8
kafka_compose                   | 	num.network.threads = 3
kafka_compose                   | 	num.partitions = 1
kafka_compose                   | 	num.recovery.threads.per.data.dir = 2
kafka_compose                   | 	num.replica.alter.log.dirs.threads = null
kafka_compose                   | 	num.replica.fetchers = 1
kafka_compose                   | 	offset.metadata.max.bytes = 4096
kafka_compose                   | 	offsets.commit.timeout.ms = 5000
kafka_compose                   | 	offsets.load.buffer.size = 5242880
kafka_compose                   | 	offsets.retention.check.interval.ms = 600000
kafka_compose                   | 	offsets.retention.minutes = 10080
kafka_compose                   | 	offsets.topic.compression.codec = 0
kafka_compose                   | 	offsets.topic.num.partitions = 50
kafka_compose                   | 	offsets.topic.replication.factor = 1
kafka_compose                   | 	offsets.topic.segment.bytes = 104857600
kafka_compose                   | 	principal.builder.class = class org.apache.kafka.common.security.authenticator.DefaultKafkaPrincipalBuilder
kafka_compose                   | 	process.roles = [broker, controller]
kafka_compose                   | 	producer.id.expiration.check.interval.ms = 600000
kafka_compose                   | 	producer.id.expiration.ms = 86400000
kafka_compose                   | 	producer.purgatory.purge.interval.requests = 1000
kafka_compose                   | 	queued.max.request.bytes = -1
kafka_compose                   | 	queued.max.requests = 500
kafka_compose                   | 	quota.window.num = 11
kafka_compose                   | 	quota.window.size.seconds = 1
kafka_compose                   | 	remote.fetch.max.wait.ms = 500
kafka_compose                   | 	remote.list.offsets.request.timeout.ms = 30000
kafka_compose                   | 	remote.log.index.file.cache.total.size.bytes = 1073741824
kafka_compose                   | 	remote.log.index.file.cache.ttl.ms = 900000
kafka_compose                   | 	remote.log.manager.copier.thread.pool.size = 10
kafka_compose                   | 	remote.log.manager.copy.max.bytes.per.second = 9223372036854775807
kafka_compose                   | 	remote.log.manager.copy.quota.window.num = 11
kafka_compose                   | 	remote.log.manager.copy.quota.window.size.seconds = 1
kafka_compose                   | 	remote.log.manager.expiration.thread.pool.size = 10
kafka_compose                   | 	remote.log.manager.fetch.max.bytes.per.second = 9223372036854775807
kafka_compose                   | 	remote.log.manager.fetch.quota.window.num = 11
kafka_compose                   | 	remote.log.manager.fetch.quota.window.size.seconds = 1
kafka_compose                   | 	remote.log.manager.follower.thread.pool.size = 2
kafka_compose                   | 	remote.log.manager.task.interval.ms = 30000
kafka_compose                   | 	remote.log.manager.task.retry.backoff.max.ms = 30000
kafka_compose                   | 	remote.log.manager.task.retry.backoff.ms = 500
kafka_compose                   | 	remote.log.manager.task.retry.jitter = 0.2
kafka_compose                   | 	remote.log.manager.thread.pool.size = 2
kafka_compose                   | 	remote.log.metadata.custom.metadata.max.bytes = 128
kafka_compose                   | 	remote.log.metadata.manager.class.name = org.apache.kafka.server.log.remote.metadata.storage.TopicBasedRemoteLogMetadataManager
kafka_compose                   | 	remote.log.metadata.manager.class.path = null
kafka_compose                   | 	remote.log.metadata.manager.impl.prefix = rlmm.config.
kafka_compose                   | 	remote.log.metadata.manager.listener.name = null
kafka_compose                   | 	remote.log.reader.max.pending.tasks = 100
kafka_compose                   | 	remote.log.reader.threads = 10
kafka_compose                   | 	remote.log.storage.manager.class.name = null
kafka_compose                   | 	remote.log.storage.manager.class.path = null
kafka_compose                   | 	remote.log.storage.manager.impl.prefix = rsm.config.
kafka_compose                   | 	remote.log.storage.system.enable = false
kafka_compose                   | 	replica.fetch.backoff.ms = 1000
kafka_compose                   | 	replica.fetch.max.bytes = 1048576
kafka_compose                   | 	replica.fetch.min.bytes = 1
kafka_compose                   | 	replica.fetch.response.max.bytes = 10485760
kafka_compose                   | 	replica.fetch.wait.max.ms = 500
kafka_compose                   | 	replica.high.watermark.checkpoint.interval.ms = 5000
kafka_compose                   | 	replica.lag.time.max.ms = 30000
kafka_compose                   | 	replica.selector.class = null
kafka_compose                   | 	replica.socket.receive.buffer.bytes = 65536
kafka_compose                   | 	replica.socket.timeout.ms = 30000
kafka_compose                   | 	replication.quota.window.num = 11
kafka_compose                   | 	replication.quota.window.size.seconds = 1
kafka_compose                   | 	request.timeout.ms = 30000
kafka_compose                   | 	sasl.client.callback.handler.class = null
kafka_compose                   | 	sasl.enabled.mechanisms = [GSSAPI]
kafka_compose                   | 	sasl.jaas.config = null
kafka_compose                   | 	sasl.kerberos.kinit.cmd = /usr/bin/kinit
kafka_compose                   | 	sasl.kerberos.min.time.before.relogin = 60000
kafka_compose                   | 	sasl.kerberos.principal.to.local.rules = [DEFAULT]
kafka_compose                   | 	sasl.kerberos.service.name = null
kafka_compose                   | 	sasl.kerberos.ticket.renew.jitter = 0.05
kafka_compose                   | 	sasl.kerberos.ticket.renew.window.factor = 0.8
kafka_compose                   | 	sasl.login.callback.handler.class = null
kafka_compose                   | 	sasl.login.class = null
kafka_compose                   | 	sasl.login.connect.timeout.ms = null
kafka_compose                   | 	sasl.login.read.timeout.ms = null
kafka_compose                   | 	sasl.login.refresh.buffer.seconds = 300
kafka_compose                   | 	sasl.login.refresh.min.period.seconds = 60
kafka_compose                   | 	sasl.login.refresh.window.factor = 0.8
kafka_compose                   | 	sasl.login.refresh.window.jitter = 0.05
kafka_compose                   | 	sasl.login.retry.backoff.max.ms = 10000
kafka_compose                   | 	sasl.login.retry.backoff.ms = 100
kafka_compose                   | 	sasl.mechanism.controller.protocol = GSSAPI
kafka_compose                   | 	sasl.mechanism.inter.broker.protocol = GSSAPI
kafka_compose                   | 	sasl.oauthbearer.assertion.algorithm = RS256
kafka_compose                   | 	sasl.oauthbearer.assertion.claim.aud = null
kafka_compose                   | 	sasl.oauthbearer.assertion.claim.exp.seconds = 300
kafka_compose                   | 	sasl.oauthbearer.assertion.claim.iss = null
kafka_compose                   | 	sasl.oauthbearer.assertion.claim.jti.include = false
kafka_compose                   | 	sasl.oauthbearer.assertion.claim.nbf.seconds = 60
kafka_compose                   | 	sasl.oauthbearer.assertion.claim.sub = null
kafka_compose                   | 	sasl.oauthbearer.assertion.file = null
kafka_compose                   | 	sasl.oauthbearer.assertion.private.key.file = null
kafka_compose                   | 	sasl.oauthbearer.assertion.private.key.passphrase = null
kafka_compose                   | 	sasl.oauthbearer.assertion.template.file = null
kafka_compose                   | 	sasl.oauthbearer.client.credentials.client.id = null
kafka_compose                   | 	sasl.oauthbearer.client.credentials.client.secret = null
kafka_compose                   | 	sasl.oauthbearer.clock.skew.seconds = 30
kafka_compose                   | 	sasl.oauthbearer.expected.audience = []
kafka_compose                   | 	sasl.oauthbearer.expected.issuer = null
kafka_compose                   | 	sasl.oauthbearer.jwks.endpoint.refresh.ms = 3600000
kafka_compose                   | 	sasl.oauthbearer.jwks.endpoint.retry.backoff.max.ms = 10000
kafka_compose                   | 	sasl.oauthbearer.jwks.endpoint.retry.backoff.ms = 100
kafka_compose                   | 	sasl.oauthbearer.jwks.endpoint.url = null
kafka_compose                   | 	sasl.oauthbearer.jwt.retriever.class = class org.apache.kafka.common.security.oauthbearer.DefaultJwtRetriever
kafka_compose                   | 	sasl.oauthbearer.jwt.validator.class = class org.apache.kafka.common.security.oauthbearer.DefaultJwtValidator
kafka_compose                   | 	sasl.oauthbearer.scope = null
kafka_compose                   | 	sasl.oauthbearer.scope.claim.name = scope
kafka_compose                   | 	sasl.oauthbearer.sub.claim.name = sub
kafka_compose                   | 	sasl.oauthbearer.token.endpoint.url = null
kafka_compose                   | 	sasl.server.callback.handler.class = null
kafka_compose                   | 	sasl.server.max.receive.size = 524288
kafka_compose                   | 	security.inter.broker.protocol = PLAINTEXT
kafka_compose                   | 	security.providers = null
kafka_compose                   | 	server.max.startup.time.ms = 9223372036854775807
kafka_compose                   | 	share.coordinator.append.linger.ms = -1
kafka_compose                   | 	share.coordinator.cached.buffer.max.bytes = 1048588
kafka_compose                   | 	share.coordinator.cold.partition.snapshot.interval.ms = 300000
kafka_compose                   | 	share.coordinator.load.buffer.size = 5242880
kafka_compose                   | 	share.coordinator.snapshot.update.records.per.snapshot = 500
kafka_compose                   | 	share.coordinator.state.topic.compression.codec = 0
kafka_compose                   | 	share.coordinator.state.topic.min.isr = 2
kafka_compose                   | 	share.coordinator.state.topic.num.partitions = 50
kafka_compose                   | 	share.coordinator.state.topic.prune.interval.ms = 300000
kafka_compose                   | 	share.coordinator.state.topic.replication.factor = 3
kafka_compose                   | 	share.coordinator.state.topic.segment.bytes = 104857600
kafka_compose                   | 	share.coordinator.threads = 1
kafka_compose                   | 	share.coordinator.write.timeout.ms = 5000
kafka_compose                   | 	share.fetch.purgatory.purge.interval.requests = 1000
kafka_compose                   | 	socket.connection.setup.timeout.max.ms = 30000
kafka_compose                   | 	socket.connection.setup.timeout.ms = 10000
kafka_compose                   | 	socket.listen.backlog.size = 50
kafka_compose                   | 	socket.receive.buffer.bytes = 102400
kafka_compose                   | 	socket.request.max.bytes = 104857600
kafka_compose                   | 	socket.send.buffer.bytes = 102400
kafka_compose                   | 	ssl.allow.dn.changes = false
kafka_compose                   | 	ssl.allow.san.changes = false
kafka_compose                   | 	ssl.cipher.suites = []
kafka_compose                   | 	ssl.client.auth = none
kafka_compose                   | 	ssl.enabled.protocols = [TLSv1.2, TLSv1.3]
kafka_compose                   | 	ssl.endpoint.identification.algorithm = https
kafka_compose                   | 	ssl.engine.factory.class = null
kafka_compose                   | 	ssl.key.password = null
kafka_compose                   | 	ssl.keymanager.algorithm = SunX509
kafka_compose                   | 	ssl.keystore.certificate.chain = null
kafka_compose                   | 	ssl.keystore.key = null
kafka_compose                   | 	ssl.keystore.location = null
kafka_compose                   | 	ssl.keystore.password = null
kafka_compose                   | 	ssl.keystore.type = JKS
kafka_compose                   | 	ssl.principal.mapping.rules = DEFAULT
kafka_compose                   | 	ssl.protocol = TLSv1.3
kafka_compose                   | 	ssl.provider = null
kafka_compose                   | 	ssl.secure.random.implementation = null
kafka_compose                   | 	ssl.trustmanager.algorithm = PKIX
kafka_compose                   | 	ssl.truststore.certificates = null
kafka_compose                   | 	ssl.truststore.location = null
kafka_compose                   | 	ssl.truststore.password = null
kafka_compose                   | 	ssl.truststore.type = JKS
kafka_compose                   | 	telemetry.max.bytes = 1048576
kafka_compose                   | 	transaction.abort.timed.out.transaction.cleanup.interval.ms = 10000
kafka_compose                   | 	transaction.max.timeout.ms = 900000
kafka_compose                   | 	transaction.partition.verification.enable = true
kafka_compose                   | 	transaction.remove.expired.transaction.cleanup.interval.ms = 3600000
kafka_compose                   | 	transaction.state.log.load.buffer.size = 5242880
kafka_compose                   | 	transaction.state.log.min.isr = 2
kafka_compose                   | 	transaction.state.log.num.partitions = 50
kafka_compose                   | 	transaction.state.log.replication.factor = 3
kafka_compose                   | 	transaction.state.log.segment.bytes = 104857600
kafka_compose                   | 	transaction.two.phase.commit.enable = false
kafka_compose                   | 	transactional.id.expiration.ms = 604800000
kafka_compose                   | 	unclean.leader.election.enable = false
kafka_compose                   | 	unclean.leader.election.interval.ms = 300000
kafka_compose                   | 	unstable.api.versions.enable = false
kafka_compose                   | 	unstable.feature.versions.enable = false
kafka_compose                   |  (org.apache.kafka.common.config.AbstractConfig)
kafka_compose                   | [2026-09-25 22:06:01,366] INFO [BrokerServer id=1] Waiting for the broker to be unfenced (kafka.server.BrokerServer)
kafka_compose                   | [2026-09-25 22:06:01,406] INFO [BrokerLifecycleManager id=1] The broker is in RECOVERY. (org.apache.kafka.server.BrokerLifecycleManager)
kafka_compose                   | [2026-09-25 22:06:01,459] INFO [BrokerLifecycleManager id=1] The broker has been unfenced. Transitioning from RECOVERY to RUNNING. (org.apache.kafka.server.BrokerLifecycleManager)
kafka_compose                   | [2026-09-25 22:06:01,466] INFO [BrokerServer id=1] Finished waiting for the broker to be unfenced (kafka.server.BrokerServer)
kafka_compose                   | [2026-09-25 22:06:01,470] INFO authorizerStart completed for endpoint PLAINTEXT. Endpoint is now READY. (org.apache.kafka.server.network.EndpointReadyFutures)
kafka_compose                   | [2026-09-25 22:06:01,472] INFO authorizerStart completed for endpoint PLAINTEXT_HOST. Endpoint is now READY. (org.apache.kafka.server.network.EndpointReadyFutures)
kafka_compose                   | [2026-09-25 22:06:01,473] INFO [SocketServer listenerType=BROKER, nodeId=1] Enabling request processing. (kafka.network.SocketServer)
kafka_compose                   | [2026-09-25 22:06:01,475] INFO Awaiting socket connections on 0.0.0.0:9092. (kafka.network.DataPlaneAcceptor)
kafka_compose                   | [2026-09-25 22:06:01,484] INFO Awaiting socket connections on 0.0.0.0:9094. (kafka.network.DataPlaneAcceptor)
kafka_compose                   | [2026-09-25 22:06:01,511] INFO [BrokerServer id=1] Waiting for all of the authorizer futures to be completed (kafka.server.BrokerServer)
kafka_compose                   | [2026-09-25 22:06:01,521] INFO [BrokerServer id=1] Finished waiting for all of the authorizer futures to be completed (kafka.server.BrokerServer)
kafka_compose                   | [2026-09-25 22:06:01,522] INFO [BrokerServer id=1] Waiting for all of the SocketServer Acceptors to be started (kafka.server.BrokerServer)
kafka_compose                   | [2026-09-25 22:06:01,523] INFO [BrokerServer id=1] Finished waiting for all of the SocketServer Acceptors to be started (kafka.server.BrokerServer)
kafka_compose                   | [2026-09-25 22:06:01,534] INFO [BrokerServer id=1] Transition from STARTING to STARTED (kafka.server.BrokerServer)
kafka_compose                   | [2026-09-25 22:06:01,538] INFO Kafka version: 4.3.1 (org.apache.kafka.common.utils.AppInfoParser)
kafka_compose                   | [2026-09-25 22:06:01,540] INFO Kafka commitId: 26b251a451ce941d (org.apache.kafka.common.utils.AppInfoParser)
kafka_compose                   | [2026-09-25 22:06:01,541] INFO Kafka startTimeMs: 1790373961536 (org.apache.kafka.common.utils.AppInfoParser)
kafka_compose                   | [2026-09-25 22:06:01,552] INFO [KafkaRaftServer nodeId=1] Kafka Server started (kafka.server.KafkaRaftServer)
kafka_compose                   | [2026-09-25 22:06:48,926] INFO [ReplicaFetcherManager on broker 1] Removed fetcher for partitions Set(EMAIL_SENDING_TASKS-0, SUMMARY_SENDING_TASKS-0) (kafka.server.ReplicaFetcherManager)
kafka_compose                   | [2026-09-25 22:06:48,980] INFO [LogLoader partition=EMAIL_SENDING_TASKS-0, dir=/tmp/kafka-logs] Loading producer state till offset 0 (org.apache.kafka.storage.internals.log.UnifiedLog)
kafka_compose                   | [2026-09-25 22:06:49,016] INFO Created log for partition EMAIL_SENDING_TASKS-0 in /tmp/kafka-logs/EMAIL_SENDING_TASKS-0 with properties {} (kafka.log.LogManager)
kafka_compose                   | [2026-09-25 22:06:49,020] INFO [Partition EMAIL_SENDING_TASKS-0 broker=1] No checkpointed highwatermark is found for partition EMAIL_SENDING_TASKS-0 (kafka.cluster.Partition)
kafka_compose                   | [2026-09-25 22:06:49,026] INFO [Partition EMAIL_SENDING_TASKS-0 broker=1] Log loaded for partition EMAIL_SENDING_TASKS-0 with initial high watermark 0 (kafka.cluster.Partition)
kafka_compose                   | [2026-09-25 22:06:49,119] INFO [LogLoader partition=SUMMARY_SENDING_TASKS-0, dir=/tmp/kafka-logs] Loading producer state till offset 0 (org.apache.kafka.storage.internals.log.UnifiedLog)
kafka_compose                   | [2026-09-25 22:06:49,122] INFO Created log for partition SUMMARY_SENDING_TASKS-0 in /tmp/kafka-logs/SUMMARY_SENDING_TASKS-0 with properties {} (kafka.log.LogManager)
kafka_compose                   | [2026-09-25 22:06:49,125] INFO [Partition SUMMARY_SENDING_TASKS-0 broker=1] No checkpointed highwatermark is found for partition SUMMARY_SENDING_TASKS-0 (kafka.cluster.Partition)
kafka_compose                   | [2026-09-25 22:06:49,126] INFO [Partition SUMMARY_SENDING_TASKS-0 broker=1] Log loaded for partition SUMMARY_SENDING_TASKS-0 with initial high watermark 0 (kafka.cluster.Partition)
kafka_compose                   | [2026-09-25 22:06:49,734] INFO Sent auto-creation request for Set(__consumer_offsets) to the active controller. (kafka.server.DefaultAutoTopicCreationManager)
kafka_compose                   | [2026-09-25 22:06:49,808] INFO [ReplicaFetcherManager on broker 1] Removed fetcher for partitions Set(__consumer_offsets-13, __consumer_offsets-46, __consumer_offsets-9, __consumer_offsets-42, __consumer_offsets-21, __consumer_offsets-17, __consumer_offsets-30, __consumer_offsets-26, __consumer_offsets-5, __consumer_offsets-38, __consumer_offsets-1, __consumer_offsets-34, __consumer_offsets-16, __consumer_offsets-45, __consumer_offsets-12, __consumer_offsets-41, __consumer_offsets-24, __consumer_offsets-20, __consumer_offsets-49, __consumer_offsets-0, __consumer_offsets-29, __consumer_offsets-25, __consumer_offsets-8, __consumer_offsets-37, __consumer_offsets-4, __consumer_offsets-33, __consumer_offsets-15, __consumer_offsets-48, __consumer_offsets-11, __consumer_offsets-44, __consumer_offsets-23, __consumer_offsets-19, __consumer_offsets-32, __consumer_offsets-28, __consumer_offsets-7, __consumer_offsets-40, __consumer_offsets-3, __consumer_offsets-36, __consumer_offsets-47, __consumer_offsets-14, __consumer_offsets-43, __consumer_offsets-10, __consumer_offsets-22, __consumer_offsets-18, __consumer_offsets-31, __consumer_offsets-27, __consumer_offsets-39, __consumer_offsets-6, __consumer_offsets-35, __consumer_offsets-2) (kafka.server.ReplicaFetcherManager)
kafka_compose                   | [2026-09-25 22:06:49,821] INFO [LogLoader partition=__consumer_offsets-13, dir=/tmp/kafka-logs] Loading producer state till offset 0 (org.apache.kafka.storage.internals.log.UnifiedLog)
kafka_compose                   | [2026-09-25 22:06:49,824] INFO Created log for partition __consumer_offsets-13 in /tmp/kafka-logs/__consumer_offsets-13 with properties {cleanup.policy=compact, compression.type="producer", segment.bytes=104857600} (kafka.log.LogManager)
kafka_compose                   | [2026-09-25 22:06:49,826] INFO [Partition __consumer_offsets-13 broker=1] No checkpointed highwatermark is found for partition __consumer_offsets-13 (kafka.cluster.Partition)
kafka_compose                   | [2026-09-25 22:06:49,828] INFO [Partition __consumer_offsets-13 broker=1] Log loaded for partition __consumer_offsets-13 with initial high watermark 0 (kafka.cluster.Partition)
kafka_compose                   | [2026-09-25 22:06:49,892] INFO [LogLoader partition=__consumer_offsets-46, dir=/tmp/kafka-logs] Loading producer state till offset 0 (org.apache.kafka.storage.internals.log.UnifiedLog)
kafka_compose                   | [2026-09-25 22:06:49,900] INFO Created log for partition __consumer_offsets-46 in /tmp/kafka-logs/__consumer_offsets-46 with properties {cleanup.policy=compact, compression.type="producer", segment.bytes=104857600} (kafka.log.LogManager)
kafka_compose                   | [2026-09-25 22:06:49,905] INFO [Partition __consumer_offsets-46 broker=1] No checkpointed highwatermark is found for partition __consumer_offsets-46 (kafka.cluster.Partition)
kafka_compose                   | [2026-09-25 22:06:49,909] INFO [Partition __consumer_offsets-46 broker=1] Log loaded for partition __consumer_offsets-46 with initial high watermark 0 (kafka.cluster.Partition)
kafka_compose                   | [2026-09-25 22:06:49,965] INFO [LogLoader partition=__consumer_offsets-9, dir=/tmp/kafka-logs] Loading producer state till offset 0 (org.apache.kafka.storage.internals.log.UnifiedLog)
kafka_compose                   | [2026-09-25 22:06:49,968] INFO Created log for partition __consumer_offsets-9 in /tmp/kafka-logs/__consumer_offsets-9 with properties {cleanup.policy=compact, compression.type="producer", segment.bytes=104857600} (kafka.log.LogManager)
kafka_compose                   | [2026-09-25 22:06:49,969] INFO [Partition __consumer_offsets-9 broker=1] No checkpointed highwatermark is found for partition __consumer_offsets-9 (kafka.cluster.Partition)
kafka_compose                   | [2026-09-25 22:06:49,970] INFO [Partition __consumer_offsets-9 broker=1] Log loaded for partition __consumer_offsets-9 with initial high watermark 0 (kafka.cluster.Partition)
kafka_compose                   | [2026-09-25 22:06:50,021] INFO [LogLoader partition=__consumer_offsets-42, dir=/tmp/kafka-logs] Loading producer state till offset 0 (org.apache.kafka.storage.internals.log.UnifiedLog)
kafka_compose                   | [2026-09-25 22:06:50,029] INFO Created log for partition __consumer_offsets-42 in /tmp/kafka-logs/__consumer_offsets-42 with properties {cleanup.policy=compact, compression.type="producer", segment.bytes=104857600} (kafka.log.LogManager)
kafka_compose                   | [2026-09-25 22:06:50,031] INFO [Partition __consumer_offsets-42 broker=1] No checkpointed highwatermark is found for partition __consumer_offsets-42 (kafka.cluster.Partition)
kafka_compose                   | [2026-09-25 22:06:50,033] INFO [Partition __consumer_offsets-42 broker=1] Log loaded for partition __consumer_offsets-42 with initial high watermark 0 (kafka.cluster.Partition)
kafka_compose                   | [2026-09-25 22:06:50,093] INFO [LogLoader partition=__consumer_offsets-21, dir=/tmp/kafka-logs] Loading producer state till offset 0 (org.apache.kafka.storage.internals.log.UnifiedLog)
kafka_compose                   | [2026-09-25 22:06:50,100] INFO Created log for partition __consumer_offsets-21 in /tmp/kafka-logs/__consumer_offsets-21 with properties {cleanup.policy=compact, compression.type="producer", segment.bytes=104857600} (kafka.log.LogManager)
kafka_compose                   | [2026-09-25 22:06:50,103] INFO [Partition __consumer_offsets-21 broker=1] No checkpointed highwatermark is found for partition __consumer_offsets-21 (kafka.cluster.Partition)
kafka_compose                   | [2026-09-25 22:06:50,103] INFO [Partition __consumer_offsets-21 broker=1] Log loaded for partition __consumer_offsets-21 with initial high watermark 0 (kafka.cluster.Partition)
kafka_compose                   | [2026-09-25 22:06:50,187] INFO [LogLoader partition=__consumer_offsets-17, dir=/tmp/kafka-logs] Loading producer state till offset 0 (org.apache.kafka.storage.internals.log.UnifiedLog)
kafka_compose                   | [2026-09-25 22:06:50,190] INFO Created log for partition __consumer_offsets-17 in /tmp/kafka-logs/__consumer_offsets-17 with properties {cleanup.policy=compact, compression.type="producer", segment.bytes=104857600} (kafka.log.LogManager)
kafka_compose                   | [2026-09-25 22:06:50,192] INFO [Partition __consumer_offsets-17 broker=1] No checkpointed highwatermark is found for partition __consumer_offsets-17 (kafka.cluster.Partition)
kafka_compose                   | [2026-09-25 22:06:50,192] INFO [Partition __consumer_offsets-17 broker=1] Log loaded for partition __consumer_offsets-17 with initial high watermark 0 (kafka.cluster.Partition)
kafka_compose                   | [2026-09-25 22:06:50,258] INFO [LogLoader partition=__consumer_offsets-30, dir=/tmp/kafka-logs] Loading producer state till offset 0 (org.apache.kafka.storage.internals.log.UnifiedLog)
kafka_compose                   | [2026-09-25 22:06:50,263] INFO Created log for partition __consumer_offsets-30 in /tmp/kafka-logs/__consumer_offsets-30 with properties {cleanup.policy=compact, compression.type="producer", segment.bytes=104857600} (kafka.log.LogManager)
kafka_compose                   | [2026-09-25 22:06:50,266] INFO [Partition __consumer_offsets-30 broker=1] No checkpointed highwatermark is found for partition __consumer_offsets-30 (kafka.cluster.Partition)
kafka_compose                   | [2026-09-25 22:06:50,267] INFO [Partition __consumer_offsets-30 broker=1] Log loaded for partition __consumer_offsets-30 with initial high watermark 0 (kafka.cluster.Partition)
kafka_compose                   | [2026-09-25 22:06:50,341] INFO [LogLoader partition=__consumer_offsets-26, dir=/tmp/kafka-logs] Loading producer state till offset 0 (org.apache.kafka.storage.internals.log.UnifiedLog)
kafka_compose                   | [2026-09-25 22:06:50,347] INFO Created log for partition __consumer_offsets-26 in /tmp/kafka-logs/__consumer_offsets-26 with properties {cleanup.policy=compact, compression.type="producer", segment.bytes=104857600} (kafka.log.LogManager)
kafka_compose                   | [2026-09-25 22:06:50,350] INFO [Partition __consumer_offsets-26 broker=1] No checkpointed highwatermark is found for partition __consumer_offsets-26 (kafka.cluster.Partition)
kafka_compose                   | [2026-09-25 22:06:50,350] INFO [Partition __consumer_offsets-26 broker=1] Log loaded for partition __consumer_offsets-26 with initial high watermark 0 (kafka.cluster.Partition)
kafka_compose                   | [2026-09-25 22:06:50,399] INFO [LogLoader partition=__consumer_offsets-5, dir=/tmp/kafka-logs] Loading producer state till offset 0 (org.apache.kafka.storage.internals.log.UnifiedLog)
kafka_compose                   | [2026-09-25 22:06:50,402] INFO Created log for partition __consumer_offsets-5 in /tmp/kafka-logs/__consumer_offsets-5 with properties {cleanup.policy=compact, compression.type="producer", segment.bytes=104857600} (kafka.log.LogManager)
kafka_compose                   | [2026-09-25 22:06:50,403] INFO [Partition __consumer_offsets-5 broker=1] No checkpointed highwatermark is found for partition __consumer_offsets-5 (kafka.cluster.Partition)
kafka_compose                   | [2026-09-25 22:06:50,404] INFO [Partition __consumer_offsets-5 broker=1] Log loaded for partition __consumer_offsets-5 with initial high watermark 0 (kafka.cluster.Partition)
kafka_compose                   | [2026-09-25 22:06:50,447] INFO [LogLoader partition=__consumer_offsets-38, dir=/tmp/kafka-logs] Loading producer state till offset 0 (org.apache.kafka.storage.internals.log.UnifiedLog)
kafka_compose                   | [2026-09-25 22:06:50,450] INFO Created log for partition __consumer_offsets-38 in /tmp/kafka-logs/__consumer_offsets-38 with properties {cleanup.policy=compact, compression.type="producer", segment.bytes=104857600} (kafka.log.LogManager)
kafka_compose                   | [2026-09-25 22:06:50,451] INFO [Partition __consumer_offsets-38 broker=1] No checkpointed highwatermark is found for partition __consumer_offsets-38 (kafka.cluster.Partition)
kafka_compose                   | [2026-09-25 22:06:50,452] INFO [Partition __consumer_offsets-38 broker=1] Log loaded for partition __consumer_offsets-38 with initial high watermark 0 (kafka.cluster.Partition)
kafka_compose                   | [2026-09-25 22:06:50,517] INFO [LogLoader partition=__consumer_offsets-1, dir=/tmp/kafka-logs] Loading producer state till offset 0 (org.apache.kafka.storage.internals.log.UnifiedLog)
kafka_compose                   | [2026-09-25 22:06:50,522] INFO Created log for partition __consumer_offsets-1 in /tmp/kafka-logs/__consumer_offsets-1 with properties {cleanup.policy=compact, compression.type="producer", segment.bytes=104857600} (kafka.log.LogManager)
kafka_compose                   | [2026-09-25 22:06:50,524] INFO [Partition __consumer_offsets-1 broker=1] No checkpointed highwatermark is found for partition __consumer_offsets-1 (kafka.cluster.Partition)
kafka_compose                   | [2026-09-25 22:06:50,524] INFO [Partition __consumer_offsets-1 broker=1] Log loaded for partition __consumer_offsets-1 with initial high watermark 0 (kafka.cluster.Partition)
kafka_compose                   | [2026-09-25 22:06:50,598] INFO [LogLoader partition=__consumer_offsets-34, dir=/tmp/kafka-logs] Loading producer state till offset 0 (org.apache.kafka.storage.internals.log.UnifiedLog)
kafka_compose                   | [2026-09-25 22:06:50,606] INFO Created log for partition __consumer_offsets-34 in /tmp/kafka-logs/__consumer_offsets-34 with properties {cleanup.policy=compact, compression.type="producer", segment.bytes=104857600} (kafka.log.LogManager)
kafka_compose                   | [2026-09-25 22:06:50,608] INFO [Partition __consumer_offsets-34 broker=1] No checkpointed highwatermark is found for partition __consumer_offsets-34 (kafka.cluster.Partition)
kafka_compose                   | [2026-09-25 22:06:50,609] INFO [Partition __consumer_offsets-34 broker=1] Log loaded for partition __consumer_offsets-34 with initial high watermark 0 (kafka.cluster.Partition)
kafka_compose                   | [2026-09-25 22:06:50,719] INFO [LogLoader partition=__consumer_offsets-16, dir=/tmp/kafka-logs] Loading producer state till offset 0 (org.apache.kafka.storage.internals.log.UnifiedLog)
kafka_compose                   | [2026-09-25 22:06:50,721] INFO Created log for partition __consumer_offsets-16 in /tmp/kafka-logs/__consumer_offsets-16 with properties {cleanup.policy=compact, compression.type="producer", segment.bytes=104857600} (kafka.log.LogManager)
kafka_compose                   | [2026-09-25 22:06:50,723] INFO [Partition __consumer_offsets-16 broker=1] No checkpointed highwatermark is found for partition __consumer_offsets-16 (kafka.cluster.Partition)
kafka_compose                   | [2026-09-25 22:06:50,724] INFO [Partition __consumer_offsets-16 broker=1] Log loaded for partition __consumer_offsets-16 with initial high watermark 0 (kafka.cluster.Partition)
kafka_compose                   | [2026-09-25 22:06:50,829] INFO [LogLoader partition=__consumer_offsets-45, dir=/tmp/kafka-logs] Loading producer state till offset 0 (org.apache.kafka.storage.internals.log.UnifiedLog)
kafka_compose                   | [2026-09-25 22:06:50,833] INFO Created log for partition __consumer_offsets-45 in /tmp/kafka-logs/__consumer_offsets-45 with properties {cleanup.policy=compact, compression.type="producer", segment.bytes=104857600} (kafka.log.LogManager)
kafka_compose                   | [2026-09-25 22:06:50,834] INFO [Partition __consumer_offsets-45 broker=1] No checkpointed highwatermark is found for partition __consumer_offsets-45 (kafka.cluster.Partition)
kafka_compose                   | [2026-09-25 22:06:50,835] INFO [Partition __consumer_offsets-45 broker=1] Log loaded for partition __consumer_offsets-45 with initial high watermark 0 (kafka.cluster.Partition)
kafka_compose                   | [2026-09-25 22:06:50,870] INFO [LogLoader partition=__consumer_offsets-12, dir=/tmp/kafka-logs] Loading producer state till offset 0 (org.apache.kafka.storage.internals.log.UnifiedLog)
kafka_compose                   | [2026-09-25 22:06:50,872] INFO Created log for partition __consumer_offsets-12 in /tmp/kafka-logs/__consumer_offsets-12 with properties {cleanup.policy=compact, compression.type="producer", segment.bytes=104857600} (kafka.log.LogManager)
kafka_compose                   | [2026-09-25 22:06:50,873] INFO [Partition __consumer_offsets-12 broker=1] No checkpointed highwatermark is found for partition __consumer_offsets-12 (kafka.cluster.Partition)
kafka_compose                   | [2026-09-25 22:06:50,874] INFO [Partition __consumer_offsets-12 broker=1] Log loaded for partition __consumer_offsets-12 with initial high watermark 0 (kafka.cluster.Partition)
kafka_compose                   | [2026-09-25 22:06:50,919] INFO [LogLoader partition=__consumer_offsets-41, dir=/tmp/kafka-logs] Loading producer state till offset 0 (org.apache.kafka.storage.internals.log.UnifiedLog)
kafka_compose                   | [2026-09-25 22:06:50,922] INFO Created log for partition __consumer_offsets-41 in /tmp/kafka-logs/__consumer_offsets-41 with properties {cleanup.policy=compact, compression.type="producer", segment.bytes=104857600} (kafka.log.LogManager)
kafka_compose                   | [2026-09-25 22:06:50,925] INFO [Partition __consumer_offsets-41 broker=1] No checkpointed highwatermark is found for partition __consumer_offsets-41 (kafka.cluster.Partition)
kafka_compose                   | [2026-09-25 22:06:50,926] INFO [Partition __consumer_offsets-41 broker=1] Log loaded for partition __consumer_offsets-41 with initial high watermark 0 (kafka.cluster.Partition)
kafka_compose                   | [2026-09-25 22:06:50,982] INFO [LogLoader partition=__consumer_offsets-24, dir=/tmp/kafka-logs] Loading producer state till offset 0 (org.apache.kafka.storage.internals.log.UnifiedLog)
kafka_compose                   | [2026-09-25 22:06:50,992] INFO Created log for partition __consumer_offsets-24 in /tmp/kafka-logs/__consumer_offsets-24 with properties {cleanup.policy=compact, compression.type="producer", segment.bytes=104857600} (kafka.log.LogManager)
kafka_compose                   | [2026-09-25 22:06:50,994] INFO [Partition __consumer_offsets-24 broker=1] No checkpointed highwatermark is found for partition __consumer_offsets-24 (kafka.cluster.Partition)
kafka_compose                   | [2026-09-25 22:06:50,994] INFO [Partition __consumer_offsets-24 broker=1] Log loaded for partition __consumer_offsets-24 with initial high watermark 0 (kafka.cluster.Partition)
kafka_compose                   | [2026-09-25 22:06:51,051] INFO Sent auto-creation request for Set(SCHEDULER_SUMMARIZATION_REQUESTS) to the active controller. (kafka.server.DefaultAutoTopicCreationManager)
kafka_compose                   | [2026-09-25 22:06:51,066] WARN Auto topic creation failed for SCHEDULER_SUMMARIZATION_REQUESTS with error 'TOPIC_ALREADY_EXISTS': Topic 'SCHEDULER_SUMMARIZATION_REQUESTS' already exists. (kafka.server.DefaultAutoTopicCreationManager)
kafka_compose                   | [2026-09-25 22:06:51,119] INFO [LogLoader partition=__consumer_offsets-20, dir=/tmp/kafka-logs] Loading producer state till offset 0 (org.apache.kafka.storage.internals.log.UnifiedLog)
kafka_compose                   | [2026-09-25 22:06:51,130] INFO Created log for partition __consumer_offsets-20 in /tmp/kafka-logs/__consumer_offsets-20 with properties {cleanup.policy=compact, compression.type="producer", segment.bytes=104857600} (kafka.log.LogManager)
kafka_compose                   | [2026-09-25 22:06:51,131] INFO [Partition __consumer_offsets-20 broker=1] No checkpointed highwatermark is found for partition __consumer_offsets-20 (kafka.cluster.Partition)
kafka_compose                   | [2026-09-25 22:06:51,133] INFO [Partition __consumer_offsets-20 broker=1] Log loaded for partition __consumer_offsets-20 with initial high watermark 0 (kafka.cluster.Partition)
kafka_compose                   | [2026-09-25 22:06:51,225] INFO Sent auto-creation request for Set(SCHEDULER_SUMMARIZATION_REQUESTS) to the active controller. (kafka.server.DefaultAutoTopicCreationManager)
kafka_compose                   | [2026-09-25 22:06:51,227] INFO [LogLoader partition=__consumer_offsets-49, dir=/tmp/kafka-logs] Loading producer state till offset 0 (org.apache.kafka.storage.internals.log.UnifiedLog)
kafka_compose                   | [2026-09-25 22:06:51,236] INFO Created log for partition __consumer_offsets-49 in /tmp/kafka-logs/__consumer_offsets-49 with properties {cleanup.policy=compact, compression.type="producer", segment.bytes=104857600} (kafka.log.LogManager)
kafka_compose                   | [2026-09-25 22:06:51,237] INFO [Partition __consumer_offsets-49 broker=1] No checkpointed highwatermark is found for partition __consumer_offsets-49 (kafka.cluster.Partition)
kafka_compose                   | [2026-09-25 22:06:51,237] INFO [Partition __consumer_offsets-49 broker=1] Log loaded for partition __consumer_offsets-49 with initial high watermark 0 (kafka.cluster.Partition)
kafka_compose                   | [2026-09-25 22:06:51,256] WARN Auto topic creation failed for SCHEDULER_SUMMARIZATION_REQUESTS with error 'TOPIC_ALREADY_EXISTS': Topic 'SCHEDULER_SUMMARIZATION_REQUESTS' already exists. (kafka.server.DefaultAutoTopicCreationManager)
kafka_compose                   | [2026-09-25 22:06:51,296] INFO Sent auto-creation request for Set(SCHEDULER_SUMMARIZATION_REPLIES) to the active controller. (kafka.server.DefaultAutoTopicCreationManager)
kafka_compose                   | [2026-09-25 22:06:51,398] INFO [LogLoader partition=__consumer_offsets-0, dir=/tmp/kafka-logs] Loading producer state till offset 0 (org.apache.kafka.storage.internals.log.UnifiedLog)
kafka_compose                   | [2026-09-25 22:06:51,404] INFO Created log for partition __consumer_offsets-0 in /tmp/kafka-logs/__consumer_offsets-0 with properties {cleanup.policy=compact, compression.type="producer", segment.bytes=104857600} (kafka.log.LogManager)
kafka_compose                   | [2026-09-25 22:06:51,407] INFO [Partition __consumer_offsets-0 broker=1] No checkpointed highwatermark is found for partition __consumer_offsets-0 (kafka.cluster.Partition)
kafka_compose                   | [2026-09-25 22:06:51,409] INFO [Partition __consumer_offsets-0 broker=1] Log loaded for partition __consumer_offsets-0 with initial high watermark 0 (kafka.cluster.Partition)
kafka_compose                   | [2026-09-25 22:06:51,443] INFO Sent auto-creation request for Set(SCHEDULER_SUMMARIZATION_REQUESTS) to the active controller. (kafka.server.DefaultAutoTopicCreationManager)
kafka_compose                   | [2026-09-25 22:06:51,454] WARN Auto topic creation failed for SCHEDULER_SUMMARIZATION_REQUESTS with error 'TOPIC_ALREADY_EXISTS': Topic 'SCHEDULER_SUMMARIZATION_REQUESTS' already exists. (kafka.server.DefaultAutoTopicCreationManager)
kafka_compose                   | [2026-09-25 22:06:51,504] INFO Sent auto-creation request for Set(SCHEDULER_SUMMARIZATION_REPLIES) to the active controller. (kafka.server.DefaultAutoTopicCreationManager)
kafka_compose                   | [2026-09-25 22:06:51,522] WARN Auto topic creation failed for SCHEDULER_SUMMARIZATION_REPLIES with error 'TOPIC_ALREADY_EXISTS': Topic 'SCHEDULER_SUMMARIZATION_REPLIES' already exists. (kafka.server.DefaultAutoTopicCreationManager)
kafka_compose                   | [2026-09-25 22:06:51,542] INFO [LogLoader partition=__consumer_offsets-29, dir=/tmp/kafka-logs] Loading producer state till offset 0 (org.apache.kafka.storage.internals.log.UnifiedLog)
kafka_compose                   | [2026-09-25 22:06:51,545] INFO Created log for partition __consumer_offsets-29 in /tmp/kafka-logs/__consumer_offsets-29 with properties {cleanup.policy=compact, compression.type="producer", segment.bytes=104857600} (kafka.log.LogManager)
kafka_compose                   | [2026-09-25 22:06:51,545] INFO [Partition __consumer_offsets-29 broker=1] No checkpointed highwatermark is found for partition __consumer_offsets-29 (kafka.cluster.Partition)
kafka_compose                   | [2026-09-25 22:06:51,546] INFO [Partition __consumer_offsets-29 broker=1] Log loaded for partition __consumer_offsets-29 with initial high watermark 0 (kafka.cluster.Partition)
kafka_compose                   | [2026-09-25 22:06:51,604] INFO [LogLoader partition=__consumer_offsets-25, dir=/tmp/kafka-logs] Loading producer state till offset 0 (org.apache.kafka.storage.internals.log.UnifiedLog)
kafka_compose                   | [2026-09-25 22:06:51,607] INFO Created log for partition __consumer_offsets-25 in /tmp/kafka-logs/__consumer_offsets-25 with properties {cleanup.policy=compact, compression.type="producer", segment.bytes=104857600} (kafka.log.LogManager)
kafka_compose                   | [2026-09-25 22:06:51,608] INFO [Partition __consumer_offsets-25 broker=1] No checkpointed highwatermark is found for partition __consumer_offsets-25 (kafka.cluster.Partition)
kafka_compose                   | [2026-09-25 22:06:51,609] INFO [Partition __consumer_offsets-25 broker=1] Log loaded for partition __consumer_offsets-25 with initial high watermark 0 (kafka.cluster.Partition)
kafka_compose                   | [2026-09-25 22:06:51,656] INFO [LogLoader partition=__consumer_offsets-8, dir=/tmp/kafka-logs] Loading producer state till offset 0 (org.apache.kafka.storage.internals.log.UnifiedLog)
kafka_compose                   | [2026-09-25 22:06:51,658] INFO Created log for partition __consumer_offsets-8 in /tmp/kafka-logs/__consumer_offsets-8 with properties {cleanup.policy=compact, compression.type="producer", segment.bytes=104857600} (kafka.log.LogManager)
kafka_compose                   | [2026-09-25 22:06:51,659] INFO [Partition __consumer_offsets-8 broker=1] No checkpointed highwatermark is found for partition __consumer_offsets-8 (kafka.cluster.Partition)
kafka_compose                   | [2026-09-25 22:06:51,660] INFO [Partition __consumer_offsets-8 broker=1] Log loaded for partition __consumer_offsets-8 with initial high watermark 0 (kafka.cluster.Partition)
kafka_compose                   | [2026-09-25 22:06:51,754] INFO [LogLoader partition=__consumer_offsets-37, dir=/tmp/kafka-logs] Loading producer state till offset 0 (org.apache.kafka.storage.internals.log.UnifiedLog)
kafka_compose                   | [2026-09-25 22:06:51,757] INFO Created log for partition __consumer_offsets-37 in /tmp/kafka-logs/__consumer_offsets-37 with properties {cleanup.policy=compact, compression.type="producer", segment.bytes=104857600} (kafka.log.LogManager)
kafka_compose                   | [2026-09-25 22:06:51,761] INFO [Partition __consumer_offsets-37 broker=1] No checkpointed highwatermark is found for partition __consumer_offsets-37 (kafka.cluster.Partition)
kafka_compose                   | [2026-09-25 22:06:51,761] INFO [Partition __consumer_offsets-37 broker=1] Log loaded for partition __consumer_offsets-37 with initial high watermark 0 (kafka.cluster.Partition)
kafka_compose                   | [2026-09-25 22:06:51,817] INFO Sent auto-creation request for Set(SCHEDULER_SUMMARIZATION_REPLIES) to the active controller. (kafka.server.DefaultAutoTopicCreationManager)
kafka_compose                   | [2026-09-25 22:06:51,827] INFO [LogLoader partition=__consumer_offsets-4, dir=/tmp/kafka-logs] Loading producer state till offset 0 (org.apache.kafka.storage.internals.log.UnifiedLog)
kafka_compose                   | [2026-09-25 22:06:51,830] INFO Created log for partition __consumer_offsets-4 in /tmp/kafka-logs/__consumer_offsets-4 with properties {cleanup.policy=compact, compression.type="producer", segment.bytes=104857600} (kafka.log.LogManager)
kafka_compose                   | [2026-09-25 22:06:51,834] INFO [Partition __consumer_offsets-4 broker=1] No checkpointed highwatermark is found for partition __consumer_offsets-4 (kafka.cluster.Partition)
kafka_compose                   | [2026-09-25 22:06:51,836] WARN Auto topic creation failed for SCHEDULER_SUMMARIZATION_REPLIES with error 'TOPIC_ALREADY_EXISTS': Topic 'SCHEDULER_SUMMARIZATION_REPLIES' already exists. (kafka.server.DefaultAutoTopicCreationManager)
kafka_compose                   | [2026-09-25 22:06:51,837] INFO [Partition __consumer_offsets-4 broker=1] Log loaded for partition __consumer_offsets-4 with initial high watermark 0 (kafka.cluster.Partition)
kafka_compose                   | [2026-09-25 22:06:51,862] INFO Sent auto-creation request for Set(SCHEDULER_SUMMARIZATION_REQUESTS) to the active controller. (kafka.server.DefaultAutoTopicCreationManager)
kafka_compose                   | [2026-09-25 22:06:51,892] WARN Auto topic creation failed for SCHEDULER_SUMMARIZATION_REQUESTS with error 'TOPIC_ALREADY_EXISTS': Topic 'SCHEDULER_SUMMARIZATION_REQUESTS' already exists. (kafka.server.DefaultAutoTopicCreationManager)
kafka_compose                   | [2026-09-25 22:06:51,994] INFO [LogLoader partition=__consumer_offsets-33, dir=/tmp/kafka-logs] Loading producer state till offset 0 (org.apache.kafka.storage.internals.log.UnifiedLog)
kafka_compose                   | [2026-09-25 22:06:51,997] INFO Created log for partition __consumer_offsets-33 in /tmp/kafka-logs/__consumer_offsets-33 with properties {cleanup.policy=compact, compression.type="producer", segment.bytes=104857600} (kafka.log.LogManager)
kafka_compose                   | [2026-09-25 22:06:51,998] INFO [Partition __consumer_offsets-33 broker=1] No checkpointed highwatermark is found for partition __consumer_offsets-33 (kafka.cluster.Partition)
kafka_compose                   | [2026-09-25 22:06:52,001] INFO [Partition __consumer_offsets-33 broker=1] Log loaded for partition __consumer_offsets-33 with initial high watermark 0 (kafka.cluster.Partition)
kafka_compose                   | [2026-09-25 22:06:52,086] INFO [LogLoader partition=__consumer_offsets-15, dir=/tmp/kafka-logs] Loading producer state till offset 0 (org.apache.kafka.storage.internals.log.UnifiedLog)
kafka_compose                   | [2026-09-25 22:06:52,089] INFO Created log for partition __consumer_offsets-15 in /tmp/kafka-logs/__consumer_offsets-15 with properties {cleanup.policy=compact, compression.type="producer", segment.bytes=104857600} (kafka.log.LogManager)
kafka_compose                   | [2026-09-25 22:06:52,090] INFO [Partition __consumer_offsets-15 broker=1] No checkpointed highwatermark is found for partition __consumer_offsets-15 (kafka.cluster.Partition)
kafka_compose                   | [2026-09-25 22:06:52,096] INFO [Partition __consumer_offsets-15 broker=1] Log loaded for partition __consumer_offsets-15 with initial high watermark 0 (kafka.cluster.Partition)
kafka_compose                   | [2026-09-25 22:06:52,167] INFO [LogLoader partition=__consumer_offsets-48, dir=/tmp/kafka-logs] Loading producer state till offset 0 (org.apache.kafka.storage.internals.log.UnifiedLog)
kafka_compose                   | [2026-09-25 22:06:52,170] INFO Created log for partition __consumer_offsets-48 in /tmp/kafka-logs/__consumer_offsets-48 with properties {cleanup.policy=compact, compression.type="producer", segment.bytes=104857600} (kafka.log.LogManager)
kafka_compose                   | [2026-09-25 22:06:52,172] INFO [Partition __consumer_offsets-48 broker=1] No checkpointed highwatermark is found for partition __consumer_offsets-48 (kafka.cluster.Partition)
kafka_compose                   | [2026-09-25 22:06:52,173] INFO [Partition __consumer_offsets-48 broker=1] Log loaded for partition __consumer_offsets-48 with initial high watermark 0 (kafka.cluster.Partition)
kafka_compose                   | [2026-09-25 22:06:52,197] INFO Sent auto-creation request for Set(SCHEDULER_SUMMARIZATION_REPLIES) to the active controller. (kafka.server.DefaultAutoTopicCreationManager)
kafka_compose                   | [2026-09-25 22:06:52,217] WARN Auto topic creation failed for SCHEDULER_SUMMARIZATION_REPLIES with error 'TOPIC_ALREADY_EXISTS': Topic 'SCHEDULER_SUMMARIZATION_REPLIES' already exists. (kafka.server.DefaultAutoTopicCreationManager)
kafka_compose                   | [2026-09-25 22:06:52,258] INFO [LogLoader partition=__consumer_offsets-11, dir=/tmp/kafka-logs] Loading producer state till offset 0 (org.apache.kafka.storage.internals.log.UnifiedLog)
kafka_compose                   | [2026-09-25 22:06:52,263] INFO Created log for partition __consumer_offsets-11 in /tmp/kafka-logs/__consumer_offsets-11 with properties {cleanup.policy=compact, compression.type="producer", segment.bytes=104857600} (kafka.log.LogManager)
kafka_compose                   | [2026-09-25 22:06:52,265] INFO [Partition __consumer_offsets-11 broker=1] No checkpointed highwatermark is found for partition __consumer_offsets-11 (kafka.cluster.Partition)
kafka_compose                   | [2026-09-25 22:06:52,266] INFO [Partition __consumer_offsets-11 broker=1] Log loaded for partition __consumer_offsets-11 with initial high watermark 0 (kafka.cluster.Partition)
kafka_compose                   | [2026-09-25 22:06:52,311] INFO [LogLoader partition=__consumer_offsets-44, dir=/tmp/kafka-logs] Loading producer state till offset 0 (org.apache.kafka.storage.internals.log.UnifiedLog)
kafka_compose                   | [2026-09-25 22:06:52,314] INFO Created log for partition __consumer_offsets-44 in /tmp/kafka-logs/__consumer_offsets-44 with properties {cleanup.policy=compact, compression.type="producer", segment.bytes=104857600} (kafka.log.LogManager)
kafka_compose                   | [2026-09-25 22:06:52,315] INFO [Partition __consumer_offsets-44 broker=1] No checkpointed highwatermark is found for partition __consumer_offsets-44 (kafka.cluster.Partition)
kafka_compose                   | [2026-09-25 22:06:52,315] INFO [Partition __consumer_offsets-44 broker=1] Log loaded for partition __consumer_offsets-44 with initial high watermark 0 (kafka.cluster.Partition)
kafka_compose                   | [2026-09-25 22:06:52,410] INFO [LogLoader partition=__consumer_offsets-23, dir=/tmp/kafka-logs] Loading producer state till offset 0 (org.apache.kafka.storage.internals.log.UnifiedLog)
kafka_compose                   | [2026-09-25 22:06:52,420] INFO Created log for partition __consumer_offsets-23 in /tmp/kafka-logs/__consumer_offsets-23 with properties {cleanup.policy=compact, compression.type="producer", segment.bytes=104857600} (kafka.log.LogManager)
kafka_compose                   | [2026-09-25 22:06:52,422] INFO [Partition __consumer_offsets-23 broker=1] No checkpointed highwatermark is found for partition __consumer_offsets-23 (kafka.cluster.Partition)
kafka_compose                   | [2026-09-25 22:06:52,423] INFO [Partition __consumer_offsets-23 broker=1] Log loaded for partition __consumer_offsets-23 with initial high watermark 0 (kafka.cluster.Partition)
kafka_compose                   | [2026-09-25 22:06:52,630] INFO [LogLoader partition=__consumer_offsets-19, dir=/tmp/kafka-logs] Loading producer state till offset 0 (org.apache.kafka.storage.internals.log.UnifiedLog)
kafka_compose                   | [2026-09-25 22:06:52,633] INFO Created log for partition __consumer_offsets-19 in /tmp/kafka-logs/__consumer_offsets-19 with properties {cleanup.policy=compact, compression.type="producer", segment.bytes=104857600} (kafka.log.LogManager)
kafka_compose                   | [2026-09-25 22:06:52,633] INFO [Partition __consumer_offsets-19 broker=1] No checkpointed highwatermark is found for partition __consumer_offsets-19 (kafka.cluster.Partition)
kafka_compose                   | [2026-09-25 22:06:52,634] INFO [Partition __consumer_offsets-19 broker=1] Log loaded for partition __consumer_offsets-19 with initial high watermark 0 (kafka.cluster.Partition)
kafka_compose                   | [2026-09-25 22:06:52,688] INFO Sent auto-creation request for Set(SCHEDULER_SUMMARIZATION_REQUESTS) to the active controller. (kafka.server.DefaultAutoTopicCreationManager)
kafka_compose                   | [2026-09-25 22:06:52,691] WARN Auto topic creation failed for SCHEDULER_SUMMARIZATION_REQUESTS with error 'TOPIC_ALREADY_EXISTS': Topic 'SCHEDULER_SUMMARIZATION_REQUESTS' already exists. (kafka.server.DefaultAutoTopicCreationManager)
kafka_compose                   | [2026-09-25 22:06:52,788] INFO [LogLoader partition=__consumer_offsets-32, dir=/tmp/kafka-logs] Loading producer state till offset 0 (org.apache.kafka.storage.internals.log.UnifiedLog)
kafka_compose                   | [2026-09-25 22:06:52,790] INFO Created log for partition __consumer_offsets-32 in /tmp/kafka-logs/__consumer_offsets-32 with properties {cleanup.policy=compact, compression.type="producer", segment.bytes=104857600} (kafka.log.LogManager)
kafka_compose                   | [2026-09-25 22:06:52,791] INFO [Partition __consumer_offsets-32 broker=1] No checkpointed highwatermark is found for partition __consumer_offsets-32 (kafka.cluster.Partition)
kafka_compose                   | [2026-09-25 22:06:52,791] INFO [Partition __consumer_offsets-32 broker=1] Log loaded for partition __consumer_offsets-32 with initial high watermark 0 (kafka.cluster.Partition)
kafka_compose                   | [2026-09-25 22:06:52,851] INFO [LogLoader partition=__consumer_offsets-28, dir=/tmp/kafka-logs] Loading producer state till offset 0 (org.apache.kafka.storage.internals.log.UnifiedLog)
kafka_compose                   | [2026-09-25 22:06:52,861] INFO Created log for partition __consumer_offsets-28 in /tmp/kafka-logs/__consumer_offsets-28 with properties {cleanup.policy=compact, compression.type="producer", segment.bytes=104857600} (kafka.log.LogManager)
kafka_compose                   | [2026-09-25 22:06:52,862] INFO [Partition __consumer_offsets-28 broker=1] No checkpointed highwatermark is found for partition __consumer_offsets-28 (kafka.cluster.Partition)
kafka_compose                   | [2026-09-25 22:06:52,862] INFO [Partition __consumer_offsets-28 broker=1] Log loaded for partition __consumer_offsets-28 with initial high watermark 0 (kafka.cluster.Partition)
kafka_compose                   | [2026-09-25 22:06:52,954] INFO [LogLoader partition=__consumer_offsets-7, dir=/tmp/kafka-logs] Loading producer state till offset 0 (org.apache.kafka.storage.internals.log.UnifiedLog)
kafka_compose                   | [2026-09-25 22:06:52,956] INFO Created log for partition __consumer_offsets-7 in /tmp/kafka-logs/__consumer_offsets-7 with properties {cleanup.policy=compact, compression.type="producer", segment.bytes=104857600} (kafka.log.LogManager)
kafka_compose                   | [2026-09-25 22:06:52,956] INFO [Partition __consumer_offsets-7 broker=1] No checkpointed highwatermark is found for partition __consumer_offsets-7 (kafka.cluster.Partition)
kafka_compose                   | [2026-09-25 22:06:52,957] INFO [Partition __consumer_offsets-7 broker=1] Log loaded for partition __consumer_offsets-7 with initial high watermark 0 (kafka.cluster.Partition)
kafka_compose                   | [2026-09-25 22:06:52,980] INFO Sent auto-creation request for Set(SCHEDULER_SUMMARIZATION_REPLIES) to the active controller. (kafka.server.DefaultAutoTopicCreationManager)
kafka_compose                   | [2026-09-25 22:06:52,985] WARN Auto topic creation failed for SCHEDULER_SUMMARIZATION_REPLIES with error 'TOPIC_ALREADY_EXISTS': Topic 'SCHEDULER_SUMMARIZATION_REPLIES' already exists. (kafka.server.DefaultAutoTopicCreationManager)
kafka_compose                   | [2026-09-25 22:06:53,074] INFO [LogLoader partition=__consumer_offsets-40, dir=/tmp/kafka-logs] Loading producer state till offset 0 (org.apache.kafka.storage.internals.log.UnifiedLog)
kafka_compose                   | [2026-09-25 22:06:53,075] INFO Created log for partition __consumer_offsets-40 in /tmp/kafka-logs/__consumer_offsets-40 with properties {cleanup.policy=compact, compression.type="producer", segment.bytes=104857600} (kafka.log.LogManager)
kafka_compose                   | [2026-09-25 22:06:53,076] INFO [Partition __consumer_offsets-40 broker=1] No checkpointed highwatermark is found for partition __consumer_offsets-40 (kafka.cluster.Partition)
kafka_compose                   | [2026-09-25 22:06:53,076] INFO [Partition __consumer_offsets-40 broker=1] Log loaded for partition __consumer_offsets-40 with initial high watermark 0 (kafka.cluster.Partition)
kafka_compose                   | [2026-09-25 22:06:53,195] INFO [LogLoader partition=__consumer_offsets-3, dir=/tmp/kafka-logs] Loading producer state till offset 0 (org.apache.kafka.storage.internals.log.UnifiedLog)
kafka_compose                   | [2026-09-25 22:06:53,208] INFO Created log for partition __consumer_offsets-3 in /tmp/kafka-logs/__consumer_offsets-3 with properties {cleanup.policy=compact, compression.type="producer", segment.bytes=104857600} (kafka.log.LogManager)
kafka_compose                   | [2026-09-25 22:06:53,208] INFO [Partition __consumer_offsets-3 broker=1] No checkpointed highwatermark is found for partition __consumer_offsets-3 (kafka.cluster.Partition)
kafka_compose                   | [2026-09-25 22:06:53,209] INFO [Partition __consumer_offsets-3 broker=1] Log loaded for partition __consumer_offsets-3 with initial high watermark 0 (kafka.cluster.Partition)
kafka_compose                   | [2026-09-25 22:06:53,301] INFO [LogLoader partition=__consumer_offsets-36, dir=/tmp/kafka-logs] Loading producer state till offset 0 (org.apache.kafka.storage.internals.log.UnifiedLog)
kafka_compose                   | [2026-09-25 22:06:53,308] INFO Created log for partition __consumer_offsets-36 in /tmp/kafka-logs/__consumer_offsets-36 with properties {cleanup.policy=compact, compression.type="producer", segment.bytes=104857600} (kafka.log.LogManager)
kafka_compose                   | [2026-09-25 22:06:53,309] INFO [Partition __consumer_offsets-36 broker=1] No checkpointed highwatermark is found for partition __consumer_offsets-36 (kafka.cluster.Partition)
kafka_compose                   | [2026-09-25 22:06:53,309] INFO [Partition __consumer_offsets-36 broker=1] Log loaded for partition __consumer_offsets-36 with initial high watermark 0 (kafka.cluster.Partition)
kafka_compose                   | [2026-09-25 22:06:53,387] INFO [LogLoader partition=__consumer_offsets-47, dir=/tmp/kafka-logs] Loading producer state till offset 0 (org.apache.kafka.storage.internals.log.UnifiedLog)
kafka_compose                   | [2026-09-25 22:06:53,392] INFO Created log for partition __consumer_offsets-47 in /tmp/kafka-logs/__consumer_offsets-47 with properties {cleanup.policy=compact, compression.type="producer", segment.bytes=104857600} (kafka.log.LogManager)
kafka_compose                   | [2026-09-25 22:06:53,392] INFO [Partition __consumer_offsets-47 broker=1] No checkpointed highwatermark is found for partition __consumer_offsets-47 (kafka.cluster.Partition)
kafka_compose                   | [2026-09-25 22:06:53,393] INFO [Partition __consumer_offsets-47 broker=1] Log loaded for partition __consumer_offsets-47 with initial high watermark 0 (kafka.cluster.Partition)
kafka_compose                   | [2026-09-25 22:06:53,474] INFO [LogLoader partition=__consumer_offsets-14, dir=/tmp/kafka-logs] Loading producer state till offset 0 (org.apache.kafka.storage.internals.log.UnifiedLog)
kafka_compose                   | [2026-09-25 22:06:53,476] INFO Created log for partition __consumer_offsets-14 in /tmp/kafka-logs/__consumer_offsets-14 with properties {cleanup.policy=compact, compression.type="producer", segment.bytes=104857600} (kafka.log.LogManager)
kafka_compose                   | [2026-09-25 22:06:53,476] INFO [Partition __consumer_offsets-14 broker=1] No checkpointed highwatermark is found for partition __consumer_offsets-14 (kafka.cluster.Partition)
kafka_compose                   | [2026-09-25 22:06:53,477] INFO [Partition __consumer_offsets-14 broker=1] Log loaded for partition __consumer_offsets-14 with initial high watermark 0 (kafka.cluster.Partition)
kafka_compose                   | [2026-09-25 22:06:53,533] INFO Sent auto-creation request for Set(SCHEDULER_SUMMARIZATION_REQUESTS) to the active controller. (kafka.server.DefaultAutoTopicCreationManager)
kafka_compose                   | [2026-09-25 22:06:53,537] WARN Auto topic creation failed for SCHEDULER_SUMMARIZATION_REQUESTS with error 'TOPIC_ALREADY_EXISTS': Topic 'SCHEDULER_SUMMARIZATION_REQUESTS' already exists. (kafka.server.DefaultAutoTopicCreationManager)
kafka_compose                   | [2026-09-25 22:06:53,572] INFO [LogLoader partition=__consumer_offsets-43, dir=/tmp/kafka-logs] Loading producer state till offset 0 (org.apache.kafka.storage.internals.log.UnifiedLog)
kafka_compose                   | [2026-09-25 22:06:53,573] INFO Created log for partition __consumer_offsets-43 in /tmp/kafka-logs/__consumer_offsets-43 with properties {cleanup.policy=compact, compression.type="producer", segment.bytes=104857600} (kafka.log.LogManager)
kafka_compose                   | [2026-09-25 22:06:53,574] INFO [Partition __consumer_offsets-43 broker=1] No checkpointed highwatermark is found for partition __consumer_offsets-43 (kafka.cluster.Partition)
kafka_compose                   | [2026-09-25 22:06:53,574] INFO [Partition __consumer_offsets-43 broker=1] Log loaded for partition __consumer_offsets-43 with initial high watermark 0 (kafka.cluster.Partition)
kafka_compose                   | [2026-09-25 22:06:53,652] INFO [LogLoader partition=__consumer_offsets-10, dir=/tmp/kafka-logs] Loading producer state till offset 0 (org.apache.kafka.storage.internals.log.UnifiedLog)
kafka_compose                   | [2026-09-25 22:06:53,655] INFO Created log for partition __consumer_offsets-10 in /tmp/kafka-logs/__consumer_offsets-10 with properties {cleanup.policy=compact, compression.type="producer", segment.bytes=104857600} (kafka.log.LogManager)
kafka_compose                   | [2026-09-25 22:06:53,656] INFO [Partition __consumer_offsets-10 broker=1] No checkpointed highwatermark is found for partition __consumer_offsets-10 (kafka.cluster.Partition)
kafka_compose                   | [2026-09-25 22:06:53,656] INFO [Partition __consumer_offsets-10 broker=1] Log loaded for partition __consumer_offsets-10 with initial high watermark 0 (kafka.cluster.Partition)
kafka_compose                   | [2026-09-25 22:06:53,711] INFO [LogLoader partition=__consumer_offsets-22, dir=/tmp/kafka-logs] Loading producer state till offset 0 (org.apache.kafka.storage.internals.log.UnifiedLog)
kafka_compose                   | [2026-09-25 22:06:53,712] INFO Created log for partition __consumer_offsets-22 in /tmp/kafka-logs/__consumer_offsets-22 with properties {cleanup.policy=compact, compression.type="producer", segment.bytes=104857600} (kafka.log.LogManager)
kafka_compose                   | [2026-09-25 22:06:53,713] INFO [Partition __consumer_offsets-22 broker=1] No checkpointed highwatermark is found for partition __consumer_offsets-22 (kafka.cluster.Partition)
kafka_compose                   | [2026-09-25 22:06:53,713] INFO [Partition __consumer_offsets-22 broker=1] Log loaded for partition __consumer_offsets-22 with initial high watermark 0 (kafka.cluster.Partition)
kafka_compose                   | [2026-09-25 22:06:53,757] INFO [LogLoader partition=__consumer_offsets-18, dir=/tmp/kafka-logs] Loading producer state till offset 0 (org.apache.kafka.storage.internals.log.UnifiedLog)
kafka_compose                   | [2026-09-25 22:06:53,758] INFO Created log for partition __consumer_offsets-18 in /tmp/kafka-logs/__consumer_offsets-18 with properties {cleanup.policy=compact, compression.type="producer", segment.bytes=104857600} (kafka.log.LogManager)
kafka_compose                   | [2026-09-25 22:06:53,759] INFO [Partition __consumer_offsets-18 broker=1] No checkpointed highwatermark is found for partition __consumer_offsets-18 (kafka.cluster.Partition)
kafka_compose                   | [2026-09-25 22:06:53,759] INFO [Partition __consumer_offsets-18 broker=1] Log loaded for partition __consumer_offsets-18 with initial high watermark 0 (kafka.cluster.Partition)
kafka_compose                   | [2026-09-25 22:06:53,808] INFO [LogLoader partition=__consumer_offsets-31, dir=/tmp/kafka-logs] Loading producer state till offset 0 (org.apache.kafka.storage.internals.log.UnifiedLog)
kafka_compose                   | [2026-09-25 22:06:53,809] INFO Created log for partition __consumer_offsets-31 in /tmp/kafka-logs/__consumer_offsets-31 with properties {cleanup.policy=compact, compression.type="producer", segment.bytes=104857600} (kafka.log.LogManager)
kafka_compose                   | [2026-09-25 22:06:53,810] INFO [Partition __consumer_offsets-31 broker=1] No checkpointed highwatermark is found for partition __consumer_offsets-31 (kafka.cluster.Partition)
kafka_compose                   | [2026-09-25 22:06:53,810] INFO [Partition __consumer_offsets-31 broker=1] Log loaded for partition __consumer_offsets-31 with initial high watermark 0 (kafka.cluster.Partition)
kafka_compose                   | [2026-09-25 22:06:53,866] INFO [LogLoader partition=__consumer_offsets-27, dir=/tmp/kafka-logs] Loading producer state till offset 0 (org.apache.kafka.storage.internals.log.UnifiedLog)
kafka_compose                   | [2026-09-25 22:06:53,867] INFO Created log for partition __consumer_offsets-27 in /tmp/kafka-logs/__consumer_offsets-27 with properties {cleanup.policy=compact, compression.type="producer", segment.bytes=104857600} (kafka.log.LogManager)
kafka_compose                   | [2026-09-25 22:06:53,868] INFO [Partition __consumer_offsets-27 broker=1] No checkpointed highwatermark is found for partition __consumer_offsets-27 (kafka.cluster.Partition)
kafka_compose                   | [2026-09-25 22:06:53,868] INFO [Partition __consumer_offsets-27 broker=1] Log loaded for partition __consumer_offsets-27 with initial high watermark 0 (kafka.cluster.Partition)
kafka_compose                   | [2026-09-25 22:06:53,915] INFO Sent auto-creation request for Set(SCHEDULER_SUMMARIZATION_REPLIES) to the active controller. (kafka.server.DefaultAutoTopicCreationManager)
kafka_compose                   | [2026-09-25 22:06:53,918] WARN Auto topic creation failed for SCHEDULER_SUMMARIZATION_REPLIES with error 'TOPIC_ALREADY_EXISTS': Topic 'SCHEDULER_SUMMARIZATION_REPLIES' already exists. (kafka.server.DefaultAutoTopicCreationManager)
kafka_compose                   | [2026-09-25 22:06:53,935] INFO [LogLoader partition=__consumer_offsets-39, dir=/tmp/kafka-logs] Loading producer state till offset 0 (org.apache.kafka.storage.internals.log.UnifiedLog)
kafka_compose                   | [2026-09-25 22:06:53,936] INFO Created log for partition __consumer_offsets-39 in /tmp/kafka-logs/__consumer_offsets-39 with properties {cleanup.policy=compact, compression.type="producer", segment.bytes=104857600} (kafka.log.LogManager)
kafka_compose                   | [2026-09-25 22:06:53,936] INFO [Partition __consumer_offsets-39 broker=1] No checkpointed highwatermark is found for partition __consumer_offsets-39 (kafka.cluster.Partition)
kafka_compose                   | [2026-09-25 22:06:53,936] INFO [Partition __consumer_offsets-39 broker=1] Log loaded for partition __consumer_offsets-39 with initial high watermark 0 (kafka.cluster.Partition)
kafka_compose                   | [2026-09-25 22:06:54,033] INFO [LogLoader partition=__consumer_offsets-6, dir=/tmp/kafka-logs] Loading producer state till offset 0 (org.apache.kafka.storage.internals.log.UnifiedLog)
kafka_compose                   | [2026-09-25 22:06:54,035] INFO Created log for partition __consumer_offsets-6 in /tmp/kafka-logs/__consumer_offsets-6 with properties {cleanup.policy=compact, compression.type="producer", segment.bytes=104857600} (kafka.log.LogManager)
kafka_compose                   | [2026-09-25 22:06:54,036] INFO [Partition __consumer_offsets-6 broker=1] No checkpointed highwatermark is found for partition __consumer_offsets-6 (kafka.cluster.Partition)
kafka_compose                   | [2026-09-25 22:06:54,036] INFO [Partition __consumer_offsets-6 broker=1] Log loaded for partition __consumer_offsets-6 with initial high watermark 0 (kafka.cluster.Partition)
kafka_compose                   | [2026-09-25 22:06:54,101] INFO [LogLoader partition=__consumer_offsets-35, dir=/tmp/kafka-logs] Loading producer state till offset 0 (org.apache.kafka.storage.internals.log.UnifiedLog)
kafka_compose                   | [2026-09-25 22:06:54,102] INFO Created log for partition __consumer_offsets-35 in /tmp/kafka-logs/__consumer_offsets-35 with properties {cleanup.policy=compact, compression.type="producer", segment.bytes=104857600} (kafka.log.LogManager)
kafka_compose                   | [2026-09-25 22:06:54,102] INFO [Partition __consumer_offsets-35 broker=1] No checkpointed highwatermark is found for partition __consumer_offsets-35 (kafka.cluster.Partition)
kafka_compose                   | [2026-09-25 22:06:54,102] INFO [Partition __consumer_offsets-35 broker=1] Log loaded for partition __consumer_offsets-35 with initial high watermark 0 (kafka.cluster.Partition)
kafka_compose                   | [2026-09-25 22:06:54,142] INFO [LogLoader partition=__consumer_offsets-2, dir=/tmp/kafka-logs] Loading producer state till offset 0 (org.apache.kafka.storage.internals.log.UnifiedLog)
kafka_compose                   | [2026-09-25 22:06:54,144] INFO Created log for partition __consumer_offsets-2 in /tmp/kafka-logs/__consumer_offsets-2 with properties {cleanup.policy=compact, compression.type="producer", segment.bytes=104857600} (kafka.log.LogManager)
kafka_compose                   | [2026-09-25 22:06:54,144] INFO [Partition __consumer_offsets-2 broker=1] No checkpointed highwatermark is found for partition __consumer_offsets-2 (kafka.cluster.Partition)
kafka_compose                   | [2026-09-25 22:06:54,144] INFO [Partition __consumer_offsets-2 broker=1] Log loaded for partition __consumer_offsets-2 with initial high watermark 0 (kafka.cluster.Partition)
kafka_compose                   | [2026-09-25 22:06:54,195] INFO [GroupCoordinator id=1] Scheduling loading of metadata from __consumer_offsets-13 with epoch 0 (org.apache.kafka.coordinator.common.runtime.CoordinatorRuntime)
kafka_compose                   | [2026-09-25 22:06:54,197] INFO [GroupCoordinator id=1] Scheduling loading of metadata from __consumer_offsets-46 with epoch 0 (org.apache.kafka.coordinator.common.runtime.CoordinatorRuntime)
kafka_compose                   | [2026-09-25 22:06:54,197] INFO [GroupCoordinator id=1] Scheduling loading of metadata from __consumer_offsets-9 with epoch 0 (org.apache.kafka.coordinator.common.runtime.CoordinatorRuntime)
kafka_compose                   | [2026-09-25 22:06:54,197] INFO [GroupCoordinator id=1] Scheduling loading of metadata from __consumer_offsets-42 with epoch 0 (org.apache.kafka.coordinator.common.runtime.CoordinatorRuntime)
kafka_compose                   | [2026-09-25 22:06:54,198] INFO [GroupCoordinator id=1] Scheduling loading of metadata from __consumer_offsets-21 with epoch 0 (org.apache.kafka.coordinator.common.runtime.CoordinatorRuntime)
kafka_compose                   | [2026-09-25 22:06:54,198] INFO [GroupCoordinator id=1] Scheduling loading of metadata from __consumer_offsets-17 with epoch 0 (org.apache.kafka.coordinator.common.runtime.CoordinatorRuntime)
kafka_compose                   | [2026-09-25 22:06:54,198] INFO [GroupCoordinator id=1] Scheduling loading of metadata from __consumer_offsets-30 with epoch 0 (org.apache.kafka.coordinator.common.runtime.CoordinatorRuntime)
kafka_compose                   | [2026-09-25 22:06:54,198] INFO [GroupCoordinator id=1] Scheduling loading of metadata from __consumer_offsets-26 with epoch 0 (org.apache.kafka.coordinator.common.runtime.CoordinatorRuntime)
kafka_compose                   | [2026-09-25 22:06:54,199] INFO [GroupCoordinator id=1] Scheduling loading of metadata from __consumer_offsets-5 with epoch 0 (org.apache.kafka.coordinator.common.runtime.CoordinatorRuntime)
kafka_compose                   | [2026-09-25 22:06:54,199] INFO [GroupCoordinator id=1] Scheduling loading of metadata from __consumer_offsets-38 with epoch 0 (org.apache.kafka.coordinator.common.runtime.CoordinatorRuntime)
kafka_compose                   | [2026-09-25 22:06:54,199] INFO [GroupCoordinator id=1] Scheduling loading of metadata from __consumer_offsets-1 with epoch 0 (org.apache.kafka.coordinator.common.runtime.CoordinatorRuntime)
kafka_compose                   | [2026-09-25 22:06:54,200] INFO [GroupCoordinator id=1] Scheduling loading of metadata from __consumer_offsets-34 with epoch 0 (org.apache.kafka.coordinator.common.runtime.CoordinatorRuntime)
kafka_compose                   | [2026-09-25 22:06:54,200] INFO [GroupCoordinator id=1] Scheduling loading of metadata from __consumer_offsets-16 with epoch 0 (org.apache.kafka.coordinator.common.runtime.CoordinatorRuntime)
kafka_compose                   | [2026-09-25 22:06:54,200] INFO [GroupCoordinator id=1] Scheduling loading of metadata from __consumer_offsets-45 with epoch 0 (org.apache.kafka.coordinator.common.runtime.CoordinatorRuntime)
kafka_compose                   | [2026-09-25 22:06:54,200] INFO [GroupCoordinator id=1] Scheduling loading of metadata from __consumer_offsets-12 with epoch 0 (org.apache.kafka.coordinator.common.runtime.CoordinatorRuntime)
kafka_compose                   | [2026-09-25 22:06:54,201] INFO [GroupCoordinator id=1] Scheduling loading of metadata from __consumer_offsets-41 with epoch 0 (org.apache.kafka.coordinator.common.runtime.CoordinatorRuntime)
kafka_compose                   | [2026-09-25 22:06:54,201] INFO [GroupCoordinator id=1] Scheduling loading of metadata from __consumer_offsets-24 with epoch 0 (org.apache.kafka.coordinator.common.runtime.CoordinatorRuntime)
kafka_compose                   | [2026-09-25 22:06:54,201] INFO [GroupCoordinator id=1] Scheduling loading of metadata from __consumer_offsets-20 with epoch 0 (org.apache.kafka.coordinator.common.runtime.CoordinatorRuntime)
kafka_compose                   | [2026-09-25 22:06:54,202] INFO [GroupCoordinator id=1] Scheduling loading of metadata from __consumer_offsets-49 with epoch 0 (org.apache.kafka.coordinator.common.runtime.CoordinatorRuntime)
kafka_compose                   | [2026-09-25 22:06:54,202] INFO [GroupCoordinator id=1] Scheduling loading of metadata from __consumer_offsets-0 with epoch 0 (org.apache.kafka.coordinator.common.runtime.CoordinatorRuntime)
kafka_compose                   | [2026-09-25 22:06:54,202] INFO [GroupCoordinator id=1] Scheduling loading of metadata from __consumer_offsets-29 with epoch 0 (org.apache.kafka.coordinator.common.runtime.CoordinatorRuntime)
kafka_compose                   | [2026-09-25 22:06:54,204] INFO [GroupCoordinator id=1] Scheduling loading of metadata from __consumer_offsets-25 with epoch 0 (org.apache.kafka.coordinator.common.runtime.CoordinatorRuntime)
kafka_compose                   | [2026-09-25 22:06:54,205] INFO [GroupCoordinator id=1] Scheduling loading of metadata from __consumer_offsets-8 with epoch 0 (org.apache.kafka.coordinator.common.runtime.CoordinatorRuntime)
kafka_compose                   | [2026-09-25 22:06:54,205] INFO [GroupCoordinator id=1] Scheduling loading of metadata from __consumer_offsets-37 with epoch 0 (org.apache.kafka.coordinator.common.runtime.CoordinatorRuntime)
kafka_compose                   | [2026-09-25 22:06:54,206] INFO [GroupCoordinator id=1] Scheduling loading of metadata from __consumer_offsets-4 with epoch 0 (org.apache.kafka.coordinator.common.runtime.CoordinatorRuntime)
kafka_compose                   | [2026-09-25 22:06:54,206] INFO [GroupCoordinator id=1] Scheduling loading of metadata from __consumer_offsets-33 with epoch 0 (org.apache.kafka.coordinator.common.runtime.CoordinatorRuntime)
kafka_compose                   | [2026-09-25 22:06:54,206] INFO [GroupCoordinator id=1] Scheduling loading of metadata from __consumer_offsets-15 with epoch 0 (org.apache.kafka.coordinator.common.runtime.CoordinatorRuntime)
kafka_compose                   | [2026-09-25 22:06:54,207] INFO [GroupCoordinator id=1] Scheduling loading of metadata from __consumer_offsets-48 with epoch 0 (org.apache.kafka.coordinator.common.runtime.CoordinatorRuntime)
kafka_compose                   | [2026-09-25 22:06:54,207] INFO [GroupCoordinator id=1] Scheduling loading of metadata from __consumer_offsets-11 with epoch 0 (org.apache.kafka.coordinator.common.runtime.CoordinatorRuntime)
kafka_compose                   | [2026-09-25 22:06:54,208] INFO [GroupCoordinator id=1] Scheduling loading of metadata from __consumer_offsets-44 with epoch 0 (org.apache.kafka.coordinator.common.runtime.CoordinatorRuntime)
kafka_compose                   | [2026-09-25 22:06:54,209] INFO [GroupCoordinator id=1] Scheduling loading of metadata from __consumer_offsets-23 with epoch 0 (org.apache.kafka.coordinator.common.runtime.CoordinatorRuntime)
kafka_compose                   | [2026-09-25 22:06:54,209] INFO [GroupCoordinator id=1] Scheduling loading of metadata from __consumer_offsets-19 with epoch 0 (org.apache.kafka.coordinator.common.runtime.CoordinatorRuntime)
kafka_compose                   | [2026-09-25 22:06:54,210] INFO [GroupCoordinator id=1] Scheduling loading of metadata from __consumer_offsets-32 with epoch 0 (org.apache.kafka.coordinator.common.runtime.CoordinatorRuntime)
kafka_compose                   | [2026-09-25 22:06:54,210] INFO [GroupCoordinator id=1] Scheduling loading of metadata from __consumer_offsets-28 with epoch 0 (org.apache.kafka.coordinator.common.runtime.CoordinatorRuntime)
kafka_compose                   | [2026-09-25 22:06:54,211] INFO [GroupCoordinator id=1] Scheduling loading of metadata from __consumer_offsets-7 with epoch 0 (org.apache.kafka.coordinator.common.runtime.CoordinatorRuntime)
kafka_compose                   | [2026-09-25 22:06:54,212] INFO [GroupCoordinator id=1] Scheduling loading of metadata from __consumer_offsets-40 with epoch 0 (org.apache.kafka.coordinator.common.runtime.CoordinatorRuntime)
kafka_compose                   | [2026-09-25 22:06:54,212] INFO [GroupCoordinator id=1] Scheduling loading of metadata from __consumer_offsets-3 with epoch 0 (org.apache.kafka.coordinator.common.runtime.CoordinatorRuntime)
kafka_compose                   | [2026-09-25 22:06:54,213] INFO [GroupCoordinator id=1] Scheduling loading of metadata from __consumer_offsets-36 with epoch 0 (org.apache.kafka.coordinator.common.runtime.CoordinatorRuntime)
kafka_compose                   | [2026-09-25 22:06:54,213] INFO [GroupCoordinator id=1] Scheduling loading of metadata from __consumer_offsets-47 with epoch 0 (org.apache.kafka.coordinator.common.runtime.CoordinatorRuntime)
kafka_compose                   | [2026-09-25 22:06:54,214] INFO [GroupCoordinator id=1] Scheduling loading of metadata from __consumer_offsets-14 with epoch 0 (org.apache.kafka.coordinator.common.runtime.CoordinatorRuntime)
kafka_compose                   | [2026-09-25 22:06:54,214] INFO [GroupCoordinator id=1] Scheduling loading of metadata from __consumer_offsets-43 with epoch 0 (org.apache.kafka.coordinator.common.runtime.CoordinatorRuntime)
kafka_compose                   | [2026-09-25 22:06:54,215] INFO [GroupCoordinator id=1] Scheduling loading of metadata from __consumer_offsets-10 with epoch 0 (org.apache.kafka.coordinator.common.runtime.CoordinatorRuntime)
kafka_compose                   | [2026-09-25 22:06:54,216] INFO [GroupCoordinator id=1] Scheduling loading of metadata from __consumer_offsets-22 with epoch 0 (org.apache.kafka.coordinator.common.runtime.CoordinatorRuntime)
kafka_compose                   | [2026-09-25 22:06:54,216] INFO [GroupCoordinator id=1] Scheduling loading of metadata from __consumer_offsets-18 with epoch 0 (org.apache.kafka.coordinator.common.runtime.CoordinatorRuntime)
kafka_compose                   | [2026-09-25 22:06:54,219] INFO [GroupCoordinator id=1] Scheduling loading of metadata from __consumer_offsets-31 with epoch 0 (org.apache.kafka.coordinator.common.runtime.CoordinatorRuntime)
kafka_compose                   | [2026-09-25 22:06:54,220] INFO [GroupCoordinator id=1] Scheduling loading of metadata from __consumer_offsets-27 with epoch 0 (org.apache.kafka.coordinator.common.runtime.CoordinatorRuntime)
kafka_compose                   | [2026-09-25 22:06:54,221] INFO [GroupCoordinator id=1] Finished loading of metadata from __consumer_offsets-30 with epoch 0 in 9ms where 9ms was spent in the scheduler. Loaded 0 records which total to 0 bytes. (org.apache.kafka.coordinator.common.runtime.CoordinatorRuntime)
kafka_compose                   | [2026-09-25 22:06:54,221] INFO [GroupCoordinator id=1] Finished loading of metadata from __consumer_offsets-36 with epoch 0 in 2ms where 2ms was spent in the scheduler. Loaded 0 records which total to 0 bytes. (org.apache.kafka.coordinator.common.runtime.CoordinatorRuntime)
kafka_compose                   | [2026-09-25 22:06:54,221] INFO [GroupCoordinator id=1] Scheduling loading of metadata from __consumer_offsets-39 with epoch 0 (org.apache.kafka.coordinator.common.runtime.CoordinatorRuntime)
kafka_compose                   | [2026-09-25 22:06:54,221] INFO [GroupCoordinator id=1] Finished loading of metadata from __consumer_offsets-33 with epoch 0 in 8ms where 8ms was spent in the scheduler. Loaded 0 records which total to 0 bytes. (org.apache.kafka.coordinator.common.runtime.CoordinatorRuntime)
kafka_compose                   | [2026-09-25 22:06:54,221] INFO [GroupCoordinator id=1] Scheduling loading of metadata from __consumer_offsets-6 with epoch 0 (org.apache.kafka.coordinator.common.runtime.CoordinatorRuntime)
kafka_compose                   | [2026-09-25 22:06:54,221] INFO [GroupCoordinator id=1] Finished loading of metadata from __consumer_offsets-13 with epoch 0 in 12ms where 1ms was spent in the scheduler. Loaded 0 records which total to 0 bytes. (org.apache.kafka.coordinator.common.runtime.CoordinatorRuntime)
kafka_compose                   | [2026-09-25 22:06:54,222] INFO [GroupCoordinator id=1] Finished loading of metadata from __consumer_offsets-41 with epoch 0 in 10ms where 10ms was spent in the scheduler. Loaded 0 records which total to 0 bytes. (org.apache.kafka.coordinator.common.runtime.CoordinatorRuntime)
kafka_compose                   | [2026-09-25 22:06:54,222] INFO [GroupCoordinator id=1] Finished loading of metadata from __consumer_offsets-8 with epoch 0 in 10ms where 10ms was spent in the scheduler. Loaded 0 records which total to 0 bytes. (org.apache.kafka.coordinator.common.runtime.CoordinatorRuntime)
kafka_compose                   | [2026-09-25 22:06:54,222] INFO [GroupCoordinator id=1] Scheduling loading of metadata from __consumer_offsets-35 with epoch 0 (org.apache.kafka.coordinator.common.runtime.CoordinatorRuntime)
kafka_compose                   | [2026-09-25 22:06:54,222] INFO [GroupCoordinator id=1] Finished loading of metadata from __consumer_offsets-29 with epoch 0 in 8ms where 8ms was spent in the scheduler. Loaded 0 records which total to 0 bytes. (org.apache.kafka.coordinator.common.runtime.CoordinatorRuntime)
kafka_compose                   | [2026-09-25 22:06:54,222] INFO [GroupCoordinator id=1] Finished loading of metadata from __consumer_offsets-25 with epoch 0 in 10ms where 10ms was spent in the scheduler. Loaded 0 records which total to 0 bytes. (org.apache.kafka.coordinator.common.runtime.CoordinatorRuntime)
kafka_compose                   | [2026-09-25 22:06:54,222] INFO [GroupCoordinator id=1] Finished loading of metadata from __consumer_offsets-9 with epoch 0 in 13ms where 13ms was spent in the scheduler. Loaded 0 records which total to 0 bytes. (org.apache.kafka.coordinator.common.runtime.CoordinatorRuntime)
kafka_compose                   | [2026-09-25 22:06:54,223] INFO [GroupCoordinator id=1] Finished loading of metadata from __consumer_offsets-38 with epoch 0 in 11ms where 11ms was spent in the scheduler. Loaded 0 records which total to 0 bytes. (org.apache.kafka.coordinator.common.runtime.CoordinatorRuntime)
kafka_compose                   | [2026-09-25 22:06:54,224] INFO [GroupCoordinator id=1] Finished loading of metadata from __consumer_offsets-40 with epoch 0 in 3ms where 3ms was spent in the scheduler. Loaded 0 records which total to 0 bytes. (org.apache.kafka.coordinator.common.runtime.CoordinatorRuntime)
kafka_compose                   | [2026-09-25 22:06:54,224] INFO [GroupCoordinator id=1] Scheduling loading of metadata from __consumer_offsets-2 with epoch 0 (org.apache.kafka.coordinator.common.runtime.CoordinatorRuntime)
kafka_compose                   | [2026-09-25 22:06:54,224] INFO [GroupCoordinator id=1] Finished loading of metadata from __consumer_offsets-21 with epoch 0 in 11ms where 11ms was spent in the scheduler. Loaded 0 records which total to 0 bytes. (org.apache.kafka.coordinator.common.runtime.CoordinatorRuntime)
kafka_compose                   | [2026-09-25 22:06:54,224] INFO [GroupCoordinator id=1] Finished loading of metadata from __consumer_offsets-7 with epoch 0 in 3ms where 3ms was spent in the scheduler. Loaded 0 records which total to 0 bytes. (org.apache.kafka.coordinator.common.runtime.CoordinatorRuntime)
kafka_compose                   | [2026-09-25 22:06:54,224] INFO [GroupCoordinator id=1] Finished loading of metadata from __consumer_offsets-0 with epoch 0 in 11ms where 11ms was spent in the scheduler. Loaded 0 records which total to 0 bytes. (org.apache.kafka.coordinator.common.runtime.CoordinatorRuntime)
kafka_compose                   | [2026-09-25 22:06:54,224] INFO [GroupCoordinator id=1] Finished loading of metadata from __consumer_offsets-5 with epoch 0 in 11ms where 11ms was spent in the scheduler. Loaded 0 records which total to 0 bytes. (org.apache.kafka.coordinator.common.runtime.CoordinatorRuntime)
kafka_compose                   | [2026-09-25 22:06:54,225] INFO [GroupCoordinator id=1] Finished loading of metadata from __consumer_offsets-1 with epoch 0 in 11ms where 11ms was spent in the scheduler. Loaded 0 records which total to 0 bytes. (org.apache.kafka.coordinator.common.runtime.CoordinatorRuntime)
kafka_compose                   | [2026-09-25 22:06:54,225] INFO [GroupCoordinator id=1] Finished loading of metadata from __consumer_offsets-44 with epoch 0 in 4ms where 4ms was spent in the scheduler. Loaded 0 records which total to 0 bytes. (org.apache.kafka.coordinator.common.runtime.CoordinatorRuntime)
kafka_compose                   | [2026-09-25 22:06:54,226] INFO [GroupCoordinator id=1] Finished loading of metadata from __consumer_offsets-49 with epoch 0 in 12ms where 12ms was spent in the scheduler. Loaded 0 records which total to 0 bytes. (org.apache.kafka.coordinator.common.runtime.CoordinatorRuntime)
kafka_compose                   | [2026-09-25 22:06:54,225] INFO [GroupCoordinator id=1] Finished loading of metadata from __consumer_offsets-31 with epoch 0 in 0ms where 0ms was spent in the scheduler. Loaded 0 records which total to 0 bytes. (org.apache.kafka.coordinator.common.runtime.CoordinatorRuntime)
kafka_compose                   | [2026-09-25 22:06:54,225] INFO [GroupCoordinator id=1] Finished loading of metadata from __consumer_offsets-26 with epoch 0 in 11ms where 11ms was spent in the scheduler. Loaded 0 records which total to 0 bytes. (org.apache.kafka.coordinator.common.runtime.CoordinatorRuntime)
kafka_compose                   | [2026-09-25 22:06:54,226] INFO [GroupCoordinator id=1] Finished loading of metadata from __consumer_offsets-23 with epoch 0 in 2ms where 2ms was spent in the scheduler. Loaded 0 records which total to 0 bytes. (org.apache.kafka.coordinator.common.runtime.CoordinatorRuntime)
kafka_compose                   | [2026-09-25 22:06:54,226] INFO [GroupCoordinator id=1] Finished loading of metadata from __consumer_offsets-47 with epoch 0 in 2ms where 2ms was spent in the scheduler. Loaded 0 records which total to 0 bytes. (org.apache.kafka.coordinator.common.runtime.CoordinatorRuntime)
kafka_compose                   | [2026-09-25 22:06:54,227] INFO [GroupCoordinator id=1] Finished loading of metadata from __consumer_offsets-17 with epoch 0 in 11ms where 11ms was spent in the scheduler. Loaded 0 records which total to 0 bytes. (org.apache.kafka.coordinator.common.runtime.CoordinatorRuntime)
kafka_compose                   | [2026-09-25 22:06:54,227] INFO [GroupCoordinator id=1] Finished loading of metadata from __consumer_offsets-11 with epoch 0 in 7ms where 7ms was spent in the scheduler. Loaded 0 records which total to 0 bytes. (org.apache.kafka.coordinator.common.runtime.CoordinatorRuntime)
kafka_compose                   | [2026-09-25 22:06:54,227] INFO [GroupCoordinator id=1] Finished loading of metadata from __consumer_offsets-28 with epoch 0 in 4ms where 4ms was spent in the scheduler. Loaded 0 records which total to 0 bytes. (org.apache.kafka.coordinator.common.runtime.CoordinatorRuntime)
kafka_compose                   | [2026-09-25 22:06:54,227] INFO [GroupCoordinator id=1] Finished loading of metadata from __consumer_offsets-46 with epoch 0 in 13ms where 13ms was spent in the scheduler. Loaded 0 records which total to 0 bytes. (org.apache.kafka.coordinator.common.runtime.CoordinatorRuntime)
kafka_compose                   | [2026-09-25 22:06:54,227] INFO [GroupCoordinator id=1] Finished loading of metadata from __consumer_offsets-2 with epoch 0 in 0ms where 0ms was spent in the scheduler. Loaded 0 records which total to 0 bytes. (org.apache.kafka.coordinator.common.runtime.CoordinatorRuntime)
kafka_compose                   | [2026-09-25 22:06:54,228] INFO [GroupCoordinator id=1] Finished loading of metadata from __consumer_offsets-14 with epoch 0 in 0ms where 0ms was spent in the scheduler. Loaded 0 records which total to 0 bytes. (org.apache.kafka.coordinator.common.runtime.CoordinatorRuntime)
kafka_compose                   | [2026-09-25 22:06:54,228] INFO [GroupCoordinator id=1] Finished loading of metadata from __consumer_offsets-32 with epoch 0 in 3ms where 3ms was spent in the scheduler. Loaded 0 records which total to 0 bytes. (org.apache.kafka.coordinator.common.runtime.CoordinatorRuntime)
kafka_compose                   | [2026-09-25 22:06:54,228] INFO [GroupCoordinator id=1] Finished loading of metadata from __consumer_offsets-19 with epoch 0 in 4ms where 4ms was spent in the scheduler. Loaded 0 records which total to 0 bytes. (org.apache.kafka.coordinator.common.runtime.CoordinatorRuntime)
kafka_compose                   | [2026-09-25 22:06:54,228] INFO [GroupCoordinator id=1] Finished loading of metadata from __consumer_offsets-42 with epoch 0 in 13ms where 13ms was spent in the scheduler. Loaded 0 records which total to 0 bytes. (org.apache.kafka.coordinator.common.runtime.CoordinatorRuntime)
kafka_compose                   | [2026-09-25 22:06:54,228] INFO [GroupCoordinator id=1] Finished loading of metadata from __consumer_offsets-34 with epoch 0 in 9ms where 9ms was spent in the scheduler. Loaded 0 records which total to 0 bytes. (org.apache.kafka.coordinator.common.runtime.CoordinatorRuntime)
kafka_compose                   | [2026-09-25 22:06:54,228] INFO [GroupCoordinator id=1] Finished loading of metadata from __consumer_offsets-6 with epoch 0 in 0ms where 0ms was spent in the scheduler. Loaded 0 records which total to 0 bytes. (org.apache.kafka.coordinator.common.runtime.CoordinatorRuntime)
kafka_compose                   | [2026-09-25 22:06:54,228] INFO [GroupCoordinator id=1] Finished loading of metadata from __consumer_offsets-48 with epoch 0 in 7ms where 7ms was spent in the scheduler. Loaded 0 records which total to 0 bytes. (org.apache.kafka.coordinator.common.runtime.CoordinatorRuntime)
kafka_compose                   | [2026-09-25 22:06:54,229] INFO [GroupCoordinator id=1] Finished loading of metadata from __consumer_offsets-20 with epoch 0 in 9ms where 9ms was spent in the scheduler. Loaded 0 records which total to 0 bytes. (org.apache.kafka.coordinator.common.runtime.CoordinatorRuntime)
kafka_compose                   | [2026-09-25 22:06:54,229] INFO [GroupCoordinator id=1] Finished loading of metadata from __consumer_offsets-24 with epoch 0 in 11ms where 11ms was spent in the scheduler. Loaded 0 records which total to 0 bytes. (org.apache.kafka.coordinator.common.runtime.CoordinatorRuntime)
kafka_compose                   | [2026-09-25 22:06:54,229] INFO [GroupCoordinator id=1] Finished loading of metadata from __consumer_offsets-27 with epoch 0 in 1ms where 1ms was spent in the scheduler. Loaded 0 records which total to 0 bytes. (org.apache.kafka.coordinator.common.runtime.CoordinatorRuntime)
kafka_compose                   | [2026-09-25 22:06:54,229] INFO [GroupCoordinator id=1] Finished loading of metadata from __consumer_offsets-45 with epoch 0 in 9ms where 9ms was spent in the scheduler. Loaded 0 records which total to 0 bytes. (org.apache.kafka.coordinator.common.runtime.CoordinatorRuntime)
kafka_compose                   | [2026-09-25 22:06:54,229] INFO [GroupCoordinator id=1] Finished loading of metadata from __consumer_offsets-15 with epoch 0 in 7ms where 7ms was spent in the scheduler. Loaded 0 records which total to 0 bytes. (org.apache.kafka.coordinator.common.runtime.CoordinatorRuntime)
kafka_compose                   | [2026-09-25 22:06:54,229] INFO [DynamicConfigPublisher broker id=1] Updating topic __consumer_offsets with new configuration : compression.type -> producer,cleanup.policy -> compact,segment.bytes -> 104857600 (kafka.server.metadata.DynamicConfigPublisher)
kafka_compose                   | [2026-09-25 22:06:54,230] INFO [GroupCoordinator id=1] Finished loading of metadata from __consumer_offsets-3 with epoch 0 in 3ms where 3ms was spent in the scheduler. Loaded 0 records which total to 0 bytes. (org.apache.kafka.coordinator.common.runtime.CoordinatorRuntime)
kafka_compose                   | [2026-09-25 22:06:54,230] INFO [GroupCoordinator id=1] Finished loading of metadata from __consumer_offsets-22 with epoch 0 in 0ms where 0ms was spent in the scheduler. Loaded 0 records which total to 0 bytes. (org.apache.kafka.coordinator.common.runtime.CoordinatorRuntime)
kafka_compose                   | [2026-09-25 22:06:54,230] INFO [GroupCoordinator id=1] Finished loading of metadata from __consumer_offsets-37 with epoch 0 in 9ms where 9ms was spent in the scheduler. Loaded 0 records which total to 0 bytes. (org.apache.kafka.coordinator.common.runtime.CoordinatorRuntime)
kafka_compose                   | [2026-09-25 22:06:54,230] INFO [GroupCoordinator id=1] Finished loading of metadata from __consumer_offsets-12 with epoch 0 in 11ms where 11ms was spent in the scheduler. Loaded 0 records which total to 0 bytes. (org.apache.kafka.coordinator.common.runtime.CoordinatorRuntime)
kafka_compose                   | [2026-09-25 22:06:54,230] INFO [GroupCoordinator id=1] Finished loading of metadata from __consumer_offsets-10 with epoch 0 in 0ms where 0ms was spent in the scheduler. Loaded 0 records which total to 0 bytes. (org.apache.kafka.coordinator.common.runtime.CoordinatorRuntime)
kafka_compose                   | [2026-09-25 22:06:54,231] INFO [GroupCoordinator id=1] Finished loading of metadata from __consumer_offsets-35 with epoch 0 in 0ms where 0ms was spent in the scheduler. Loaded 0 records which total to 0 bytes. (org.apache.kafka.coordinator.common.runtime.CoordinatorRuntime)
kafka_compose                   | [2026-09-25 22:06:54,231] INFO [GroupCoordinator id=1] Finished loading of metadata from __consumer_offsets-18 with epoch 0 in 0ms where 0ms was spent in the scheduler. Loaded 0 records which total to 0 bytes. (org.apache.kafka.coordinator.common.runtime.CoordinatorRuntime)
kafka_compose                   | [2026-09-25 22:06:54,231] INFO [GroupCoordinator id=1] Finished loading of metadata from __consumer_offsets-4 with epoch 0 in 8ms where 8ms was spent in the scheduler. Loaded 0 records which total to 0 bytes. (org.apache.kafka.coordinator.common.runtime.CoordinatorRuntime)
kafka_compose                   | [2026-09-25 22:06:54,232] INFO [GroupCoordinator id=1] Finished loading of metadata from __consumer_offsets-16 with epoch 0 in 12ms where 11ms was spent in the scheduler. Loaded 0 records which total to 0 bytes. (org.apache.kafka.coordinator.common.runtime.CoordinatorRuntime)
kafka_compose                   | [2026-09-25 22:06:54,232] INFO [GroupCoordinator id=1] Finished loading of metadata from __consumer_offsets-39 with epoch 0 in 0ms where 0ms was spent in the scheduler. Loaded 0 records which total to 0 bytes. (org.apache.kafka.coordinator.common.runtime.CoordinatorRuntime)
kafka_compose                   | [2026-09-25 22:06:54,232] INFO [GroupCoordinator id=1] Finished loading of metadata from __consumer_offsets-43 with epoch 0 in 0ms where 0ms was spent in the scheduler. Loaded 0 records which total to 0 bytes. (org.apache.kafka.coordinator.common.runtime.CoordinatorRuntime)
kafka_compose                   | [2026-09-25 22:06:54,248] INFO [ReplicaFetcherManager on broker 1] Removed fetcher for partitions Set(SCHEDULER_SUMMARIZATION_REQUESTS-0) (kafka.server.ReplicaFetcherManager)
kafka_compose                   | [2026-09-25 22:06:54,253] INFO [GroupCoordinator id=1 topic=__consumer_offsets partition=49] Dynamic member with unknown member id joins group summarization-service-group in Empty state. Created a new member id consumer-summarization-service-group-1-04d70dd6-a0a6-4fb6-a064-58199e80eeec and requesting the member to rejoin with this id. (org.apache.kafka.coordinator.group.GroupMetadataManager)
kafka_compose                   | [2026-09-25 22:06:54,254] INFO [LogLoader partition=SCHEDULER_SUMMARIZATION_REQUESTS-0, dir=/tmp/kafka-logs] Loading producer state till offset 0 (org.apache.kafka.storage.internals.log.UnifiedLog)
kafka_compose                   | [2026-09-25 22:06:54,255] INFO Created log for partition SCHEDULER_SUMMARIZATION_REQUESTS-0 in /tmp/kafka-logs/SCHEDULER_SUMMARIZATION_REQUESTS-0 with properties {} (kafka.log.LogManager)
kafka_compose                   | [2026-09-25 22:06:54,257] INFO [Partition SCHEDULER_SUMMARIZATION_REQUESTS-0 broker=1] No checkpointed highwatermark is found for partition SCHEDULER_SUMMARIZATION_REQUESTS-0 (kafka.cluster.Partition)
kafka_compose                   | [2026-09-25 22:06:54,257] INFO [Partition SCHEDULER_SUMMARIZATION_REQUESTS-0 broker=1] Log loaded for partition SCHEDULER_SUMMARIZATION_REQUESTS-0 with initial high watermark 0 (kafka.cluster.Partition)
kafka_compose                   | [2026-09-25 22:06:54,270] INFO [GroupCoordinator id=1 topic=__consumer_offsets partition=49] Pending dynamic member with id consumer-summarization-service-group-1-04d70dd6-a0a6-4fb6-a064-58199e80eeec joins group summarization-service-group in Empty state. Adding to the group now. (org.apache.kafka.coordinator.group.GroupMetadataManager)
kafka_compose                   | [2026-09-25 22:06:54,273] INFO [GroupCoordinator id=1 topic=__consumer_offsets partition=49] Preparing to rebalance group summarization-service-group in state PreparingRebalance with old generation 0 (reason: Adding new member consumer-summarization-service-group-1-04d70dd6-a0a6-4fb6-a064-58199e80eeec with group instance id null; client reason: need to re-join with the given member-id: consumer-summarization-service-group-1-04d70dd6-a0a6-4fb6-a064-58199e80eeec). (org.apache.kafka.coordinator.group.GroupMetadataManager)
kafka_compose                   | [2026-09-25 22:06:54,281] INFO [GroupCoordinator id=1 topic=__consumer_offsets partition=5] Dynamic member with unknown member id joins group scheduler-service-group in Empty state. Created a new member id consumer-scheduler-service-group-1-e12bd5ff-ceb5-4f59-9520-805e7e941bdd and requesting the member to rejoin with this id. (org.apache.kafka.coordinator.group.GroupMetadataManager)
kafka_compose                   | [2026-09-25 22:06:54,290] INFO [GroupCoordinator id=1 topic=__consumer_offsets partition=6] Dynamic member with unknown member id joins group consumer-service-group in Empty state. Created a new member id consumer-consumer-service-group-2-40f8244f-ffc2-429f-8eb6-df0497220356 and requesting the member to rejoin with this id. (org.apache.kafka.coordinator.group.GroupMetadataManager)
kafka_compose                   | [2026-09-25 22:06:54,297] INFO [GroupCoordinator id=1 topic=__consumer_offsets partition=5] Pending dynamic member with id consumer-scheduler-service-group-1-e12bd5ff-ceb5-4f59-9520-805e7e941bdd joins group scheduler-service-group in Empty state. Adding to the group now. (org.apache.kafka.coordinator.group.GroupMetadataManager)
kafka_compose                   | [2026-09-25 22:06:54,297] INFO [GroupCoordinator id=1 topic=__consumer_offsets partition=5] Preparing to rebalance group scheduler-service-group in state PreparingRebalance with old generation 0 (reason: Adding new member consumer-scheduler-service-group-1-e12bd5ff-ceb5-4f59-9520-805e7e941bdd with group instance id null; client reason: need to re-join with the given member-id: consumer-scheduler-service-group-1-e12bd5ff-ceb5-4f59-9520-805e7e941bdd). (org.apache.kafka.coordinator.group.GroupMetadataManager)
kafka_compose                   | [2026-09-25 22:06:54,301] INFO [GroupCoordinator id=1 topic=__consumer_offsets partition=6] Pending dynamic member with id consumer-consumer-service-group-2-40f8244f-ffc2-429f-8eb6-df0497220356 joins group consumer-service-group in Empty state. Adding to the group now. (org.apache.kafka.coordinator.group.GroupMetadataManager)
kafka_compose                   | [2026-09-25 22:06:54,301] INFO [GroupCoordinator id=1 topic=__consumer_offsets partition=6] Preparing to rebalance group consumer-service-group in state PreparingRebalance with old generation 0 (reason: Adding new member consumer-consumer-service-group-2-40f8244f-ffc2-429f-8eb6-df0497220356 with group instance id null; client reason: need to re-join with the given member-id: consumer-consumer-service-group-2-40f8244f-ffc2-429f-8eb6-df0497220356). (org.apache.kafka.coordinator.group.GroupMetadataManager)
kafka_compose                   | [2026-09-25 22:06:54,325] INFO [ReplicaFetcherManager on broker 1] Removed fetcher for partitions Set(SCHEDULER_SUMMARIZATION_REPLIES-0) (kafka.server.ReplicaFetcherManager)
kafka_compose                   | [2026-09-25 22:06:54,329] INFO [LogLoader partition=SCHEDULER_SUMMARIZATION_REPLIES-0, dir=/tmp/kafka-logs] Loading producer state till offset 0 (org.apache.kafka.storage.internals.log.UnifiedLog)
kafka_compose                   | [2026-09-25 22:06:54,330] INFO Created log for partition SCHEDULER_SUMMARIZATION_REPLIES-0 in /tmp/kafka-logs/SCHEDULER_SUMMARIZATION_REPLIES-0 with properties {} (kafka.log.LogManager)
kafka_compose                   | [2026-09-25 22:06:54,331] INFO [Partition SCHEDULER_SUMMARIZATION_REPLIES-0 broker=1] No checkpointed highwatermark is found for partition SCHEDULER_SUMMARIZATION_REPLIES-0 (kafka.cluster.Partition)
kafka_compose                   | [2026-09-25 22:06:54,331] INFO [Partition SCHEDULER_SUMMARIZATION_REPLIES-0 broker=1] Log loaded for partition SCHEDULER_SUMMARIZATION_REPLIES-0 with initial high watermark 0 (kafka.cluster.Partition)
kafka_compose                   | [2026-09-25 22:06:54,360] INFO [GroupCoordinator id=1 topic=__consumer_offsets partition=35] Dynamic member with unknown member id joins group summary-email-service-group in Empty state. Created a new member id consumer-summary-email-service-group-1-d0f61775-e56a-4155-b357-20aa8feebc32 and requesting the member to rejoin with this id. (org.apache.kafka.coordinator.group.GroupMetadataManager)
kafka_compose                   | [2026-09-25 22:06:54,364] INFO [GroupCoordinator id=1 topic=__consumer_offsets partition=35] Pending dynamic member with id consumer-summary-email-service-group-1-d0f61775-e56a-4155-b357-20aa8feebc32 joins group summary-email-service-group in Empty state. Adding to the group now. (org.apache.kafka.coordinator.group.GroupMetadataManager)
kafka_compose                   | [2026-09-25 22:06:54,365] INFO [GroupCoordinator id=1 topic=__consumer_offsets partition=35] Preparing to rebalance group summary-email-service-group in state PreparingRebalance with old generation 0 (reason: Adding new member consumer-summary-email-service-group-1-d0f61775-e56a-4155-b357-20aa8feebc32 with group instance id null; client reason: need to re-join with the given member-id: consumer-summary-email-service-group-1-d0f61775-e56a-4155-b357-20aa8feebc32). (org.apache.kafka.coordinator.group.GroupMetadataManager)
kafka_compose                   | [2026-09-25 22:06:57,281] INFO [GroupCoordinator id=1 topic=__consumer_offsets partition=49] Stabilized group summarization-service-group generation 1 with 1 members. (org.apache.kafka.coordinator.group.GroupMetadataManager)
kafka_compose                   | [2026-09-25 22:06:57,298] INFO [GroupCoordinator id=1 topic=__consumer_offsets partition=5] Stabilized group scheduler-service-group generation 1 with 1 members. (org.apache.kafka.coordinator.group.GroupMetadataManager)
kafka_compose                   | [2026-09-25 22:06:57,305] INFO [GroupCoordinator id=1 topic=__consumer_offsets partition=6] Stabilized group consumer-service-group generation 1 with 1 members. (org.apache.kafka.coordinator.group.GroupMetadataManager)
kafka_compose                   | [2026-09-25 22:06:57,328] INFO [GroupCoordinator id=1 topic=__consumer_offsets partition=49] Assignment received from leader consumer-summarization-service-group-1-04d70dd6-a0a6-4fb6-a064-58199e80eeec for group summarization-service-group for generation 1. The group has 1 members, 0 of which are static. (org.apache.kafka.coordinator.group.GroupMetadataManager)
kafka_compose                   | [2026-09-25 22:06:57,356] INFO [GroupCoordinator id=1 topic=__consumer_offsets partition=6] Assignment received from leader consumer-consumer-service-group-2-40f8244f-ffc2-429f-8eb6-df0497220356 for group consumer-service-group for generation 1. The group has 1 members, 0 of which are static. (org.apache.kafka.coordinator.group.GroupMetadataManager)
kafka_compose                   | [2026-09-25 22:06:57,361] INFO [GroupCoordinator id=1 topic=__consumer_offsets partition=5] Assignment received from leader consumer-scheduler-service-group-1-e12bd5ff-ceb5-4f59-9520-805e7e941bdd for group scheduler-service-group for generation 1. The group has 1 members, 0 of which are static. (org.apache.kafka.coordinator.group.GroupMetadataManager)
kafka_compose                   | [2026-09-25 22:06:57,365] INFO [GroupCoordinator id=1 topic=__consumer_offsets partition=35] Stabilized group summary-email-service-group generation 1 with 1 members. (org.apache.kafka.coordinator.group.GroupMetadataManager)
kafka_compose                   | [2026-09-25 22:06:57,375] INFO [GroupCoordinator id=1 topic=__consumer_offsets partition=35] Assignment received from leader consumer-summary-email-service-group-1-d0f61775-e56a-4155-b357-20aa8feebc32 for group summary-email-service-group for generation 1. The group has 1 members, 0 of which are static. (org.apache.kafka.coordinator.group.GroupMetadataManager)
tasks_planner_postgres_compose  | 2026-09-25 22:10:50.258 UTC [27] LOG:  checkpoint starting: time
tasks_planner_postgres_compose  | 2026-09-25 22:10:50.325 UTC [27] LOG:  checkpoint complete: wrote 3 buffers (0.0%); 0 WAL file(s) added, 0 removed, 0 recycled; write=0.027 s, sync=0.007 s, total=0.067 s; sync files=2, longest=0.004 s, average=0.004 s; distance=0 kB, estimate=0 kB
kafka_compose                   | [2026-09-25 22:16:00,590] INFO [NodeToControllerChannelManager id=1 name=registration] Node 1 disconnected. (org.apache.kafka.clients.NetworkClient)
kafka_compose                   | [2026-09-25 22:16:54,143] INFO [NodeToControllerChannelManager id=1 name=forwarding] Node 1 disconnected. (org.apache.kafka.clients.NetworkClient)
email-sender-1                  | 2026-09-25T22:21:05.201Z  INFO 1 --- [ntainer#0-0-C-1] k.c.c.i.ConsumerRebalanceListenerInvoker : [Consumer clientId=consumer-summary-email-service-group-1, groupId=summary-email-service-group] Revoke previously assigned partitions [SUMMARY_SENDING_TASKS-0]
email-sender-1                  | 2026-09-25T22:21:05.210Z  INFO 1 --- [ntainer#0-0-C-1] o.s.k.l.KafkaMessageListenerContainer    : summary-email-service-group: partitions revoked: [SUMMARY_SENDING_TASKS-0]
email-sender-1                  | 2026-09-25T22:21:05.210Z  INFO 1 --- [ntainer#1-0-C-1] k.c.c.i.ConsumerRebalanceListenerInvoker : [Consumer clientId=consumer-consumer-service-group-2, groupId=consumer-service-group] Revoke previously assigned partitions [EMAIL_SENDING_TASKS-0]
email-sender-1                  | 2026-09-25T22:21:05.211Z  INFO 1 --- [ntainer#1-0-C-1] o.s.k.l.KafkaMessageListenerContainer    : consumer-service-group: partitions revoked: [EMAIL_SENDING_TASKS-0]
scheduler-1                     | 2026-09-25T22:21:05.210Z  INFO 1 --- [Container-0-C-1] k.c.c.i.ConsumerRebalanceListenerInvoker : [Consumer clientId=consumer-scheduler-service-group-1, groupId=scheduler-service-group] Revoke previously assigned partitions [SCHEDULER_SUMMARIZATION_REPLIES-0]
frontend-1                      | 2026/09/25 22:21:05 [notice] 1#1: signal 3 (SIGQUIT) received, shutting down
scheduler-1                     | 2026-09-25T22:21:05.217Z  INFO 1 --- [Container-0-C-1] o.s.k.l.KafkaMessageListenerContainer    : scheduler-service-group: partitions revoked: [SCHEDULER_SUMMARIZATION_REPLIES-0]
frontend-1                      | 2026/09/25 22:21:05 [notice] 29#29: gracefully shutting down
frontend-1                      | 2026/09/25 22:21:05 [notice] 29#29: exiting
frontend-1                      | 2026/09/25 22:21:05 [notice] 29#29: exit
frontend-1                      | 2026/09/25 22:21:05 [notice] 30#30: gracefully shutting down
frontend-1                      | 2026/09/25 22:21:05 [notice] 30#30: exiting
frontend-1                      | 2026/09/25 22:21:05 [notice] 30#30: exit
email-sender-1                  | 2026-09-25T22:21:05.219Z  INFO 1 --- [ntainer#1-0-C-1] o.a.k.c.c.internals.ConsumerCoordinator  : [Consumer clientId=consumer-consumer-service-group-2, groupId=consumer-service-group] Member consumer-consumer-service-group-2-40f8244f-ffc2-429f-8eb6-df0497220356 sending LeaveGroup request to coordinator kafka:9092 (id: 2147483646 rack: null isFenced: false) due to the consumer unsubscribed from all topics
email-sender-1                  | 2026-09-25T22:21:05.221Z  INFO 1 --- [ntainer#0-0-C-1] o.a.k.c.c.internals.ConsumerCoordinator  : [Consumer clientId=consumer-summary-email-service-group-1, groupId=summary-email-service-group] Member consumer-summary-email-service-group-1-d0f61775-e56a-4155-b357-20aa8feebc32 sending LeaveGroup request to coordinator kafka:9092 (id: 2147483646 rack: null isFenced: false) due to the consumer unsubscribed from all topics
email-sender-1                  | 2026-09-25T22:21:05.230Z  INFO 1 --- [ntainer#0-0-C-1] o.a.k.c.c.internals.ConsumerCoordinator  : [Consumer clientId=consumer-summary-email-service-group-1, groupId=summary-email-service-group] Resetting generation and member id due to: consumer pro-actively leaving the group
email-sender-1                  | 2026-09-25T22:21:05.230Z  INFO 1 --- [ntainer#0-0-C-1] o.a.k.c.c.internals.ConsumerCoordinator  : [Consumer clientId=consumer-summary-email-service-group-1, groupId=summary-email-service-group] Request joining group due to: consumer pro-actively leaving the group
email-sender-1                  | 2026-09-25T22:21:05.230Z  INFO 1 --- [ntainer#0-0-C-1] o.a.k.c.c.i.ClassicKafkaConsumer         : [Consumer clientId=consumer-summary-email-service-group-1, groupId=summary-email-service-group] Unsubscribed all topics or patterns and assigned partitions
kafka_compose                   | [2026-09-25 22:21:05,234] INFO [GroupCoordinator id=1 topic=__consumer_offsets partition=6] [Group consumer-service-group] Member consumer-consumer-service-group-2-40f8244f-ffc2-429f-8eb6-df0497220356 has left group through explicit `LeaveGroup` request; client reason: the consumer unsubscribed from all topics (org.apache.kafka.coordinator.group.GroupMetadataManager)
kafka_compose                   | [2026-09-25 22:21:05,236] INFO [GroupCoordinator id=1 topic=__consumer_offsets partition=35] [Group summary-email-service-group] Member consumer-summary-email-service-group-1-d0f61775-e56a-4155-b357-20aa8feebc32 has left group through explicit `LeaveGroup` request; client reason: the consumer unsubscribed from all topics (org.apache.kafka.coordinator.group.GroupMetadataManager)
scheduler-1                     | 2026-09-25T22:21:05.241Z  INFO 1 --- [Container-0-C-1] o.a.k.c.c.internals.ConsumerCoordinator  : [Consumer clientId=consumer-scheduler-service-group-1, groupId=scheduler-service-group] Member consumer-scheduler-service-group-1-e12bd5ff-ceb5-4f59-9520-805e7e941bdd sending LeaveGroup request to coordinator kafka:9092 (id: 2147483646 rack: null isFenced: false) due to the consumer unsubscribed from all topics
frontend-1                      | 2026/09/25 22:21:05 [notice] 32#32: gracefully shutting down
frontend-1                      | 2026/09/25 22:21:05 [notice] 32#32: exiting
frontend-1                      | 2026/09/25 22:21:05 [notice] 34#34: gracefully shutting down
frontend-1                      | 2026/09/25 22:21:05 [notice] 34#34: exiting
frontend-1                      | 2026/09/25 22:21:05 [notice] 34#34: exit
frontend-1                      | 2026/09/25 22:21:05 [notice] 33#33: gracefully shutting down
frontend-1                      | 2026/09/25 22:21:05 [notice] 33#33: exiting
frontend-1                      | 2026/09/25 22:21:05 [notice] 33#33: exit
frontend-1                      | 2026/09/25 22:21:05 [notice] 32#32: exit
frontend-1                      | 2026/09/25 22:21:05 [notice] 35#35: gracefully shutting down
frontend-1                      | 2026/09/25 22:21:05 [notice] 35#35: exiting
frontend-1                      | 2026/09/25 22:21:05 [notice] 35#35: exit
email-sender-1                  | 2026-09-25T22:21:05.243Z  INFO 1 --- [ntainer#1-0-C-1] o.a.k.c.c.internals.ConsumerCoordinator  : [Consumer clientId=consumer-consumer-service-group-2, groupId=consumer-service-group] Resetting generation and member id due to: consumer pro-actively leaving the group
frontend-1                      | 2026/09/25 22:21:05 [notice] 36#36: gracefully shutting down
frontend-1                      | 2026/09/25 22:21:05 [notice] 36#36: exiting
frontend-1                      | 2026/09/25 22:21:05 [notice] 36#36: exit
tasks_planner_postgres_compose  | 2026-09-25 22:21:05.246 UTC [1] LOG:  received fast shutdown request
kafka_compose                   | [2026-09-25 22:21:05,251] INFO [GroupCoordinator id=1 topic=__consumer_offsets partition=5] [Group scheduler-service-group] Member consumer-scheduler-service-group-1-e12bd5ff-ceb5-4f59-9520-805e7e941bdd has left group through explicit `LeaveGroup` request; client reason: the consumer unsubscribed from all topics (org.apache.kafka.coordinator.group.GroupMetadataManager)
scheduler-1                     | 2026-09-25T22:21:05.249Z  INFO 1 --- [Container-0-C-1] o.a.k.c.c.internals.ConsumerCoordinator  : [Consumer clientId=consumer-scheduler-service-group-1, groupId=scheduler-service-group] Resetting generation and member id due to: consumer pro-actively leaving the group
scheduler-1                     | 2026-09-25T22:21:05.249Z  INFO 1 --- [Container-0-C-1] o.a.k.c.c.internals.ConsumerCoordinator  : [Consumer clientId=consumer-scheduler-service-group-1, groupId=scheduler-service-group] Request joining group due to: consumer pro-actively leaving the group
scheduler-1                     | 2026-09-25T22:21:05.250Z  INFO 1 --- [Container-0-C-1] o.a.k.c.c.i.ClassicKafkaConsumer         : [Consumer clientId=consumer-scheduler-service-group-1, groupId=scheduler-service-group] Unsubscribed all topics or patterns and assigned partitions
email-sender-1                  | 2026-09-25T22:21:05.247Z  INFO 1 --- [ntainer#1-0-C-1] o.a.k.c.c.internals.ConsumerCoordinator  : [Consumer clientId=consumer-consumer-service-group-2, groupId=consumer-service-group] Request joining group due to: consumer pro-actively leaving the group
email-sender-1                  | 2026-09-25T22:21:05.248Z  INFO 1 --- [ntainer#1-0-C-1] o.a.k.c.c.i.ClassicKafkaConsumer         : [Consumer clientId=consumer-consumer-service-group-2, groupId=consumer-service-group] Unsubscribed all topics or patterns and assigned partitions
task-planner-1                  | 2026-09-25T22:21:05.247Z  INFO 1 --- [ionShutdownHook] o.s.boot.tomcat.GracefulShutdown         : Commencing graceful shutdown. Waiting for active requests to complete
frontend-1                      | 2026/09/25 22:21:05 [notice] 31#31: gracefully shutting down
frontend-1                      | 2026/09/25 22:21:05 [notice] 31#31: exiting
frontend-1                      | 2026/09/25 22:21:05 [notice] 31#31: exit
kafka_compose                   | [2026-09-25 22:21:05,263] INFO [GroupCoordinator id=1 topic=__consumer_offsets partition=6] Preparing to rebalance group consumer-service-group in state PreparingRebalance with old generation 1 (reason: explicit `LeaveGroup` request for (consumer-consumer-service-group-2-40f8244f-ffc2-429f-8eb6-df0497220356) members.). (org.apache.kafka.coordinator.group.GroupMetadataManager)
kafka_compose                   | [2026-09-25 22:21:05,265] INFO [GroupCoordinator id=1 topic=__consumer_offsets partition=6] Group consumer-service-group with generation 2 is now empty. (org.apache.kafka.coordinator.group.GroupMetadataManager)
tasks_planner_postgres_compose  | 2026-09-25 22:21:05.263 UTC [1] LOG:  aborting any active transactions
tasks_planner_postgres_compose  | 2026-09-25 22:21:05.264 UTC [42] FATAL:  terminating connection due to administrator command
tasks_planner_postgres_compose  | 2026-09-25 22:21:05.264 UTC [40] FATAL:  terminating connection due to administrator command
tasks_planner_postgres_compose  | 2026-09-25 22:21:05.264 UTC [38] FATAL:  terminating connection due to administrator command
tasks_planner_postgres_compose  | 2026-09-25 22:21:05.265 UTC [41] FATAL:  terminating connection due to administrator command
tasks_planner_postgres_compose  | 2026-09-25 22:21:05.266 UTC [39] FATAL:  terminating connection due to administrator command
tasks_planner_postgres_compose  | 2026-09-25 22:21:05.268 UTC [36] FATAL:  terminating connection due to administrator command
scheduler-1                     | 2026-09-25T22:21:05.263Z  INFO 1 --- [Container-0-C-1] o.a.k.c.c.internals.ConsumerCoordinator  : [Consumer clientId=consumer-scheduler-service-group-1, groupId=scheduler-service-group] Resetting generation and member id due to: consumer pro-actively leaving the group
scheduler-1                     | 2026-09-25T22:21:05.265Z  INFO 1 --- [Container-0-C-1] o.a.k.c.c.internals.ConsumerCoordinator  : [Consumer clientId=consumer-scheduler-service-group-1, groupId=scheduler-service-group] Request joining group due to: consumer pro-actively leaving the group
tasks_planner_postgres_compose  | 2026-09-25 22:21:05.271 UTC [37] FATAL:  terminating connection due to administrator command
kafka_compose                   | [2026-09-25 22:21:05,263] INFO [GroupCoordinator id=1 topic=__consumer_offsets partition=35] Preparing to rebalance group summary-email-service-group in state PreparingRebalance with old generation 1 (reason: explicit `LeaveGroup` request for (consumer-summary-email-service-group-1-d0f61775-e56a-4155-b357-20aa8feebc32) members.). (org.apache.kafka.coordinator.group.GroupMetadataManager)
kafka_compose                   | [2026-09-25 22:21:05,271] INFO [GroupCoordinator id=1 topic=__consumer_offsets partition=35] Group summary-email-service-group with generation 2 is now empty. (org.apache.kafka.coordinator.group.GroupMetadataManager)
tasks_planner_postgres_compose  | 2026-09-25 22:21:05.274 UTC [35] FATAL:  terminating connection due to administrator command
task-planner-1                  | 2026-09-25T22:21:05.276Z  INFO 1 --- [tomcat-shutdown] o.s.boot.tomcat.GracefulShutdown         : Graceful shutdown complete
kafka_compose                   | [2026-09-25 22:21:05,278] INFO [GroupCoordinator id=1 topic=__consumer_offsets partition=5] Preparing to rebalance group scheduler-service-group in state PreparingRebalance with old generation 1 (reason: explicit `LeaveGroup` request for (consumer-scheduler-service-group-1-e12bd5ff-ceb5-4f59-9520-805e7e941bdd) members.). (org.apache.kafka.coordinator.group.GroupMetadataManager)
tasks_planner_postgres_compose  | 2026-09-25 22:21:05.277 UTC [34] FATAL:  terminating connection due to administrator command
tasks_planner_postgres_compose  | 2026-09-25 22:21:05.277 UTC [33] FATAL:  terminating connection due to administrator command
email-sender-1                  | 2026-09-25T22:21:05.280Z  INFO 1 --- [ntainer#0-0-C-1] o.a.k.c.c.internals.ConsumerCoordinator  : [Consumer clientId=consumer-summary-email-service-group-1, groupId=summary-email-service-group] Resetting generation and member id due to: consumer pro-actively leaving the group
email-sender-1                  | 2026-09-25T22:21:05.280Z  INFO 1 --- [ntainer#0-0-C-1] o.a.k.c.c.internals.ConsumerCoordinator  : [Consumer clientId=consumer-summary-email-service-group-1, groupId=summary-email-service-group] Request joining group due to: consumer pro-actively leaving the group
tasks_planner_postgres_compose  | 2026-09-25 22:21:05.280 UTC [1] LOG:  background worker "logical replication launcher" (PID 32) exited with exit code 1
kafka_compose                   | [2026-09-25 22:21:05,279] INFO [GroupCoordinator id=1 topic=__consumer_offsets partition=5] Group scheduler-service-group with generation 2 is now empty. (org.apache.kafka.coordinator.group.GroupMetadataManager)
email-sender-1                  | 2026-09-25T22:21:05.283Z  INFO 1 --- [ntainer#1-0-C-1] o.a.k.c.c.internals.ConsumerCoordinator  : [Consumer clientId=consumer-consumer-service-group-2, groupId=consumer-service-group] Resetting generation and member id due to: consumer pro-actively leaving the group
email-sender-1                  | 2026-09-25T22:21:05.285Z  INFO 1 --- [ntainer#1-0-C-1] o.a.k.c.c.internals.ConsumerCoordinator  : [Consumer clientId=consumer-consumer-service-group-2, groupId=consumer-service-group] Request joining group due to: consumer pro-actively leaving the group
summarization-service-1         | 2026-09-25T22:21:05.285Z  INFO 1 --- [ntainer#0-0-C-1] k.c.c.i.ConsumerRebalanceListenerInvoker : [Consumer clientId=consumer-summarization-service-group-1, groupId=summarization-service-group] Revoke previously assigned partitions [SCHEDULER_SUMMARIZATION_REQUESTS-0]
summarization-service-1         | 2026-09-25T22:21:05.294Z  INFO 1 --- [ntainer#0-0-C-1] o.s.k.l.KafkaMessageListenerContainer    : summarization-service-group: partitions revoked: [SCHEDULER_SUMMARIZATION_REQUESTS-0]
frontend-1                      | 2026/09/25 22:21:05 [notice] 1#1: signal 17 (SIGCHLD) received from 33
frontend-1                      | 2026/09/25 22:21:05 [notice] 1#1: worker process 33 exited with code 0
frontend-1                      | 2026/09/25 22:21:05 [notice] 1#1: signal 29 (SIGIO) received
frontend-1                      | 2026/09/25 22:21:05 [notice] 1#1: signal 17 (SIGCHLD) received from 34
frontend-1                      | 2026/09/25 22:21:05 [notice] 1#1: worker process 30 exited with code 0
frontend-1                      | 2026/09/25 22:21:05 [notice] 1#1: worker process 34 exited with code 0
frontend-1                      | 2026/09/25 22:21:05 [notice] 1#1: signal 29 (SIGIO) received
frontend-1                      | 2026/09/25 22:21:05 [notice] 1#1: signal 17 (SIGCHLD) received from 30
tasks_planner_postgres_compose  | 2026-09-25 22:21:05.302 UTC [27] LOG:  shutting down
summarization-service-1         | 2026-09-25T22:21:05.303Z  INFO 1 --- [ntainer#0-0-C-1] o.a.k.c.c.internals.ConsumerCoordinator  : [Consumer clientId=consumer-summarization-service-group-1, groupId=summarization-service-group] Member consumer-summarization-service-group-1-04d70dd6-a0a6-4fb6-a064-58199e80eeec sending LeaveGroup request to coordinator kafka:9092 (id: 2147483646 rack: null isFenced: false) due to the consumer unsubscribed from all topics
summarization-service-1         | 2026-09-25T22:21:05.307Z  INFO 1 --- [ntainer#0-0-C-1] o.a.k.c.c.internals.ConsumerCoordinator  : [Consumer clientId=consumer-summarization-service-group-1, groupId=summarization-service-group] Resetting generation and member id due to: consumer pro-actively leaving the group
summarization-service-1         | 2026-09-25T22:21:05.308Z  INFO 1 --- [ntainer#0-0-C-1] o.a.k.c.c.internals.ConsumerCoordinator  : [Consumer clientId=consumer-summarization-service-group-1, groupId=summarization-service-group] Request joining group due to: consumer pro-actively leaving the group
summarization-service-1         | 2026-09-25T22:21:05.310Z  INFO 1 --- [ntainer#0-0-C-1] o.a.k.c.c.i.ClassicKafkaConsumer         : [Consumer clientId=consumer-summarization-service-group-1, groupId=summarization-service-group] Unsubscribed all topics or patterns and assigned partitions
task-planner-1                  | 2026-09-25T22:21:05.312Z  INFO 1 --- [ionShutdownHook] j.LocalContainerEntityManagerFactoryBean : Closing JPA EntityManagerFactory for persistence unit 'default'
frontend-1                      | 2026/09/25 22:21:05 [notice] 1#1: signal 17 (SIGCHLD) received from 32
frontend-1                      | 2026/09/25 22:21:05 [notice] 1#1: worker process 32 exited with code 0
frontend-1                      | 2026/09/25 22:21:05 [notice] 1#1: signal 29 (SIGIO) received
frontend-1                      | 2026/09/25 22:21:05 [notice] 1#1: signal 17 (SIGCHLD) received from 31
frontend-1                      | 2026/09/25 22:21:05 [notice] 1#1: worker process 31 exited with code 0
frontend-1                      | 2026/09/25 22:21:05 [notice] 1#1: worker process 36 exited with code 0
frontend-1                      | 2026/09/25 22:21:05 [notice] 1#1: signal 29 (SIGIO) received
frontend-1                      | 2026/09/25 22:21:05 [notice] 1#1: signal 17 (SIGCHLD) received from 36
frontend-1                      | 2026/09/25 22:21:05 [notice] 1#1: worker process 35 exited with code 0
frontend-1                      | 2026/09/25 22:21:05 [notice] 1#1: signal 29 (SIGIO) received
frontend-1                      | 2026/09/25 22:21:05 [notice] 1#1: signal 17 (SIGCHLD) received from 35
kafka_compose                   | [2026-09-25 22:21:05,318] INFO [GroupCoordinator id=1 topic=__consumer_offsets partition=49] [Group summarization-service-group] Member consumer-summarization-service-group-1-04d70dd6-a0a6-4fb6-a064-58199e80eeec has left group through explicit `LeaveGroup` request; client reason: the consumer unsubscribed from all topics (org.apache.kafka.coordinator.group.GroupMetadataManager)
kafka_compose                   | [2026-09-25 22:21:05,320] INFO [GroupCoordinator id=1 topic=__consumer_offsets partition=49] Preparing to rebalance group summarization-service-group in state PreparingRebalance with old generation 1 (reason: explicit `LeaveGroup` request for (consumer-summarization-service-group-1-04d70dd6-a0a6-4fb6-a064-58199e80eeec) members.). (org.apache.kafka.coordinator.group.GroupMetadataManager)
kafka_compose                   | [2026-09-25 22:21:05,320] INFO [GroupCoordinator id=1 topic=__consumer_offsets partition=49] Group summarization-service-group with generation 2 is now empty. (org.apache.kafka.coordinator.group.GroupMetadataManager)
frontend-1                      | 2026/09/25 22:21:05 [notice] 1#1: signal 17 (SIGCHLD) received from 29
frontend-1                      | 2026/09/25 22:21:05 [notice] 1#1: worker process 29 exited with code 0
frontend-1                      | 2026/09/25 22:21:05 [notice] 1#1: exit
summarization-service-1         | 2026-09-25T22:21:05.326Z  INFO 1 --- [ntainer#0-0-C-1] o.a.k.c.c.internals.ConsumerCoordinator  : [Consumer clientId=consumer-summarization-service-group-1, groupId=summarization-service-group] Resetting generation and member id due to: consumer pro-actively leaving the group
summarization-service-1         | 2026-09-25T22:21:05.326Z  INFO 1 --- [ntainer#0-0-C-1] o.a.k.c.c.internals.ConsumerCoordinator  : [Consumer clientId=consumer-summarization-service-group-1, groupId=summarization-service-group] Request joining group due to: consumer pro-actively leaving the group
task-planner-1                  | 2026-09-25T22:21:05.329Z  INFO 1 --- [ionShutdownHook] com.zaxxer.hikari.HikariDataSource       : HikariPool-1 - Shutdown initiated...
tasks_planner_postgres_compose  | 2026-09-25 22:21:05.333 UTC [27] LOG:  checkpoint starting: shutdown immediate
task-planner-1                  | 2026-09-25T22:21:05.340Z  INFO 1 --- [ionShutdownHook] com.zaxxer.hikari.HikariDataSource       : HikariPool-1 - Shutdown completed.
summarization-service-1         | 2026-09-25T22:21:05.418Z  INFO 1 --- [ntainer#0-0-C-1] o.apache.kafka.common.metrics.Metrics    : Metrics scheduler closed
summarization-service-1         | 2026-09-25T22:21:05.419Z  INFO 1 --- [ntainer#0-0-C-1] o.apache.kafka.common.metrics.Metrics    : Closing reporter org.apache.kafka.common.metrics.JmxReporter
summarization-service-1         | 2026-09-25T22:21:05.419Z  INFO 1 --- [ntainer#0-0-C-1] o.apache.kafka.common.metrics.Metrics    : Closing reporter org.apache.kafka.common.telemetry.internals.ClientTelemetryReporter
summarization-service-1         | 2026-09-25T22:21:05.420Z  INFO 1 --- [ntainer#0-0-C-1] o.apache.kafka.common.metrics.Metrics    : Metrics reporters closed
email-sender-1                  | 2026-09-25T22:21:05.432Z  INFO 1 --- [ntainer#0-0-C-1] o.apache.kafka.common.metrics.Metrics    : Metrics scheduler closed
email-sender-1                  | 2026-09-25T22:21:05.430Z  INFO 1 --- [ntainer#1-0-C-1] o.apache.kafka.common.metrics.Metrics    : Metrics scheduler closed
email-sender-1                  | 2026-09-25T22:21:05.433Z  INFO 1 --- [ntainer#0-0-C-1] o.apache.kafka.common.metrics.Metrics    : Closing reporter org.apache.kafka.common.metrics.JmxReporter
email-sender-1                  | 2026-09-25T22:21:05.433Z  INFO 1 --- [ntainer#1-0-C-1] o.apache.kafka.common.metrics.Metrics    : Closing reporter org.apache.kafka.common.metrics.JmxReporter
email-sender-1                  | 2026-09-25T22:21:05.433Z  INFO 1 --- [ntainer#0-0-C-1] o.apache.kafka.common.metrics.Metrics    : Closing reporter org.apache.kafka.common.telemetry.internals.ClientTelemetryReporter
email-sender-1                  | 2026-09-25T22:21:05.434Z  INFO 1 --- [ntainer#1-0-C-1] o.apache.kafka.common.metrics.Metrics    : Closing reporter org.apache.kafka.common.telemetry.internals.ClientTelemetryReporter
email-sender-1                  | 2026-09-25T22:21:05.434Z  INFO 1 --- [ntainer#1-0-C-1] o.apache.kafka.common.metrics.Metrics    : Metrics reporters closed
email-sender-1                  | 2026-09-25T22:21:05.434Z  INFO 1 --- [ntainer#0-0-C-1] o.apache.kafka.common.metrics.Metrics    : Metrics reporters closed
scheduler-1                     | 2026-09-25T22:21:05.447Z  INFO 1 --- [Container-0-C-1] o.apache.kafka.common.metrics.Metrics    : Metrics scheduler closed
scheduler-1                     | 2026-09-25T22:21:05.448Z  INFO 1 --- [Container-0-C-1] o.apache.kafka.common.metrics.Metrics    : Closing reporter org.apache.kafka.common.metrics.JmxReporter
scheduler-1                     | 2026-09-25T22:21:05.453Z  INFO 1 --- [Container-0-C-1] o.apache.kafka.common.metrics.Metrics    : Closing reporter org.apache.kafka.common.telemetry.internals.ClientTelemetryReporter
scheduler-1                     | 2026-09-25T22:21:05.453Z  INFO 1 --- [Container-0-C-1] o.apache.kafka.common.metrics.Metrics    : Metrics reporters closed
summarization-service-1         | 2026-09-25T22:21:05.455Z  INFO 1 --- [ntainer#0-0-C-1] o.a.kafka.common.utils.AppInfoParser     : App info kafka.consumer for consumer-summarization-service-group-1 unregistered
tasks_planner_postgres_compose  | 2026-09-25 22:21:05.461 UTC [27] LOG:  checkpoint complete: wrote 0 buffers (0.0%); 0 WAL file(s) added, 0 removed, 0 recycled; write=0.062 s, sync=0.001 s, total=0.159 s; sync files=0, longest=0.000 s, average=0.000 s; distance=0 kB, estimate=0 kB
summarization-service-1         | 2026-09-25T22:21:05.457Z  INFO 1 --- [ntainer#0-0-C-1] o.s.k.l.KafkaMessageListenerContainer    : summarization-service-group: Consumer stopped
tasks_planner_postgres_compose  | 2026-09-25 22:21:05.478 UTC [1] LOG:  database system is shut down
email-sender-1                  | 2026-09-25T22:21:05.482Z  INFO 1 --- [ntainer#0-0-C-1] o.a.kafka.common.utils.AppInfoParser     : App info kafka.consumer for consumer-summary-email-service-group-1 unregistered
email-sender-1                  | 2026-09-25T22:21:05.483Z  INFO 1 --- [ntainer#1-0-C-1] o.a.kafka.common.utils.AppInfoParser     : App info kafka.consumer for consumer-consumer-service-group-2 unregistered
email-sender-1                  | 2026-09-25T22:21:05.484Z  INFO 1 --- [ntainer#1-0-C-1] o.s.k.l.KafkaMessageListenerContainer    : consumer-service-group: Consumer stopped
email-sender-1                  | 2026-09-25T22:21:05.485Z  INFO 1 --- [ntainer#0-0-C-1] o.s.k.l.KafkaMessageListenerContainer    : summary-email-service-group: Consumer stopped
scheduler-1                     | 2026-09-25T22:21:05.501Z  INFO 1 --- [Container-0-C-1] o.a.kafka.common.utils.AppInfoParser     : App info kafka.consumer for consumer-scheduler-service-group-1 unregistered
scheduler-1                     | 2026-09-25T22:21:05.505Z  INFO 1 --- [Container-0-C-1] o.s.k.l.KafkaMessageListenerContainer    : scheduler-service-group: Consumer stopped
[Kfrontend-1 exited with code 0
[Ktask-planner-1 exited with code 143
[Ktasks_planner_postgres_compose exited with code 0
[Kemail-sender-1 exited with code 143
[Ksummarization-service-1 exited with code 143
[Kscheduler-1 exited with code 143
kafka_compose                   | [2026-09-25 22:21:06,279] INFO Terminating process due to signal SIGTERM (org.apache.kafka.common.utils.LoggingSignalHandler)
kafka_compose                   | [2026-09-25 22:21:06,287] INFO [BrokerServer id=1] Transition from STARTED to SHUTTING_DOWN (kafka.server.BrokerServer)
kafka_compose                   | [2026-09-25 22:21:06,288] INFO [BrokerServer id=1] shutting down (kafka.server.BrokerServer)
kafka_compose                   | [2026-09-25 22:21:06,288] INFO [BrokerLifecycleManager id=1] Beginning controlled shutdown. (org.apache.kafka.server.BrokerLifecycleManager)
kafka_compose                   | [2026-09-25 22:21:06,335] INFO [BrokerLifecycleManager id=1] The broker is in PENDING_CONTROLLED_SHUTDOWN state, still waiting for the active controller. (org.apache.kafka.server.BrokerLifecycleManager)
kafka_compose                   | [2026-09-25 22:21:06,409] INFO [ReplicaFetcherManager on broker 1] Removed fetcher for partitions HashSet(__consumer_offsets-22, __consumer_offsets-30, __consumer_offsets-25, __consumer_offsets-37, __consumer_offsets-38, __consumer_offsets-8, __consumer_offsets-21, __consumer_offsets-4, __consumer_offsets-27, __consumer_offsets-7, __consumer_offsets-9, __consumer_offsets-46, __consumer_offsets-35, EMAIL_SENDING_TASKS-0, SCHEDULER_SUMMARIZATION_REQUESTS-0, __consumer_offsets-41, __consumer_offsets-33, __consumer_offsets-23, __consumer_offsets-49, __consumer_offsets-47, __consumer_offsets-16, __consumer_offsets-28, __consumer_offsets-31, __consumer_offsets-36, __consumer_offsets-42, __consumer_offsets-3, __consumer_offsets-18, SUMMARY_SENDING_TASKS-0, __consumer_offsets-15, __consumer_offsets-24, __consumer_offsets-17, __consumer_offsets-48, __consumer_offsets-19, __consumer_offsets-11, SCHEDULER_SUMMARIZATION_REPLIES-0, __consumer_offsets-13, __consumer_offsets-2, __consumer_offsets-43, __consumer_offsets-6, __consumer_offsets-14, __consumer_offsets-20, __consumer_offsets-0, __consumer_offsets-44, __consumer_offsets-39, __consumer_offsets-12, __consumer_offsets-45, __consumer_offsets-1, __consumer_offsets-5, __consumer_offsets-26, __consumer_offsets-29, __consumer_offsets-34, __consumer_offsets-10, __consumer_offsets-32, __consumer_offsets-40) (kafka.server.ReplicaFetcherManager)
kafka_compose                   | [2026-09-25 22:21:06,411] INFO [ReplicaAlterLogDirsManager on broker 1] Removed fetcher for partitions HashSet(__consumer_offsets-22, __consumer_offsets-30, __consumer_offsets-25, __consumer_offsets-37, __consumer_offsets-38, __consumer_offsets-8, __consumer_offsets-21, __consumer_offsets-4, __consumer_offsets-27, __consumer_offsets-7, __consumer_offsets-9, __consumer_offsets-46, __consumer_offsets-35, EMAIL_SENDING_TASKS-0, SCHEDULER_SUMMARIZATION_REQUESTS-0, __consumer_offsets-41, __consumer_offsets-33, __consumer_offsets-23, __consumer_offsets-49, __consumer_offsets-47, __consumer_offsets-16, __consumer_offsets-28, __consumer_offsets-31, __consumer_offsets-36, __consumer_offsets-42, __consumer_offsets-3, __consumer_offsets-18, SUMMARY_SENDING_TASKS-0, __consumer_offsets-15, __consumer_offsets-24, __consumer_offsets-17, __consumer_offsets-48, __consumer_offsets-19, __consumer_offsets-11, SCHEDULER_SUMMARIZATION_REPLIES-0, __consumer_offsets-13, __consumer_offsets-2, __consumer_offsets-43, __consumer_offsets-6, __consumer_offsets-14, __consumer_offsets-20, __consumer_offsets-0, __consumer_offsets-44, __consumer_offsets-39, __consumer_offsets-12, __consumer_offsets-45, __consumer_offsets-1, __consumer_offsets-5, __consumer_offsets-26, __consumer_offsets-29, __consumer_offsets-34, __consumer_offsets-10, __consumer_offsets-32, __consumer_offsets-40) (kafka.server.ReplicaAlterLogDirsManager)
kafka_compose                   | [2026-09-25 22:21:06,415] INFO [BrokerLifecycleManager id=1] The controller has asked us to exit controlled shutdown. (org.apache.kafka.server.BrokerLifecycleManager)
kafka_compose                   | [2026-09-25 22:21:06,416] INFO [BrokerLifecycleManager id=1] beginShutdown: shutting down event queue. (org.apache.kafka.queue.KafkaEventQueue)
kafka_compose                   | [2026-09-25 22:21:06,416] INFO [BrokerLifecycleManager id=1] Transitioning from PENDING_CONTROLLED_SHUTDOWN to SHUTTING_DOWN. (org.apache.kafka.server.BrokerLifecycleManager)
kafka_compose                   | [2026-09-25 22:21:06,416] INFO [broker-1-to-controller-heartbeat-channel-manager]: Shutting down (org.apache.kafka.server.NodeToControllerRequestThread)
kafka_compose                   | [2026-09-25 22:21:06,417] INFO [broker-1-to-controller-heartbeat-channel-manager]: Shutdown completed (org.apache.kafka.server.NodeToControllerRequestThread)
kafka_compose                   | [2026-09-25 22:21:06,417] INFO [broker-1-to-controller-heartbeat-channel-manager]: Stopped (org.apache.kafka.server.NodeToControllerRequestThread)
kafka_compose                   | [2026-09-25 22:21:06,418] INFO [SocketServer listenerType=BROKER, nodeId=1] Stopping socket server request processors (kafka.network.SocketServer)
kafka_compose                   | [2026-09-25 22:21:06,438] INFO [GroupCoordinator id=1] Scheduling unloading of metadata for __consumer_offsets-13 with epoch OptionalInt[1] (org.apache.kafka.coordinator.common.runtime.CoordinatorRuntime)
kafka_compose                   | [2026-09-25 22:21:06,441] INFO [GroupCoordinator id=1] Scheduling unloading of metadata for __consumer_offsets-46 with epoch OptionalInt[1] (org.apache.kafka.coordinator.common.runtime.CoordinatorRuntime)
kafka_compose                   | [2026-09-25 22:21:06,441] INFO [GroupCoordinator id=1] Scheduling unloading of metadata for __consumer_offsets-9 with epoch OptionalInt[1] (org.apache.kafka.coordinator.common.runtime.CoordinatorRuntime)
kafka_compose                   | [2026-09-25 22:21:06,442] INFO [GroupCoordinator id=1] Scheduling unloading of metadata for __consumer_offsets-42 with epoch OptionalInt[1] (org.apache.kafka.coordinator.common.runtime.CoordinatorRuntime)
kafka_compose                   | [2026-09-25 22:21:06,442] INFO [GroupCoordinator id=1] Started unloading metadata for __consumer_offsets-13 with epoch OptionalInt[1]. (org.apache.kafka.coordinator.common.runtime.CoordinatorRuntime)
kafka_compose                   | [2026-09-25 22:21:06,442] INFO [GroupCoordinator id=1] Scheduling unloading of metadata for __consumer_offsets-21 with epoch OptionalInt[1] (org.apache.kafka.coordinator.common.runtime.CoordinatorRuntime)
kafka_compose                   | [2026-09-25 22:21:06,442] INFO [GroupCoordinator id=1] Scheduling unloading of metadata for __consumer_offsets-17 with epoch OptionalInt[1] (org.apache.kafka.coordinator.common.runtime.CoordinatorRuntime)
kafka_compose                   | [2026-09-25 22:21:06,442] INFO [GroupCoordinator id=1] Scheduling unloading of metadata for __consumer_offsets-30 with epoch OptionalInt[1] (org.apache.kafka.coordinator.common.runtime.CoordinatorRuntime)
kafka_compose                   | [2026-09-25 22:21:06,442] INFO [GroupCoordinator id=1] Started unloading metadata for __consumer_offsets-46 with epoch OptionalInt[1]. (org.apache.kafka.coordinator.common.runtime.CoordinatorRuntime)
kafka_compose                   | [2026-09-25 22:21:06,442] INFO [GroupCoordinator id=1] Scheduling unloading of metadata for __consumer_offsets-26 with epoch OptionalInt[1] (org.apache.kafka.coordinator.common.runtime.CoordinatorRuntime)
kafka_compose                   | [2026-09-25 22:21:06,442] INFO [GroupCoordinator id=1] Scheduling unloading of metadata for __consumer_offsets-5 with epoch OptionalInt[1] (org.apache.kafka.coordinator.common.runtime.CoordinatorRuntime)
kafka_compose                   | [2026-09-25 22:21:06,442] INFO [GroupCoordinator id=1] Scheduling unloading of metadata for __consumer_offsets-38 with epoch OptionalInt[1] (org.apache.kafka.coordinator.common.runtime.CoordinatorRuntime)
kafka_compose                   | [2026-09-25 22:21:06,442] INFO [GroupCoordinator id=1] Scheduling unloading of metadata for __consumer_offsets-1 with epoch OptionalInt[1] (org.apache.kafka.coordinator.common.runtime.CoordinatorRuntime)
kafka_compose                   | [2026-09-25 22:21:06,442] INFO [GroupCoordinator id=1] Scheduling unloading of metadata for __consumer_offsets-34 with epoch OptionalInt[1] (org.apache.kafka.coordinator.common.runtime.CoordinatorRuntime)
kafka_compose                   | [2026-09-25 22:21:06,442] INFO [GroupCoordinator id=1] Scheduling unloading of metadata for __consumer_offsets-16 with epoch OptionalInt[1] (org.apache.kafka.coordinator.common.runtime.CoordinatorRuntime)
kafka_compose                   | [2026-09-25 22:21:06,442] INFO [GroupCoordinator id=1] Scheduling unloading of metadata for __consumer_offsets-45 with epoch OptionalInt[1] (org.apache.kafka.coordinator.common.runtime.CoordinatorRuntime)
kafka_compose                   | [2026-09-25 22:21:06,442] INFO [GroupCoordinator id=1] Scheduling unloading of metadata for __consumer_offsets-12 with epoch OptionalInt[1] (org.apache.kafka.coordinator.common.runtime.CoordinatorRuntime)
kafka_compose                   | [2026-09-25 22:21:06,443] INFO [GroupCoordinator id=1] Scheduling unloading of metadata for __consumer_offsets-41 with epoch OptionalInt[1] (org.apache.kafka.coordinator.common.runtime.CoordinatorRuntime)
kafka_compose                   | [2026-09-25 22:21:06,443] INFO [GroupCoordinator id=1] Scheduling unloading of metadata for __consumer_offsets-24 with epoch OptionalInt[1] (org.apache.kafka.coordinator.common.runtime.CoordinatorRuntime)
kafka_compose                   | [2026-09-25 22:21:06,443] INFO [GroupCoordinator id=1] Scheduling unloading of metadata for __consumer_offsets-20 with epoch OptionalInt[1] (org.apache.kafka.coordinator.common.runtime.CoordinatorRuntime)
kafka_compose                   | [2026-09-25 22:21:06,443] INFO [GroupCoordinator id=1] Scheduling unloading of metadata for __consumer_offsets-49 with epoch OptionalInt[1] (org.apache.kafka.coordinator.common.runtime.CoordinatorRuntime)
kafka_compose                   | [2026-09-25 22:21:06,443] INFO [GroupCoordinator id=1] Scheduling unloading of metadata for __consumer_offsets-0 with epoch OptionalInt[1] (org.apache.kafka.coordinator.common.runtime.CoordinatorRuntime)
kafka_compose                   | [2026-09-25 22:21:06,443] INFO [GroupCoordinator id=1] Scheduling unloading of metadata for __consumer_offsets-29 with epoch OptionalInt[1] (org.apache.kafka.coordinator.common.runtime.CoordinatorRuntime)
kafka_compose                   | [2026-09-25 22:21:06,443] INFO [GroupCoordinator id=1] Scheduling unloading of metadata for __consumer_offsets-25 with epoch OptionalInt[1] (org.apache.kafka.coordinator.common.runtime.CoordinatorRuntime)
kafka_compose                   | [2026-09-25 22:21:06,443] INFO [GroupCoordinator id=1] Scheduling unloading of metadata for __consumer_offsets-8 with epoch OptionalInt[1] (org.apache.kafka.coordinator.common.runtime.CoordinatorRuntime)
kafka_compose                   | [2026-09-25 22:21:06,443] INFO [GroupCoordinator id=1] Scheduling unloading of metadata for __consumer_offsets-37 with epoch OptionalInt[1] (org.apache.kafka.coordinator.common.runtime.CoordinatorRuntime)
kafka_compose                   | [2026-09-25 22:21:06,444] INFO [GroupCoordinator id=1] Scheduling unloading of metadata for __consumer_offsets-4 with epoch OptionalInt[1] (org.apache.kafka.coordinator.common.runtime.CoordinatorRuntime)
kafka_compose                   | [2026-09-25 22:21:06,444] INFO [GroupCoordinator id=1] Scheduling unloading of metadata for __consumer_offsets-33 with epoch OptionalInt[1] (org.apache.kafka.coordinator.common.runtime.CoordinatorRuntime)
kafka_compose                   | [2026-09-25 22:21:06,444] INFO [GroupCoordinator id=1] Scheduling unloading of metadata for __consumer_offsets-15 with epoch OptionalInt[1] (org.apache.kafka.coordinator.common.runtime.CoordinatorRuntime)
kafka_compose                   | [2026-09-25 22:21:06,444] INFO [GroupCoordinator id=1] Scheduling unloading of metadata for __consumer_offsets-48 with epoch OptionalInt[1] (org.apache.kafka.coordinator.common.runtime.CoordinatorRuntime)
kafka_compose                   | [2026-09-25 22:21:06,444] INFO [GroupCoordinator id=1] Scheduling unloading of metadata for __consumer_offsets-11 with epoch OptionalInt[1] (org.apache.kafka.coordinator.common.runtime.CoordinatorRuntime)
kafka_compose                   | [2026-09-25 22:21:06,444] INFO [GroupCoordinator id=1] Scheduling unloading of metadata for __consumer_offsets-44 with epoch OptionalInt[1] (org.apache.kafka.coordinator.common.runtime.CoordinatorRuntime)
kafka_compose                   | [2026-09-25 22:21:06,444] INFO [GroupCoordinator id=1] Scheduling unloading of metadata for __consumer_offsets-23 with epoch OptionalInt[1] (org.apache.kafka.coordinator.common.runtime.CoordinatorRuntime)
kafka_compose                   | [2026-09-25 22:21:06,444] INFO [GroupCoordinator id=1] Scheduling unloading of metadata for __consumer_offsets-19 with epoch OptionalInt[1] (org.apache.kafka.coordinator.common.runtime.CoordinatorRuntime)
kafka_compose                   | [2026-09-25 22:21:06,444] INFO [GroupCoordinator id=1] Scheduling unloading of metadata for __consumer_offsets-32 with epoch OptionalInt[1] (org.apache.kafka.coordinator.common.runtime.CoordinatorRuntime)
kafka_compose                   | [2026-09-25 22:21:06,444] INFO [GroupCoordinator id=1] Scheduling unloading of metadata for __consumer_offsets-28 with epoch OptionalInt[1] (org.apache.kafka.coordinator.common.runtime.CoordinatorRuntime)
kafka_compose                   | [2026-09-25 22:21:06,445] INFO [GroupCoordinator id=1] Scheduling unloading of metadata for __consumer_offsets-7 with epoch OptionalInt[1] (org.apache.kafka.coordinator.common.runtime.CoordinatorRuntime)
kafka_compose                   | [2026-09-25 22:21:06,445] INFO [GroupCoordinator id=1] Scheduling unloading of metadata for __consumer_offsets-40 with epoch OptionalInt[1] (org.apache.kafka.coordinator.common.runtime.CoordinatorRuntime)
kafka_compose                   | [2026-09-25 22:21:06,445] INFO [GroupCoordinator id=1] Scheduling unloading of metadata for __consumer_offsets-3 with epoch OptionalInt[1] (org.apache.kafka.coordinator.common.runtime.CoordinatorRuntime)
kafka_compose                   | [2026-09-25 22:21:06,445] INFO [GroupCoordinator id=1] Scheduling unloading of metadata for __consumer_offsets-36 with epoch OptionalInt[1] (org.apache.kafka.coordinator.common.runtime.CoordinatorRuntime)
kafka_compose                   | [2026-09-25 22:21:06,445] INFO [GroupCoordinator id=1] Scheduling unloading of metadata for __consumer_offsets-47 with epoch OptionalInt[1] (org.apache.kafka.coordinator.common.runtime.CoordinatorRuntime)
kafka_compose                   | [2026-09-25 22:21:06,445] INFO [GroupCoordinator id=1] Scheduling unloading of metadata for __consumer_offsets-14 with epoch OptionalInt[1] (org.apache.kafka.coordinator.common.runtime.CoordinatorRuntime)
kafka_compose                   | [2026-09-25 22:21:06,445] INFO [GroupCoordinator id=1] Scheduling unloading of metadata for __consumer_offsets-43 with epoch OptionalInt[1] (org.apache.kafka.coordinator.common.runtime.CoordinatorRuntime)
kafka_compose                   | [2026-09-25 22:21:06,445] INFO [GroupCoordinator id=1] Scheduling unloading of metadata for __consumer_offsets-10 with epoch OptionalInt[1] (org.apache.kafka.coordinator.common.runtime.CoordinatorRuntime)
kafka_compose                   | [2026-09-25 22:21:06,443] INFO [GroupCoordinator id=1] Started unloading metadata for __consumer_offsets-5 with epoch OptionalInt[1]. (org.apache.kafka.coordinator.common.runtime.CoordinatorRuntime)
kafka_compose                   | [2026-09-25 22:21:06,445] INFO [GroupCoordinator id=1] Scheduling unloading of metadata for __consumer_offsets-22 with epoch OptionalInt[1] (org.apache.kafka.coordinator.common.runtime.CoordinatorRuntime)
kafka_compose                   | [2026-09-25 22:21:06,445] INFO [GroupCoordinator id=1] Scheduling unloading of metadata for __consumer_offsets-18 with epoch OptionalInt[1] (org.apache.kafka.coordinator.common.runtime.CoordinatorRuntime)
kafka_compose                   | [2026-09-25 22:21:06,445] INFO [GroupCoordinator id=1] Scheduling unloading of metadata for __consumer_offsets-31 with epoch OptionalInt[1] (org.apache.kafka.coordinator.common.runtime.CoordinatorRuntime)
kafka_compose                   | [2026-09-25 22:21:06,445] INFO [GroupCoordinator id=1] Scheduling unloading of metadata for __consumer_offsets-27 with epoch OptionalInt[1] (org.apache.kafka.coordinator.common.runtime.CoordinatorRuntime)
kafka_compose                   | [2026-09-25 22:21:06,445] INFO [GroupCoordinator id=1] Scheduling unloading of metadata for __consumer_offsets-39 with epoch OptionalInt[1] (org.apache.kafka.coordinator.common.runtime.CoordinatorRuntime)
kafka_compose                   | [2026-09-25 22:21:06,446] INFO [GroupCoordinator id=1] Scheduling unloading of metadata for __consumer_offsets-6 with epoch OptionalInt[1] (org.apache.kafka.coordinator.common.runtime.CoordinatorRuntime)
kafka_compose                   | [2026-09-25 22:21:06,446] INFO [GroupCoordinator id=1] Scheduling unloading of metadata for __consumer_offsets-35 with epoch OptionalInt[1] (org.apache.kafka.coordinator.common.runtime.CoordinatorRuntime)
kafka_compose                   | [2026-09-25 22:21:06,446] INFO [GroupCoordinator id=1] Scheduling unloading of metadata for __consumer_offsets-2 with epoch OptionalInt[1] (org.apache.kafka.coordinator.common.runtime.CoordinatorRuntime)
kafka_compose                   | [2026-09-25 22:21:06,447] INFO [GroupCoordinator id=1 topic=__consumer_offsets partition=5] [GroupId=scheduler-service-group] Unloading group metadata for generation 2. (org.apache.kafka.coordinator.group.GroupMetadataManager)
kafka_compose                   | [2026-09-25 22:21:06,447] INFO [GroupCoordinator id=1] Finished unloading metadata for __consumer_offsets-5 with epoch OptionalInt[1]. (org.apache.kafka.coordinator.common.runtime.CoordinatorRuntime)
kafka_compose                   | [2026-09-25 22:21:06,448] INFO [GroupCoordinator id=1] Started unloading metadata for __consumer_offsets-25 with epoch OptionalInt[1]. (org.apache.kafka.coordinator.common.runtime.CoordinatorRuntime)
kafka_compose                   | [2026-09-25 22:21:06,448] INFO [GroupCoordinator id=1] Finished unloading metadata for __consumer_offsets-25 with epoch OptionalInt[1]. (org.apache.kafka.coordinator.common.runtime.CoordinatorRuntime)
kafka_compose                   | [2026-09-25 22:21:06,448] INFO [GroupCoordinator id=1] Started unloading metadata for __consumer_offsets-1 with epoch OptionalInt[1]. (org.apache.kafka.coordinator.common.runtime.CoordinatorRuntime)
kafka_compose                   | [2026-09-25 22:21:06,449] INFO [GroupCoordinator id=1] Finished unloading metadata for __consumer_offsets-1 with epoch OptionalInt[1]. (org.apache.kafka.coordinator.common.runtime.CoordinatorRuntime)
kafka_compose                   | [2026-09-25 22:21:06,449] INFO [GroupCoordinator id=1] Started unloading metadata for __consumer_offsets-10 with epoch OptionalInt[1]. (org.apache.kafka.coordinator.common.runtime.CoordinatorRuntime)
kafka_compose                   | [2026-09-25 22:21:06,450] INFO [GroupCoordinator id=1] Finished unloading metadata for __consumer_offsets-10 with epoch OptionalInt[1]. (org.apache.kafka.coordinator.common.runtime.CoordinatorRuntime)
kafka_compose                   | [2026-09-25 22:21:06,450] INFO [GroupCoordinator id=1] Started unloading metadata for __consumer_offsets-37 with epoch OptionalInt[1]. (org.apache.kafka.coordinator.common.runtime.CoordinatorRuntime)
kafka_compose                   | [2026-09-25 22:21:06,450] INFO [GroupCoordinator id=1] Finished unloading metadata for __consumer_offsets-37 with epoch OptionalInt[1]. (org.apache.kafka.coordinator.common.runtime.CoordinatorRuntime)
kafka_compose                   | [2026-09-25 22:21:06,452] INFO [GroupCoordinator id=1] Finished unloading metadata for __consumer_offsets-46 with epoch OptionalInt[1]. (org.apache.kafka.coordinator.common.runtime.CoordinatorRuntime)
kafka_compose                   | [2026-09-25 22:21:06,453] INFO [GroupCoordinator id=1] Finished unloading metadata for __consumer_offsets-13 with epoch OptionalInt[1]. (org.apache.kafka.coordinator.common.runtime.CoordinatorRuntime)
kafka_compose                   | [2026-09-25 22:21:06,454] INFO [GroupCoordinator id=1] Started unloading metadata for __consumer_offsets-48 with epoch OptionalInt[1]. (org.apache.kafka.coordinator.common.runtime.CoordinatorRuntime)
kafka_compose                   | [2026-09-25 22:21:06,455] INFO [GroupCoordinator id=1] Finished unloading metadata for __consumer_offsets-48 with epoch OptionalInt[1]. (org.apache.kafka.coordinator.common.runtime.CoordinatorRuntime)
kafka_compose                   | [2026-09-25 22:21:06,456] INFO [GroupCoordinator id=1] Started unloading metadata for __consumer_offsets-21 with epoch OptionalInt[1]. (org.apache.kafka.coordinator.common.runtime.CoordinatorRuntime)
kafka_compose                   | [2026-09-25 22:21:06,456] INFO [GroupCoordinator id=1] Finished unloading metadata for __consumer_offsets-21 with epoch OptionalInt[1]. (org.apache.kafka.coordinator.common.runtime.CoordinatorRuntime)
kafka_compose                   | [2026-09-25 22:21:06,456] INFO [GroupCoordinator id=1] Started unloading metadata for __consumer_offsets-16 with epoch OptionalInt[1]. (org.apache.kafka.coordinator.common.runtime.CoordinatorRuntime)
kafka_compose                   | [2026-09-25 22:21:06,457] INFO [GroupCoordinator id=1] Started unloading metadata for __consumer_offsets-15 with epoch OptionalInt[1]. (org.apache.kafka.coordinator.common.runtime.CoordinatorRuntime)
kafka_compose                   | [2026-09-25 22:21:06,457] INFO [GroupCoordinator id=1] Finished unloading metadata for __consumer_offsets-15 with epoch OptionalInt[1]. (org.apache.kafka.coordinator.common.runtime.CoordinatorRuntime)
kafka_compose                   | [2026-09-25 22:21:06,457] INFO [GroupCoordinator id=1] Started unloading metadata for __consumer_offsets-34 with epoch OptionalInt[1]. (org.apache.kafka.coordinator.common.runtime.CoordinatorRuntime)
kafka_compose                   | [2026-09-25 22:21:06,458] INFO [GroupCoordinator id=1] Finished unloading metadata for __consumer_offsets-34 with epoch OptionalInt[1]. (org.apache.kafka.coordinator.common.runtime.CoordinatorRuntime)
kafka_compose                   | [2026-09-25 22:21:06,458] INFO [GroupCoordinator id=1] Started unloading metadata for __consumer_offsets-41 with epoch OptionalInt[1]. (org.apache.kafka.coordinator.common.runtime.CoordinatorRuntime)
kafka_compose                   | [2026-09-25 22:21:06,458] INFO [GroupCoordinator id=1] Finished unloading metadata for __consumer_offsets-41 with epoch OptionalInt[1]. (org.apache.kafka.coordinator.common.runtime.CoordinatorRuntime)
kafka_compose                   | [2026-09-25 22:21:06,458] INFO [GroupCoordinator id=1] Started unloading metadata for __consumer_offsets-17 with epoch OptionalInt[1]. (org.apache.kafka.coordinator.common.runtime.CoordinatorRuntime)
kafka_compose                   | [2026-09-25 22:21:06,459] INFO [GroupCoordinator id=1] Finished unloading metadata for __consumer_offsets-17 with epoch OptionalInt[1]. (org.apache.kafka.coordinator.common.runtime.CoordinatorRuntime)
kafka_compose                   | [2026-09-25 22:21:06,459] INFO [GroupCoordinator id=1] Started unloading metadata for __consumer_offsets-24 with epoch OptionalInt[1]. (org.apache.kafka.coordinator.common.runtime.CoordinatorRuntime)
kafka_compose                   | [2026-09-25 22:21:06,460] INFO [GroupCoordinator id=1] Started unloading metadata for __consumer_offsets-2 with epoch OptionalInt[1]. (org.apache.kafka.coordinator.common.runtime.CoordinatorRuntime)
kafka_compose                   | [2026-09-25 22:21:06,460] INFO [GroupCoordinator id=1] Finished unloading metadata for __consumer_offsets-24 with epoch OptionalInt[1]. (org.apache.kafka.coordinator.common.runtime.CoordinatorRuntime)
kafka_compose                   | [2026-09-25 22:21:06,461] INFO [GroupCoordinator id=1] Started unloading metadata for __consumer_offsets-36 with epoch OptionalInt[1]. (org.apache.kafka.coordinator.common.runtime.CoordinatorRuntime)
kafka_compose                   | [2026-09-25 22:21:06,461] INFO [GroupCoordinator id=1] Finished unloading metadata for __consumer_offsets-36 with epoch OptionalInt[1]. (org.apache.kafka.coordinator.common.runtime.CoordinatorRuntime)
kafka_compose                   | [2026-09-25 22:21:06,461] INFO [GroupCoordinator id=1] Started unloading metadata for __consumer_offsets-43 with epoch OptionalInt[1]. (org.apache.kafka.coordinator.common.runtime.CoordinatorRuntime)
kafka_compose                   | [2026-09-25 22:21:06,461] INFO [GroupCoordinator id=1] Finished unloading metadata for __consumer_offsets-43 with epoch OptionalInt[1]. (org.apache.kafka.coordinator.common.runtime.CoordinatorRuntime)
kafka_compose                   | [2026-09-25 22:21:06,461] INFO [GroupCoordinator id=1] Finished unloading metadata for __consumer_offsets-2 with epoch OptionalInt[1]. (org.apache.kafka.coordinator.common.runtime.CoordinatorRuntime)
kafka_compose                   | [2026-09-25 22:21:06,460] INFO [GroupCoordinator id=1] Started unloading metadata for __consumer_offsets-6 with epoch OptionalInt[1]. (org.apache.kafka.coordinator.common.runtime.CoordinatorRuntime)
kafka_compose                   | [2026-09-25 22:21:06,462] INFO [GroupCoordinator id=1] Started unloading metadata for __consumer_offsets-23 with epoch OptionalInt[1]. (org.apache.kafka.coordinator.common.runtime.CoordinatorRuntime)
kafka_compose                   | [2026-09-25 22:21:06,462] INFO [GroupCoordinator id=1] Finished unloading metadata for __consumer_offsets-23 with epoch OptionalInt[1]. (org.apache.kafka.coordinator.common.runtime.CoordinatorRuntime)
kafka_compose                   | [2026-09-25 22:21:06,462] INFO [GroupCoordinator id=1] Started unloading metadata for __consumer_offsets-12 with epoch OptionalInt[1]. (org.apache.kafka.coordinator.common.runtime.CoordinatorRuntime)
kafka_compose                   | [2026-09-25 22:21:06,462] INFO [GroupCoordinator id=1 topic=__consumer_offsets partition=6] [GroupId=consumer-service-group] Unloading group metadata for generation 2. (org.apache.kafka.coordinator.group.GroupMetadataManager)
kafka_compose                   | [2026-09-25 22:21:06,462] INFO [GroupCoordinator id=1] Finished unloading metadata for __consumer_offsets-12 with epoch OptionalInt[1]. (org.apache.kafka.coordinator.common.runtime.CoordinatorRuntime)
kafka_compose                   | [2026-09-25 22:21:06,462] INFO [GroupCoordinator id=1] Started unloading metadata for __consumer_offsets-42 with epoch OptionalInt[1]. (org.apache.kafka.coordinator.common.runtime.CoordinatorRuntime)
kafka_compose                   | [2026-09-25 22:21:06,462] INFO [GroupCoordinator id=1] Finished unloading metadata for __consumer_offsets-6 with epoch OptionalInt[1]. (org.apache.kafka.coordinator.common.runtime.CoordinatorRuntime)
kafka_compose                   | [2026-09-25 22:21:06,462] INFO Node to controller channel manager for heartbeat shutdown (org.apache.kafka.server.NodeToControllerChannelManagerImpl)
kafka_compose                   | [2026-09-25 22:21:06,462] INFO [GroupCoordinator id=1] Started unloading metadata for __consumer_offsets-20 with epoch OptionalInt[1]. (org.apache.kafka.coordinator.common.runtime.CoordinatorRuntime)
kafka_compose                   | [2026-09-25 22:21:06,462] INFO [GroupCoordinator id=1] Finished unloading metadata for __consumer_offsets-42 with epoch OptionalInt[1]. (org.apache.kafka.coordinator.common.runtime.CoordinatorRuntime)
kafka_compose                   | [2026-09-25 22:21:06,462] INFO [GroupCoordinator id=1] Started unloading metadata for __consumer_offsets-3 with epoch OptionalInt[1]. (org.apache.kafka.coordinator.common.runtime.CoordinatorRuntime)
kafka_compose                   | [2026-09-25 22:21:06,462] INFO [GroupCoordinator id=1] Started unloading metadata for __consumer_offsets-28 with epoch OptionalInt[1]. (org.apache.kafka.coordinator.common.runtime.CoordinatorRuntime)
kafka_compose                   | [2026-09-25 22:21:06,462] INFO [GroupCoordinator id=1] Finished unloading metadata for __consumer_offsets-3 with epoch OptionalInt[1]. (org.apache.kafka.coordinator.common.runtime.CoordinatorRuntime)
kafka_compose                   | [2026-09-25 22:21:06,463] INFO [GroupCoordinator id=1] Finished unloading metadata for __consumer_offsets-28 with epoch OptionalInt[1]. (org.apache.kafka.coordinator.common.runtime.CoordinatorRuntime)
kafka_compose                   | [2026-09-25 22:21:06,463] INFO [GroupCoordinator id=1] Started unloading metadata for __consumer_offsets-19 with epoch OptionalInt[1]. (org.apache.kafka.coordinator.common.runtime.CoordinatorRuntime)
kafka_compose                   | [2026-09-25 22:21:06,463] INFO [GroupCoordinator id=1] Started unloading metadata for __consumer_offsets-38 with epoch OptionalInt[1]. (org.apache.kafka.coordinator.common.runtime.CoordinatorRuntime)
kafka_compose                   | [2026-09-25 22:21:06,463] INFO [GroupCoordinator id=1] Finished unloading metadata for __consumer_offsets-38 with epoch OptionalInt[1]. (org.apache.kafka.coordinator.common.runtime.CoordinatorRuntime)
kafka_compose                   | [2026-09-25 22:21:06,463] INFO [GroupCoordinator id=1] Started unloading metadata for __consumer_offsets-27 with epoch OptionalInt[1]. (org.apache.kafka.coordinator.common.runtime.CoordinatorRuntime)
kafka_compose                   | [2026-09-25 22:21:06,462] INFO [GroupCoordinator id=1] Finished unloading metadata for __consumer_offsets-20 with epoch OptionalInt[1]. (org.apache.kafka.coordinator.common.runtime.CoordinatorRuntime)
kafka_compose                   | [2026-09-25 22:21:06,463] INFO [GroupCoordinator id=1] Finished unloading metadata for __consumer_offsets-19 with epoch OptionalInt[1]. (org.apache.kafka.coordinator.common.runtime.CoordinatorRuntime)
kafka_compose                   | [2026-09-25 22:21:06,464] INFO [GroupCoordinator id=1] Started unloading metadata for __consumer_offsets-49 with epoch OptionalInt[1]. (org.apache.kafka.coordinator.common.runtime.CoordinatorRuntime)
kafka_compose                   | [2026-09-25 22:21:06,463] INFO [GroupCoordinator id=1] Started unloading metadata for __consumer_offsets-7 with epoch OptionalInt[1]. (org.apache.kafka.coordinator.common.runtime.CoordinatorRuntime)
kafka_compose                   | [2026-09-25 22:21:06,465] INFO [GroupCoordinator id=1 topic=__consumer_offsets partition=49] [GroupId=summarization-service-group] Unloading group metadata for generation 2. (org.apache.kafka.coordinator.group.GroupMetadataManager)
kafka_compose                   | [2026-09-25 22:21:06,466] INFO [GroupCoordinator id=1] Finished unloading metadata for __consumer_offsets-49 with epoch OptionalInt[1]. (org.apache.kafka.coordinator.common.runtime.CoordinatorRuntime)
kafka_compose                   | [2026-09-25 22:21:06,463] INFO [GroupCoordinator id=1] Finished unloading metadata for __consumer_offsets-16 with epoch OptionalInt[1]. (org.apache.kafka.coordinator.common.runtime.CoordinatorRuntime)
kafka_compose                   | [2026-09-25 22:21:06,465] INFO [GroupCoordinator id=1] Finished unloading metadata for __consumer_offsets-7 with epoch OptionalInt[1]. (org.apache.kafka.coordinator.common.runtime.CoordinatorRuntime)
kafka_compose                   | [2026-09-25 22:21:06,467] INFO [GroupCoordinator id=1] Started unloading metadata for __consumer_offsets-33 with epoch OptionalInt[1]. (org.apache.kafka.coordinator.common.runtime.CoordinatorRuntime)
kafka_compose                   | [2026-09-25 22:21:06,467] INFO [GroupCoordinator id=1] Started unloading metadata for __consumer_offsets-4 with epoch OptionalInt[1]. (org.apache.kafka.coordinator.common.runtime.CoordinatorRuntime)
kafka_compose                   | [2026-09-25 22:21:06,467] INFO [GroupCoordinator id=1] Finished unloading metadata for __consumer_offsets-4 with epoch OptionalInt[1]. (org.apache.kafka.coordinator.common.runtime.CoordinatorRuntime)
kafka_compose                   | [2026-09-25 22:21:06,467] INFO [GroupCoordinator id=1] Started unloading metadata for __consumer_offsets-0 with epoch OptionalInt[1]. (org.apache.kafka.coordinator.common.runtime.CoordinatorRuntime)
kafka_compose                   | [2026-09-25 22:21:06,467] INFO [GroupCoordinator id=1] Finished unloading metadata for __consumer_offsets-0 with epoch OptionalInt[1]. (org.apache.kafka.coordinator.common.runtime.CoordinatorRuntime)
kafka_compose                   | [2026-09-25 22:21:06,468] INFO [SocketServer listenerType=BROKER, nodeId=1] Stopped socket server request processors (kafka.network.SocketServer)
kafka_compose                   | [2026-09-25 22:21:06,468] INFO [GroupCoordinator id=1] Started unloading metadata for __consumer_offsets-14 with epoch OptionalInt[1]. (org.apache.kafka.coordinator.common.runtime.CoordinatorRuntime)
kafka_compose                   | [2026-09-25 22:21:06,468] INFO [GroupCoordinator id=1] Finished unloading metadata for __consumer_offsets-27 with epoch OptionalInt[1]. (org.apache.kafka.coordinator.common.runtime.CoordinatorRuntime)
kafka_compose                   | [2026-09-25 22:21:06,468] INFO [GroupCoordinator id=1] Started unloading metadata for __consumer_offsets-45 with epoch OptionalInt[1]. (org.apache.kafka.coordinator.common.runtime.CoordinatorRuntime)
kafka_compose                   | [2026-09-25 22:21:06,468] INFO [GroupCoordinator id=1] Finished unloading metadata for __consumer_offsets-33 with epoch OptionalInt[1]. (org.apache.kafka.coordinator.common.runtime.CoordinatorRuntime)
kafka_compose                   | [2026-09-25 22:21:06,468] INFO [GroupCoordinator id=1] Finished unloading metadata for __consumer_offsets-14 with epoch OptionalInt[1]. (org.apache.kafka.coordinator.common.runtime.CoordinatorRuntime)
kafka_compose                   | [2026-09-25 22:21:06,469] INFO [GroupCoordinator id=1] Started unloading metadata for __consumer_offsets-39 with epoch OptionalInt[1]. (org.apache.kafka.coordinator.common.runtime.CoordinatorRuntime)
kafka_compose                   | [2026-09-25 22:21:06,469] INFO [GroupCoordinator id=1] Started unloading metadata for __consumer_offsets-18 with epoch OptionalInt[1]. (org.apache.kafka.coordinator.common.runtime.CoordinatorRuntime)
kafka_compose                   | [2026-09-25 22:21:06,469] INFO [GroupCoordinator id=1] Started unloading metadata for __consumer_offsets-26 with epoch OptionalInt[1]. (org.apache.kafka.coordinator.common.runtime.CoordinatorRuntime)
kafka_compose                   | [2026-09-25 22:21:06,469] INFO [GroupCoordinator id=1] Finished unloading metadata for __consumer_offsets-39 with epoch OptionalInt[1]. (org.apache.kafka.coordinator.common.runtime.CoordinatorRuntime)
kafka_compose                   | [2026-09-25 22:21:06,469] INFO [GroupCoordinator id=1] Started unloading metadata for __consumer_offsets-22 with epoch OptionalInt[1]. (org.apache.kafka.coordinator.common.runtime.CoordinatorRuntime)
kafka_compose                   | [2026-09-25 22:21:06,469] INFO [GroupCoordinator id=1] Finished unloading metadata for __consumer_offsets-26 with epoch OptionalInt[1]. (org.apache.kafka.coordinator.common.runtime.CoordinatorRuntime)
kafka_compose                   | [2026-09-25 22:21:06,469] INFO [GroupCoordinator id=1] Finished unloading metadata for __consumer_offsets-18 with epoch OptionalInt[1]. (org.apache.kafka.coordinator.common.runtime.CoordinatorRuntime)
kafka_compose                   | [2026-09-25 22:21:06,469] INFO [GroupCoordinator id=1] Started unloading metadata for __consumer_offsets-29 with epoch OptionalInt[1]. (org.apache.kafka.coordinator.common.runtime.CoordinatorRuntime)
kafka_compose                   | [2026-09-25 22:21:06,470] INFO [GroupCoordinator id=1] Started unloading metadata for __consumer_offsets-40 with epoch OptionalInt[1]. (org.apache.kafka.coordinator.common.runtime.CoordinatorRuntime)
kafka_compose                   | [2026-09-25 22:21:06,469] INFO [GroupCoordinator id=1] Finished unloading metadata for __consumer_offsets-22 with epoch OptionalInt[1]. (org.apache.kafka.coordinator.common.runtime.CoordinatorRuntime)
kafka_compose                   | [2026-09-25 22:21:06,470] INFO [GroupCoordinator id=1] Finished unloading metadata for __consumer_offsets-29 with epoch OptionalInt[1]. (org.apache.kafka.coordinator.common.runtime.CoordinatorRuntime)
kafka_compose                   | [2026-09-25 22:21:06,470] INFO [GroupCoordinator id=1] Finished unloading metadata for __consumer_offsets-40 with epoch OptionalInt[1]. (org.apache.kafka.coordinator.common.runtime.CoordinatorRuntime)
kafka_compose                   | [2026-09-25 22:21:06,471] INFO [GroupCoordinator id=1] Started unloading metadata for __consumer_offsets-9 with epoch OptionalInt[1]. (org.apache.kafka.coordinator.common.runtime.CoordinatorRuntime)
kafka_compose                   | [2026-09-25 22:21:06,471] INFO [GroupCoordinator id=1] Started unloading metadata for __consumer_offsets-47 with epoch OptionalInt[1]. (org.apache.kafka.coordinator.common.runtime.CoordinatorRuntime)
kafka_compose                   | [2026-09-25 22:21:06,471] INFO [GroupCoordinator id=1] Finished unloading metadata for __consumer_offsets-47 with epoch OptionalInt[1]. (org.apache.kafka.coordinator.common.runtime.CoordinatorRuntime)
kafka_compose                   | [2026-09-25 22:21:06,472] INFO [GroupCoordinator id=1] Started unloading metadata for __consumer_offsets-32 with epoch OptionalInt[1]. (org.apache.kafka.coordinator.common.runtime.CoordinatorRuntime)
kafka_compose                   | [2026-09-25 22:21:06,471] INFO [GroupCoordinator id=1] Finished unloading metadata for __consumer_offsets-45 with epoch OptionalInt[1]. (org.apache.kafka.coordinator.common.runtime.CoordinatorRuntime)
kafka_compose                   | [2026-09-25 22:21:06,472] INFO [GroupCoordinator id=1] Started unloading metadata for __consumer_offsets-11 with epoch OptionalInt[1]. (org.apache.kafka.coordinator.common.runtime.CoordinatorRuntime)
kafka_compose                   | [2026-09-25 22:21:06,472] INFO [GroupCoordinator id=1] Finished unloading metadata for __consumer_offsets-32 with epoch OptionalInt[1]. (org.apache.kafka.coordinator.common.runtime.CoordinatorRuntime)
kafka_compose                   | [2026-09-25 22:21:06,472] INFO [GroupCoordinator id=1] Finished unloading metadata for __consumer_offsets-11 with epoch OptionalInt[1]. (org.apache.kafka.coordinator.common.runtime.CoordinatorRuntime)
kafka_compose                   | [2026-09-25 22:21:06,472] INFO [GroupCoordinator id=1] Started unloading metadata for __consumer_offsets-44 with epoch OptionalInt[1]. (org.apache.kafka.coordinator.common.runtime.CoordinatorRuntime)
kafka_compose                   | [2026-09-25 22:21:06,471] INFO [GroupCoordinator id=1] Started unloading metadata for __consumer_offsets-31 with epoch OptionalInt[1]. (org.apache.kafka.coordinator.common.runtime.CoordinatorRuntime)
kafka_compose                   | [2026-09-25 22:21:06,473] INFO [GroupCoordinator id=1] Finished unloading metadata for __consumer_offsets-44 with epoch OptionalInt[1]. (org.apache.kafka.coordinator.common.runtime.CoordinatorRuntime)
kafka_compose                   | [2026-09-25 22:21:06,473] INFO [GroupCoordinator id=1] Started unloading metadata for __consumer_offsets-35 with epoch OptionalInt[1]. (org.apache.kafka.coordinator.common.runtime.CoordinatorRuntime)
kafka_compose                   | [2026-09-25 22:21:06,473] INFO [GroupCoordinator id=1] Finished unloading metadata for __consumer_offsets-31 with epoch OptionalInt[1]. (org.apache.kafka.coordinator.common.runtime.CoordinatorRuntime)
kafka_compose                   | [2026-09-25 22:21:06,473] INFO [GroupCoordinator id=1 topic=__consumer_offsets partition=35] [GroupId=summary-email-service-group] Unloading group metadata for generation 2. (org.apache.kafka.coordinator.group.GroupMetadataManager)
kafka_compose                   | [2026-09-25 22:21:06,473] INFO [GroupCoordinator id=1] Finished unloading metadata for __consumer_offsets-35 with epoch OptionalInt[1]. (org.apache.kafka.coordinator.common.runtime.CoordinatorRuntime)
kafka_compose                   | [2026-09-25 22:21:06,473] INFO [GroupCoordinator id=1] Started unloading metadata for __consumer_offsets-30 with epoch OptionalInt[1]. (org.apache.kafka.coordinator.common.runtime.CoordinatorRuntime)
kafka_compose                   | [2026-09-25 22:21:06,473] INFO [GroupCoordinator id=1] Finished unloading metadata for __consumer_offsets-30 with epoch OptionalInt[1]. (org.apache.kafka.coordinator.common.runtime.CoordinatorRuntime)
kafka_compose                   | [2026-09-25 22:21:06,472] INFO [GroupCoordinator id=1] Started unloading metadata for __consumer_offsets-8 with epoch OptionalInt[1]. (org.apache.kafka.coordinator.common.runtime.CoordinatorRuntime)
kafka_compose                   | [2026-09-25 22:21:06,471] INFO [GroupCoordinator id=1] Finished unloading metadata for __consumer_offsets-9 with epoch OptionalInt[1]. (org.apache.kafka.coordinator.common.runtime.CoordinatorRuntime)
kafka_compose                   | [2026-09-25 22:21:06,474] INFO [GroupCoordinator id=1] Finished unloading metadata for __consumer_offsets-8 with epoch OptionalInt[1]. (org.apache.kafka.coordinator.common.runtime.CoordinatorRuntime)
kafka_compose                   | [2026-09-25 22:21:06,475] INFO [data-plane Kafka Request Handler on Broker 1] shutting down (kafka.server.KafkaRequestHandlerPool)
kafka_compose                   | [2026-09-25 22:21:06,480] INFO [data-plane Kafka Request Handler on Broker 1] shut down completely (kafka.server.KafkaRequestHandlerPool)
kafka_compose                   | [2026-09-25 22:21:06,481] INFO [ExpirationReaper-1-AlterAcls]: Shutting down (org.apache.kafka.server.purgatory.DelayedOperationPurgatory$ExpiredOperationReaper)
kafka_compose                   | [2026-09-25 22:21:06,483] INFO [ExpirationReaper-1-AlterAcls]: Stopped (org.apache.kafka.server.purgatory.DelayedOperationPurgatory$ExpiredOperationReaper)
kafka_compose                   | [2026-09-25 22:21:06,483] INFO [ExpirationReaper-1-AlterAcls]: Shutdown completed (org.apache.kafka.server.purgatory.DelayedOperationPurgatory$ExpiredOperationReaper)
kafka_compose                   | [2026-09-25 22:21:06,488] INFO [KafkaApi-1] Shutdown complete. (kafka.server.KafkaApis)
kafka_compose                   | [2026-09-25 22:21:06,497] INFO [TransactionCoordinator id=1] Shutting down. (kafka.coordinator.transaction.TransactionCoordinator)
kafka_compose                   | [2026-09-25 22:21:06,499] INFO [Transaction State Manager 1]: Shutdown complete (kafka.coordinator.transaction.TransactionStateManager)
kafka_compose                   | [2026-09-25 22:21:06,499] INFO [TxnMarkerSenderThread-1]: Shutting down (kafka.coordinator.transaction.TransactionMarkerChannelManager)
kafka_compose                   | [2026-09-25 22:21:06,500] INFO [TxnMarkerSenderThread-1]: Stopped (kafka.coordinator.transaction.TransactionMarkerChannelManager)
kafka_compose                   | [2026-09-25 22:21:06,501] INFO [TxnMarkerSenderThread-1]: Shutdown completed (kafka.coordinator.transaction.TransactionMarkerChannelManager)
kafka_compose                   | [2026-09-25 22:21:06,507] INFO [TransactionCoordinator id=1] Shutdown complete. (kafka.coordinator.transaction.TransactionCoordinator)
kafka_compose                   | [2026-09-25 22:21:06,508] INFO [GroupCoordinator id=1] Shutting down. (org.apache.kafka.coordinator.group.GroupCoordinatorService)
kafka_compose                   | [2026-09-25 22:21:06,509] INFO [GroupCoordinator id=1] Closing coordinator runtime. (org.apache.kafka.coordinator.common.runtime.CoordinatorRuntime)
kafka_compose                   | [2026-09-25 22:21:06,510] INFO [group-coordinator-reaper]: Shutting down (org.apache.kafka.server.util.timer.SystemTimerReaper$Reaper)
kafka_compose                   | [2026-09-25 22:21:06,511] INFO [group-coordinator-reaper]: Shutdown completed (org.apache.kafka.server.util.timer.SystemTimerReaper$Reaper)
kafka_compose                   | [2026-09-25 22:21:06,511] INFO [group-coordinator-reaper]: Stopped (org.apache.kafka.server.util.timer.SystemTimerReaper$Reaper)
kafka_compose                   | [2026-09-25 22:21:06,515] INFO [GroupCoordinator id=1] Shutting down event processor. (org.apache.kafka.coordinator.common.runtime.MultiThreadedEventProcessor)
kafka_compose                   | [2026-09-25 22:21:06,519] INFO [group-coordinator-event-processor-0]: Shutting down. Draining the remaining events. (org.apache.kafka.coordinator.common.runtime.MultiThreadedEventProcessor$EventProcessorThread)
kafka_compose                   | [2026-09-25 22:21:06,519] INFO [group-coordinator-event-processor-3]: Shutting down. Draining the remaining events. (org.apache.kafka.coordinator.common.runtime.MultiThreadedEventProcessor$EventProcessorThread)
kafka_compose                   | [2026-09-25 22:21:06,519] INFO [group-coordinator-event-processor-2]: Shutting down. Draining the remaining events. (org.apache.kafka.coordinator.common.runtime.MultiThreadedEventProcessor$EventProcessorThread)
kafka_compose                   | [2026-09-25 22:21:06,519] INFO [group-coordinator-event-processor-3]: Shutdown completed (org.apache.kafka.coordinator.common.runtime.MultiThreadedEventProcessor$EventProcessorThread)
kafka_compose                   | [2026-09-25 22:21:06,519] INFO [group-coordinator-event-processor-2]: Shutdown completed (org.apache.kafka.coordinator.common.runtime.MultiThreadedEventProcessor$EventProcessorThread)
kafka_compose                   | [2026-09-25 22:21:06,519] INFO [group-coordinator-event-processor-1]: Shutting down. Draining the remaining events. (org.apache.kafka.coordinator.common.runtime.MultiThreadedEventProcessor$EventProcessorThread)
kafka_compose                   | [2026-09-25 22:21:06,519] INFO [group-coordinator-event-processor-1]: Shutdown completed (org.apache.kafka.coordinator.common.runtime.MultiThreadedEventProcessor$EventProcessorThread)
kafka_compose                   | [2026-09-25 22:21:06,520] INFO [group-coordinator-event-processor-0]: Shutdown completed (org.apache.kafka.coordinator.common.runtime.MultiThreadedEventProcessor$EventProcessorThread)
kafka_compose                   | [2026-09-25 22:21:06,521] INFO [GroupCoordinator id=1] Event processor closed. (org.apache.kafka.coordinator.common.runtime.MultiThreadedEventProcessor)
kafka_compose                   | [2026-09-25 22:21:06,524] INFO [GroupCoordinator id=1] Coordinator runtime closed. (org.apache.kafka.coordinator.common.runtime.CoordinatorRuntime)
kafka_compose                   | [2026-09-25 22:21:06,526] INFO [GroupCoordinator id=1] Shutdown complete. (org.apache.kafka.coordinator.group.GroupCoordinatorService)
kafka_compose                   | [2026-09-25 22:21:06,526] INFO [network-partition-metadata-client-reaper]: Shutting down (org.apache.kafka.server.util.timer.SystemTimerReaper$Reaper)
kafka_compose                   | [2026-09-25 22:21:06,528] INFO [network-partition-metadata-client-reaper]: Stopped (org.apache.kafka.server.util.timer.SystemTimerReaper$Reaper)
kafka_compose                   | [2026-09-25 22:21:06,528] INFO [network-partition-metadata-client-reaper]: Shutdown completed (org.apache.kafka.server.util.timer.SystemTimerReaper$Reaper)
kafka_compose                   | [2026-09-25 22:21:06,530] INFO [ShareCoordinator id=1] Shutting down. (org.apache.kafka.coordinator.share.ShareCoordinatorService)
kafka_compose                   | [2026-09-25 22:21:06,530] INFO [ShareCoordinator id=1] Closing coordinator runtime. (org.apache.kafka.coordinator.common.runtime.CoordinatorRuntime)
kafka_compose                   | [2026-09-25 22:21:06,531] INFO [share-coordinator-reaper]: Shutting down (org.apache.kafka.server.util.timer.SystemTimerReaper$Reaper)
kafka_compose                   | [2026-09-25 22:21:06,531] INFO [share-coordinator-reaper]: Stopped (org.apache.kafka.server.util.timer.SystemTimerReaper$Reaper)
kafka_compose                   | [2026-09-25 22:21:06,532] INFO [share-coordinator-reaper]: Shutdown completed (org.apache.kafka.server.util.timer.SystemTimerReaper$Reaper)
kafka_compose                   | [2026-09-25 22:21:06,533] INFO [ShareCoordinator id=1] Shutting down event processor. (org.apache.kafka.coordinator.common.runtime.MultiThreadedEventProcessor)
kafka_compose                   | [2026-09-25 22:21:06,533] INFO [share-coordinator-event-processor-0]: Shutting down. Draining the remaining events. (org.apache.kafka.coordinator.common.runtime.MultiThreadedEventProcessor$EventProcessorThread)
kafka_compose                   | [2026-09-25 22:21:06,533] INFO [share-coordinator-event-processor-0]: Shutdown completed (org.apache.kafka.coordinator.common.runtime.MultiThreadedEventProcessor$EventProcessorThread)
kafka_compose                   | [2026-09-25 22:21:06,534] INFO [ShareCoordinator id=1] Event processor closed. (org.apache.kafka.coordinator.common.runtime.MultiThreadedEventProcessor)
kafka_compose                   | [2026-09-25 22:21:06,536] INFO [ShareCoordinator id=1] Coordinator runtime closed. (org.apache.kafka.coordinator.common.runtime.CoordinatorRuntime)
kafka_compose                   | [2026-09-25 22:21:06,538] INFO [ShareCoordinator id=1] Shutdown complete. (org.apache.kafka.coordinator.share.ShareCoordinatorService)
kafka_compose                   | [2026-09-25 22:21:06,539] INFO [AssignmentsManager id=1]KafkaEventQueue#close: shutting down event queue. (org.apache.kafka.queue.KafkaEventQueue)
kafka_compose                   | [2026-09-25 22:21:06,539] INFO [AssignmentsManager id=1] shutting down. (org.apache.kafka.server.AssignmentsManager)
kafka_compose                   | [2026-09-25 22:21:06,540] INFO [broker-1-to-controller-directory-assignments-channel-manager]: Shutting down (org.apache.kafka.server.NodeToControllerRequestThread)
kafka_compose                   | [2026-09-25 22:21:06,540] INFO [broker-1-to-controller-directory-assignments-channel-manager]: Shutdown completed (org.apache.kafka.server.NodeToControllerRequestThread)
kafka_compose                   | [2026-09-25 22:21:06,540] INFO [broker-1-to-controller-directory-assignments-channel-manager]: Stopped (org.apache.kafka.server.NodeToControllerRequestThread)
kafka_compose                   | [2026-09-25 22:21:06,540] INFO Node to controller channel manager for directory-assignments shutdown (org.apache.kafka.server.NodeToControllerChannelManagerImpl)
kafka_compose                   | [2026-09-25 22:21:06,541] INFO [AssignmentsManager id=1]closed event queue. (org.apache.kafka.queue.KafkaEventQueue)
kafka_compose                   | [2026-09-25 22:21:06,542] INFO [ReplicaManager broker=1] Shutting down (kafka.server.ReplicaManager)
kafka_compose                   | [2026-09-25 22:21:06,544] INFO [LogDirFailureHandler]: Shutting down (kafka.server.ReplicaManager$LogDirFailureHandler)
kafka_compose                   | [2026-09-25 22:21:06,545] INFO [LogDirFailureHandler]: Stopped (kafka.server.ReplicaManager$LogDirFailureHandler)
kafka_compose                   | [2026-09-25 22:21:06,545] INFO [LogDirFailureHandler]: Shutdown completed (kafka.server.ReplicaManager$LogDirFailureHandler)
kafka_compose                   | [2026-09-25 22:21:06,547] INFO [ReplicaFetcherManager on broker 1] shutting down (kafka.server.ReplicaFetcherManager)
kafka_compose                   | [2026-09-25 22:21:06,550] INFO [ReplicaFetcherManager on broker 1] shutdown completed (kafka.server.ReplicaFetcherManager)
kafka_compose                   | [2026-09-25 22:21:06,552] INFO [ReplicaAlterLogDirsManager on broker 1] shutting down (kafka.server.ReplicaAlterLogDirsManager)
kafka_compose                   | [2026-09-25 22:21:06,555] INFO [ReplicaAlterLogDirsManager on broker 1] shutdown completed (kafka.server.ReplicaAlterLogDirsManager)
kafka_compose                   | [2026-09-25 22:21:06,555] INFO [ExpirationReaper-1-Fetch]: Shutting down (org.apache.kafka.server.purgatory.DelayedOperationPurgatory$ExpiredOperationReaper)
kafka_compose                   | [2026-09-25 22:21:06,556] INFO [ExpirationReaper-1-Fetch]: Stopped (org.apache.kafka.server.purgatory.DelayedOperationPurgatory$ExpiredOperationReaper)
kafka_compose                   | [2026-09-25 22:21:06,557] INFO [ExpirationReaper-1-Fetch]: Shutdown completed (org.apache.kafka.server.purgatory.DelayedOperationPurgatory$ExpiredOperationReaper)
kafka_compose                   | [2026-09-25 22:21:06,557] INFO [ExpirationReaper-1-RemoteFetch]: Shutting down (org.apache.kafka.server.purgatory.DelayedOperationPurgatory$ExpiredOperationReaper)
kafka_compose                   | [2026-09-25 22:21:06,559] INFO [ExpirationReaper-1-RemoteFetch]: Stopped (org.apache.kafka.server.purgatory.DelayedOperationPurgatory$ExpiredOperationReaper)
kafka_compose                   | [2026-09-25 22:21:06,559] INFO [ExpirationReaper-1-RemoteFetch]: Shutdown completed (org.apache.kafka.server.purgatory.DelayedOperationPurgatory$ExpiredOperationReaper)
kafka_compose                   | [2026-09-25 22:21:06,560] INFO [ExpirationReaper-1-RemoteListOffsets]: Shutting down (org.apache.kafka.server.purgatory.DelayedOperationPurgatory$ExpiredOperationReaper)
kafka_compose                   | [2026-09-25 22:21:06,561] INFO [ExpirationReaper-1-RemoteListOffsets]: Stopped (org.apache.kafka.server.purgatory.DelayedOperationPurgatory$ExpiredOperationReaper)
kafka_compose                   | [2026-09-25 22:21:06,561] INFO [ExpirationReaper-1-RemoteListOffsets]: Shutdown completed (org.apache.kafka.server.purgatory.DelayedOperationPurgatory$ExpiredOperationReaper)
kafka_compose                   | [2026-09-25 22:21:06,561] INFO [ExpirationReaper-1-Produce]: Shutting down (org.apache.kafka.server.purgatory.DelayedOperationPurgatory$ExpiredOperationReaper)
kafka_compose                   | [2026-09-25 22:21:06,562] INFO [ExpirationReaper-1-Produce]: Stopped (org.apache.kafka.server.purgatory.DelayedOperationPurgatory$ExpiredOperationReaper)
kafka_compose                   | [2026-09-25 22:21:06,563] INFO [ExpirationReaper-1-Produce]: Shutdown completed (org.apache.kafka.server.purgatory.DelayedOperationPurgatory$ExpiredOperationReaper)
kafka_compose                   | [2026-09-25 22:21:06,564] INFO [ExpirationReaper-1-DeleteRecords]: Shutting down (org.apache.kafka.server.purgatory.DelayedOperationPurgatory$ExpiredOperationReaper)
kafka_compose                   | [2026-09-25 22:21:06,565] INFO [ExpirationReaper-1-DeleteRecords]: Stopped (org.apache.kafka.server.purgatory.DelayedOperationPurgatory$ExpiredOperationReaper)
kafka_compose                   | [2026-09-25 22:21:06,565] INFO [ExpirationReaper-1-DeleteRecords]: Shutdown completed (org.apache.kafka.server.purgatory.DelayedOperationPurgatory$ExpiredOperationReaper)
kafka_compose                   | [2026-09-25 22:21:06,565] INFO [ExpirationReaper-1-ShareFetch]: Shutting down (org.apache.kafka.server.purgatory.DelayedOperationPurgatory$ExpiredOperationReaper)
kafka_compose                   | [2026-09-25 22:21:06,566] INFO [ExpirationReaper-1-ShareFetch]: Stopped (org.apache.kafka.server.purgatory.DelayedOperationPurgatory$ExpiredOperationReaper)
kafka_compose                   | [2026-09-25 22:21:06,566] INFO [ExpirationReaper-1-ShareFetch]: Shutdown completed (org.apache.kafka.server.purgatory.DelayedOperationPurgatory$ExpiredOperationReaper)
kafka_compose                   | [2026-09-25 22:21:06,590] INFO [AddPartitionsToTxnSenderThread-1]: Shutting down (org.apache.kafka.server.transaction.AddPartitionsToTxnManager)
kafka_compose                   | [2026-09-25 22:21:06,590] INFO [AddPartitionsToTxnSenderThread-1]: Shutdown completed (org.apache.kafka.server.transaction.AddPartitionsToTxnManager)
kafka_compose                   | [2026-09-25 22:21:06,590] INFO [AddPartitionsToTxnSenderThread-1]: Stopped (org.apache.kafka.server.transaction.AddPartitionsToTxnManager)
kafka_compose                   | [2026-09-25 22:21:06,592] INFO [ReplicaManager broker=1] Shut down completely (kafka.server.ReplicaManager)
kafka_compose                   | [2026-09-25 22:21:06,592] INFO [broker-1-to-controller-alter-partition-channel-manager]: Shutting down (org.apache.kafka.server.NodeToControllerRequestThread)
kafka_compose                   | [2026-09-25 22:21:06,593] INFO [broker-1-to-controller-alter-partition-channel-manager]: Shutdown completed (org.apache.kafka.server.NodeToControllerRequestThread)
kafka_compose                   | [2026-09-25 22:21:06,593] INFO [broker-1-to-controller-alter-partition-channel-manager]: Stopped (org.apache.kafka.server.NodeToControllerRequestThread)
kafka_compose                   | [2026-09-25 22:21:06,594] INFO Node to controller channel manager for alter-partition shutdown (org.apache.kafka.server.NodeToControllerChannelManagerImpl)
kafka_compose                   | [2026-09-25 22:21:06,596] INFO [broker-1-to-controller-forwarding-channel-manager]: Shutting down (org.apache.kafka.server.NodeToControllerRequestThread)
kafka_compose                   | [2026-09-25 22:21:06,597] INFO [broker-1-to-controller-forwarding-channel-manager]: Shutdown completed (org.apache.kafka.server.NodeToControllerRequestThread)
kafka_compose                   | [2026-09-25 22:21:06,597] INFO [broker-1-to-controller-forwarding-channel-manager]: Stopped (org.apache.kafka.server.NodeToControllerRequestThread)
kafka_compose                   | [2026-09-25 22:21:06,597] INFO Node to controller channel manager for forwarding shutdown (org.apache.kafka.server.NodeToControllerChannelManagerImpl)
kafka_compose                   | [2026-09-25 22:21:06,599] INFO Shutting down. (kafka.log.LogManager)
kafka_compose                   | [2026-09-25 22:21:06,671] INFO [ProducerStateManager partition=__consumer_offsets-6] Wrote producer snapshot at offset 4 with 0 producer ids in 18 ms. (org.apache.kafka.storage.internals.log.ProducerStateManager)
kafka_compose                   | [2026-09-25 22:21:06,699] INFO [ProducerStateManager partition=__consumer_offsets-35] Wrote producer snapshot at offset 4 with 0 producer ids in 15 ms. (org.apache.kafka.storage.internals.log.ProducerStateManager)
kafka_compose                   | [2026-09-25 22:21:06,836] INFO [ProducerStateManager partition=__consumer_offsets-49] Wrote producer snapshot at offset 4 with 0 producer ids in 19 ms. (org.apache.kafka.storage.internals.log.ProducerStateManager)
kafka_compose                   | [2026-09-25 22:21:07,237] INFO [ProducerStateManager partition=__consumer_offsets-5] Wrote producer snapshot at offset 4 with 0 producer ids in 17 ms. (org.apache.kafka.storage.internals.log.ProducerStateManager)
kafka_compose                   | [2026-09-25 22:21:07,469] INFO Shutdown complete. (kafka.log.LogManager)
kafka_compose                   | [2026-09-25 22:21:07,470] INFO [broker-1-ThrottledChannelReaper-Fetch]: Shutting down (org.apache.kafka.server.quota.ClientQuotaManager$ThrottledChannelReaper)
kafka_compose                   | [2026-09-25 22:21:07,472] INFO [broker-1-ThrottledChannelReaper-Fetch]: Shutdown completed (org.apache.kafka.server.quota.ClientQuotaManager$ThrottledChannelReaper)
kafka_compose                   | [2026-09-25 22:21:07,472] INFO [broker-1-ThrottledChannelReaper-Produce]: Shutting down (org.apache.kafka.server.quota.ClientQuotaManager$ThrottledChannelReaper)
kafka_compose                   | [2026-09-25 22:21:07,472] INFO [broker-1-ThrottledChannelReaper-Fetch]: Stopped (org.apache.kafka.server.quota.ClientQuotaManager$ThrottledChannelReaper)
kafka_compose                   | [2026-09-25 22:21:07,472] INFO [broker-1-ThrottledChannelReaper-Produce]: Stopped (org.apache.kafka.server.quota.ClientQuotaManager$ThrottledChannelReaper)
kafka_compose                   | [2026-09-25 22:21:07,472] INFO [broker-1-ThrottledChannelReaper-Produce]: Shutdown completed (org.apache.kafka.server.quota.ClientQuotaManager$ThrottledChannelReaper)
kafka_compose                   | [2026-09-25 22:21:07,473] INFO [broker-1-ThrottledChannelReaper-Request]: Shutting down (org.apache.kafka.server.quota.ClientQuotaManager$ThrottledChannelReaper)
kafka_compose                   | [2026-09-25 22:21:07,473] INFO [broker-1-ThrottledChannelReaper-Request]: Shutdown completed (org.apache.kafka.server.quota.ClientQuotaManager$ThrottledChannelReaper)
kafka_compose                   | [2026-09-25 22:21:07,473] INFO [broker-1-ThrottledChannelReaper-Request]: Stopped (org.apache.kafka.server.quota.ClientQuotaManager$ThrottledChannelReaper)
kafka_compose                   | [2026-09-25 22:21:07,474] INFO [broker-1-ThrottledChannelReaper-ControllerMutation]: Shutting down (org.apache.kafka.server.quota.ClientQuotaManager$ThrottledChannelReaper)
kafka_compose                   | [2026-09-25 22:21:07,474] INFO [broker-1-ThrottledChannelReaper-ControllerMutation]: Stopped (org.apache.kafka.server.quota.ClientQuotaManager$ThrottledChannelReaper)
kafka_compose                   | [2026-09-25 22:21:07,474] INFO [broker-1-ThrottledChannelReaper-ControllerMutation]: Shutdown completed (org.apache.kafka.server.quota.ClientQuotaManager$ThrottledChannelReaper)
kafka_compose                   | [2026-09-25 22:21:07,479] INFO [SocketServer listenerType=BROKER, nodeId=1] Shutting down socket server (kafka.network.SocketServer)
kafka_compose                   | [2026-09-25 22:21:07,505] INFO [SocketServer listenerType=BROKER, nodeId=1] Shutdown completed (kafka.network.SocketServer)
kafka_compose                   | [2026-09-25 22:21:07,506] INFO Broker and topic stats closed (org.apache.kafka.storage.log.metrics.BrokerTopicStats)
kafka_compose                   | [2026-09-25 22:21:07,506] INFO [share-group-lock-timeout-reaper]: Shutting down (org.apache.kafka.server.util.timer.SystemTimerReaper$Reaper)
kafka_compose                   | [2026-09-25 22:21:07,507] INFO [share-group-lock-timeout-reaper]: Stopped (org.apache.kafka.server.util.timer.SystemTimerReaper$Reaper)
kafka_compose                   | [2026-09-25 22:21:07,507] INFO [share-group-lock-timeout-reaper]: Shutdown completed (org.apache.kafka.server.util.timer.SystemTimerReaper$Reaper)
kafka_compose                   | [2026-09-25 22:21:07,509] INFO [PersisterStateManager]: Shutting down (org.apache.kafka.server.share.persister.PersisterStateManager$SendThread)
kafka_compose                   | [2026-09-25 22:21:07,510] INFO [PersisterStateManager]: Shutdown completed (org.apache.kafka.server.share.persister.PersisterStateManager$SendThread)
kafka_compose                   | [2026-09-25 22:21:07,510] INFO [PersisterStateManager]: Stopped (org.apache.kafka.server.share.persister.PersisterStateManager$SendThread)
kafka_compose                   | [2026-09-25 22:21:07,511] INFO [persister-state-manager-reaper]: Shutting down (org.apache.kafka.server.util.timer.SystemTimerReaper$Reaper)
kafka_compose                   | [2026-09-25 22:21:07,512] INFO [persister-state-manager-reaper]: Stopped (org.apache.kafka.server.util.timer.SystemTimerReaper$Reaper)
kafka_compose                   | [2026-09-25 22:21:07,512] INFO [persister-state-manager-reaper]: Shutdown completed (org.apache.kafka.server.util.timer.SystemTimerReaper$Reaper)
kafka_compose                   | [2026-09-25 22:21:07,513] INFO [BrokerLifecycleManager id=1] closed event queue. (org.apache.kafka.queue.KafkaEventQueue)
kafka_compose                   | [2026-09-25 22:21:07,513] INFO [client-metrics-reaper]: Shutting down (org.apache.kafka.server.util.timer.SystemTimerReaper$Reaper)
kafka_compose                   | [2026-09-25 22:21:07,514] INFO [client-metrics-reaper]: Stopped (org.apache.kafka.server.util.timer.SystemTimerReaper$Reaper)
kafka_compose                   | [2026-09-25 22:21:07,515] INFO [client-metrics-reaper]: Shutdown completed (org.apache.kafka.server.util.timer.SystemTimerReaper$Reaper)
kafka_compose                   | [2026-09-25 22:21:07,516] INFO [BrokerServer id=1] shut down completed (kafka.server.BrokerServer)
kafka_compose                   | [2026-09-25 22:21:07,516] INFO [BrokerServer id=1] Transition from SHUTTING_DOWN to SHUTDOWN (kafka.server.BrokerServer)
kafka_compose                   | [2026-09-25 22:21:07,519] INFO [ControllerServer id=1] shutting down (kafka.server.ControllerServer)
kafka_compose                   | [2026-09-25 22:21:07,521] INFO [raft-expiration-reaper]: Shutting down (org.apache.kafka.raft.TimingWheelExpirationService$ExpiredOperationReaper)
kafka_compose                   | [2026-09-25 22:21:07,654] INFO [raft-expiration-reaper]: Stopped (org.apache.kafka.raft.TimingWheelExpirationService$ExpiredOperationReaper)
kafka_compose                   | [2026-09-25 22:21:07,654] INFO [raft-expiration-reaper]: Shutdown completed (org.apache.kafka.raft.TimingWheelExpirationService$ExpiredOperationReaper)
kafka_compose                   | [2026-09-25 22:21:07,655] INFO [kafka-1-raft-io-thread]: Shutting down (org.apache.kafka.raft.KafkaRaftClientDriver)
kafka_compose                   | [2026-09-25 22:21:07,655] INFO [RaftManager id=1] Beginning graceful shutdown (org.apache.kafka.raft.KafkaRaftClient)
kafka_compose                   | [2026-09-25 22:21:07,656] INFO [RaftManager id=1] Graceful shutdown completed (org.apache.kafka.raft.KafkaRaftClient)
kafka_compose                   | [2026-09-25 22:21:07,656] INFO [RaftManager id=1] Completed graceful shutdown of RaftClient (org.apache.kafka.raft.KafkaRaftClientDriver)
kafka_compose                   | [2026-09-25 22:21:07,656] INFO [kafka-1-raft-io-thread]: Stopped (org.apache.kafka.raft.KafkaRaftClientDriver)
kafka_compose                   | [2026-09-25 22:21:07,656] INFO [kafka-1-raft-io-thread]: Shutdown completed (org.apache.kafka.raft.KafkaRaftClientDriver)
kafka_compose                   | [2026-09-25 22:21:07,661] INFO [kafka-1-raft-outbound-request-thread]: Shutting down (org.apache.kafka.raft.KafkaNetworkChannel$SendThread)
kafka_compose                   | [2026-09-25 22:21:07,662] INFO [kafka-1-raft-outbound-request-thread]: Stopped (org.apache.kafka.raft.KafkaNetworkChannel$SendThread)
kafka_compose                   | [2026-09-25 22:21:07,662] INFO [kafka-1-raft-outbound-request-thread]: Shutdown completed (org.apache.kafka.raft.KafkaNetworkChannel$SendThread)
kafka_compose                   | [2026-09-25 22:21:07,674] INFO [ProducerStateManager partition=__cluster_metadata-0] Wrote producer snapshot at offset 1946 with 0 producer ids in 12 ms. (org.apache.kafka.storage.internals.log.ProducerStateManager)
kafka_compose                   | [2026-09-25 22:21:07,682] INFO [ControllerRegistrationManager id=1 incarnation=xSeeuxhbTRKbxxtSXBbX3Q] beginShutdown: shutting down event queue. (org.apache.kafka.queue.KafkaEventQueue)
kafka_compose                   | [2026-09-25 22:21:07,683] INFO [ControllerRegistrationManager id=1 incarnation=xSeeuxhbTRKbxxtSXBbX3Q] shutting down. (kafka.server.ControllerRegistrationManager)
kafka_compose                   | [2026-09-25 22:21:07,683] INFO [controller-1-to-controller-registration-channel-manager]: Shutting down (org.apache.kafka.server.NodeToControllerRequestThread)
kafka_compose                   | [2026-09-25 22:21:07,684] INFO [controller-1-to-controller-registration-channel-manager]: Shutdown completed (org.apache.kafka.server.NodeToControllerRequestThread)
kafka_compose                   | [2026-09-25 22:21:07,684] INFO Node to controller channel manager for registration shutdown (org.apache.kafka.server.NodeToControllerChannelManagerImpl)
kafka_compose                   | [2026-09-25 22:21:07,685] INFO [ControllerRegistrationManager id=1 incarnation=xSeeuxhbTRKbxxtSXBbX3Q] closed event queue. (org.apache.kafka.queue.KafkaEventQueue)
kafka_compose                   | [2026-09-25 22:21:07,685] INFO [controller-1-to-controller-registration-channel-manager]: Stopped (org.apache.kafka.server.NodeToControllerRequestThread)
kafka_compose                   | [2026-09-25 22:21:07,686] INFO [controller-1-to-controller-registration-channel-manager]: Shutdown completed (org.apache.kafka.server.NodeToControllerRequestThread)
kafka_compose                   | [2026-09-25 22:21:07,686] WARN [NodeToControllerChannelManager id=1 name=registration] Attempting to close NetworkClient that has already been closed. (org.apache.kafka.clients.NetworkClient)
kafka_compose                   | [2026-09-25 22:21:07,686] INFO Node to controller channel manager for registration shutdown (org.apache.kafka.server.NodeToControllerChannelManagerImpl)
kafka_compose                   | [2026-09-25 22:21:07,689] INFO [ControllerRegistrationManager id=1 incarnation=xSeeuxhbTRKbxxtSXBbX3Q] closed event queue. (org.apache.kafka.queue.KafkaEventQueue)
kafka_compose                   | [2026-09-25 22:21:07,695] INFO [SocketServer listenerType=CONTROLLER, nodeId=1] Stopping socket server request processors (kafka.network.SocketServer)
kafka_compose                   | [2026-09-25 22:21:07,700] INFO [SocketServer listenerType=CONTROLLER, nodeId=1] Stopped socket server request processors (kafka.network.SocketServer)
kafka_compose                   | [2026-09-25 22:21:07,701] INFO [QuorumController id=1] QuorumController#beginShutdown: shutting down event queue. (org.apache.kafka.queue.KafkaEventQueue)
kafka_compose                   | [2026-09-25 22:21:07,701] INFO [SocketServer listenerType=CONTROLLER, nodeId=1] Shutting down socket server (kafka.network.SocketServer)
kafka_compose                   | [2026-09-25 22:21:07,707] INFO [SocketServer listenerType=CONTROLLER, nodeId=1] Shutdown completed (kafka.network.SocketServer)
kafka_compose                   | [2026-09-25 22:21:07,709] INFO [data-plane Kafka Request Handler on Controller 1] shutting down (kafka.server.KafkaRequestHandlerPool)
kafka_compose                   | [2026-09-25 22:21:07,715] INFO [data-plane Kafka Request Handler on Controller 1] shut down completely (kafka.server.KafkaRequestHandlerPool)
kafka_compose                   | [2026-09-25 22:21:07,716] INFO [ExpirationReaper-1-AlterAcls]: Shutting down (org.apache.kafka.server.purgatory.DelayedOperationPurgatory$ExpiredOperationReaper)
kafka_compose                   | [2026-09-25 22:21:07,718] INFO [ExpirationReaper-1-AlterAcls]: Shutdown completed (org.apache.kafka.server.purgatory.DelayedOperationPurgatory$ExpiredOperationReaper)
kafka_compose                   | [2026-09-25 22:21:07,718] INFO [ExpirationReaper-1-AlterAcls]: Stopped (org.apache.kafka.server.purgatory.DelayedOperationPurgatory$ExpiredOperationReaper)
kafka_compose                   | [2026-09-25 22:21:07,720] INFO [controller-1-ThrottledChannelReaper-Fetch]: Shutting down (org.apache.kafka.server.quota.ClientQuotaManager$ThrottledChannelReaper)
kafka_compose                   | [2026-09-25 22:21:07,721] INFO [controller-1-ThrottledChannelReaper-Fetch]: Stopped (org.apache.kafka.server.quota.ClientQuotaManager$ThrottledChannelReaper)
kafka_compose                   | [2026-09-25 22:21:07,721] INFO [controller-1-ThrottledChannelReaper-Fetch]: Shutdown completed (org.apache.kafka.server.quota.ClientQuotaManager$ThrottledChannelReaper)
kafka_compose                   | [2026-09-25 22:21:07,721] INFO [controller-1-ThrottledChannelReaper-Produce]: Shutting down (org.apache.kafka.server.quota.ClientQuotaManager$ThrottledChannelReaper)
kafka_compose                   | [2026-09-25 22:21:07,721] INFO [controller-1-ThrottledChannelReaper-Produce]: Stopped (org.apache.kafka.server.quota.ClientQuotaManager$ThrottledChannelReaper)
kafka_compose                   | [2026-09-25 22:21:07,721] INFO [controller-1-ThrottledChannelReaper-Produce]: Shutdown completed (org.apache.kafka.server.quota.ClientQuotaManager$ThrottledChannelReaper)
kafka_compose                   | [2026-09-25 22:21:07,722] INFO [controller-1-ThrottledChannelReaper-Request]: Shutting down (org.apache.kafka.server.quota.ClientQuotaManager$ThrottledChannelReaper)
kafka_compose                   | [2026-09-25 22:21:07,723] INFO [controller-1-ThrottledChannelReaper-Request]: Stopped (org.apache.kafka.server.quota.ClientQuotaManager$ThrottledChannelReaper)
kafka_compose                   | [2026-09-25 22:21:07,723] INFO [controller-1-ThrottledChannelReaper-Request]: Shutdown completed (org.apache.kafka.server.quota.ClientQuotaManager$ThrottledChannelReaper)
kafka_compose                   | [2026-09-25 22:21:07,723] INFO [controller-1-ThrottledChannelReaper-ControllerMutation]: Shutting down (org.apache.kafka.server.quota.ClientQuotaManager$ThrottledChannelReaper)
kafka_compose                   | [2026-09-25 22:21:07,724] INFO [controller-1-ThrottledChannelReaper-ControllerMutation]: Stopped (org.apache.kafka.server.quota.ClientQuotaManager$ThrottledChannelReaper)
kafka_compose                   | [2026-09-25 22:21:07,724] INFO [controller-1-ThrottledChannelReaper-ControllerMutation]: Shutdown completed (org.apache.kafka.server.quota.ClientQuotaManager$ThrottledChannelReaper)
kafka_compose                   | [2026-09-25 22:21:07,724] INFO [QuorumController id=1] closed event queue. (org.apache.kafka.queue.KafkaEventQueue)
kafka_compose                   | [2026-09-25 22:21:07,729] INFO [SharedServer id=1] Stopping SharedServer (kafka.server.SharedServer)
kafka_compose                   | [2026-09-25 22:21:07,730] INFO [MetadataLoader id=1] beginShutdown: shutting down event queue. (org.apache.kafka.queue.KafkaEventQueue)
kafka_compose                   | [2026-09-25 22:21:07,730] INFO [SnapshotGenerator id=1] close: shutting down event queue. (org.apache.kafka.queue.KafkaEventQueue)
kafka_compose                   | [2026-09-25 22:21:07,731] INFO [SnapshotGenerator id=1] closed event queue. (org.apache.kafka.queue.KafkaEventQueue)
kafka_compose                   | [2026-09-25 22:21:07,732] INFO [MetadataLoader id=1] closed event queue. (org.apache.kafka.queue.KafkaEventQueue)
kafka_compose                   | [2026-09-25 22:21:07,736] INFO [SnapshotGenerator id=1] closed event queue. (org.apache.kafka.queue.KafkaEventQueue)
kafka_compose                   | [2026-09-25 22:21:07,738] INFO Metrics scheduler closed (org.apache.kafka.common.metrics.Metrics)
kafka_compose                   | [2026-09-25 22:21:07,738] INFO Closing reporter org.apache.kafka.common.metrics.JmxReporter (org.apache.kafka.common.metrics.Metrics)
kafka_compose                   | [2026-09-25 22:21:07,739] INFO Metrics reporters closed (org.apache.kafka.common.metrics.Metrics)
kafka_compose                   | [2026-09-25 22:21:07,740] INFO App info kafka.server for 1 unregistered (org.apache.kafka.common.utils.AppInfoParser)
kafka_compose                   | [2026-09-25 22:21:07,741] INFO App info kafka.server for 1 unregistered (org.apache.kafka.common.utils.AppInfoParser)
[Kkafka_compose exited with code 143
